{"anchors":{"A1_farfield_BW_1k_deg":29.269033014791471,"A3_peak_SLL_dB":-20.000000378250256,"A2_paired_vs_16elem_max_abs_diff":0},"freqs":[500,1000,2000,4000,6000],"focals":[2,3,5,8,12],"per_cell":{"f500":{"F2":{"focal_gain_dB":0.074574408442795281,"axial_zone_depth_m":0.40235054199904335,"lateral_width_m":2.1200963317721868},"F3":{"focal_gain_dB":0.033613661716046295,"axial_zone_depth_m":0.48467663354657531,"lateral_width_m":3.1586939754444812},"F5":{"focal_gain_dB":0.01218955948092848,"axial_zone_depth_m":0.64137631667983164,"lateral_width_m":5.2460674952745965},"F8":{"focal_gain_dB":0.0047735474071295414,"axial_zone_depth_m":0.897253296839668,"lateral_width_m":8.38357460764404},"F12":{"focal_gain_dB":0.00212348340649271,"axial_zone_depth_m":1.265003493153448,"lateral_width_m":12.569943240925168}},"f1000":{"F2":{"focal_gain_dB":0.29905943922068534,"axial_zone_depth_m":0.8373530906368718,"lateral_width_m":1.0375913060967834},"F3":{"focal_gain_dB":0.13461415089803452,"axial_zone_depth_m":0.90333233267565038,"lateral_width_m":1.5433003674443544},"F5":{"focal_gain_dB":0.048779527738354034,"axial_zone_depth_m":0.93473899545232131,"lateral_width_m":2.5608902922251113},"F8":{"focal_gain_dB":0.0190974709978029,"axial_zone_depth_m":1.0786466019056964,"lateral_width_m":4.0912118426052055},"F12":{"focal_gain_dB":0.0084945841168178049,"axial_zone_depth_m":1.3829059983883503,"lateral_width_m":6.1334938113482691}},"f2000":{"F2":{"focal_gain_dB":1.2071956445152,"axial_zone_depth_m":0.97230688007944344,"lateral_width_m":0.51512490010628065},"F3":{"focal_gain_dB":0.540912235595842,"axial_zone_depth_m":1.1385712697061015,"lateral_width_m":0.76575840808034745},"F5":{"focal_gain_dB":0.19545452140217989,"axial_zone_depth_m":2.1061571472921838,"lateral_width_m":1.2702860661812156},"F8":{"focal_gain_dB":0.0764421394902648,"axial_zone_depth_m":2.1317320899854995,"lateral_width_m":2.0291625357113192},"F12":{"focal_gain_dB":0.033988722859753295,"axial_zone_depth_m":1.9874242706012586,"lateral_width_m":3.0419805405098659}},"f4000":{"F2":{"focal_gain_dB":4.8453660107992862,"axial_zone_depth_m":0.508568229705934,"lateral_width_m":0.25708010436007134},"F3":{"focal_gain_dB":2.1942768032427296,"axial_zone_depth_m":0.49739233958216444,"lateral_width_m":0.38210469185783558},"F5":{"focal_gain_dB":0.78689347171308377,"axial_zone_depth_m":2.2881527672637727,"lateral_width_m":0.63380722111979682},"F8":{"focal_gain_dB":0.30658806016280593,"axial_zone_depth_m":2.4085567623849471,"lateral_width_m":1.0124189383845379},"F12":{"focal_gain_dB":0.1361196689214168,"axial_zone_depth_m":4.610647375546745,"lateral_width_m":1.5177333547781318}},"f6000":{"F2":{"focal_gain_dB":8.0914321888539682,"axial_zone_depth_m":0.32616817949366766,"lateral_width_m":0.17132651048590725},"F3":{"focal_gain_dB":4.9184387650423442,"axial_zone_depth_m":0.083188012907812414,"lateral_width_m":0.25463976363724183},"F5":{"focal_gain_dB":1.7863280744294734,"axial_zone_depth_m":0.2030222496757188,"lateral_width_m":0.42237135194007719},"F8":{"focal_gain_dB":0.69274819675286281,"axial_zone_depth_m":3.4485101779605882,"lateral_width_m":0.67467593306085683},"F12":{"focal_gain_dB":0.30687536084654354,"axial_zone_depth_m":3.3898708938225894,"lateral_width_m":1.0114155887039087}}},"cross_zone":{"p3_8":{"f500":{"isolation_z1_on_minus_off_dB":8.5089209346647259,"isolation_z2_on_minus_off_dB":-8.4827586386031424,"geometric_spreading_dB":8.5193746454456214,"focusing_excess_z1_dB":-0.01045371078089552,"focusing_excess_z2_dB":0.03661600684247901,"focus_z1_meas_z1_dB":-9.35175414351282,"focus_z1_meas_z2_dB":-17.860675078177547,"focus_z2_meas_z1_dB":-9.3648198656988075,"focus_z2_meas_z2_dB":-17.84757850430195},"f1000":{"isolation_z1_on_minus_off_dB":8.5482355758809732,"isolation_z2_on_minus_off_dB":-8.4435370799520637,"geometric_spreading_dB":8.5193746454456214,"focusing_excess_z1_dB":0.028860930435351762,"focusing_excess_z2_dB":0.07583756549355769,"focus_z1_meas_z1_dB":-9.3517541435128173,"focus_z1_meas_z2_dB":-17.89998971939379,"focus_z2_meas_z1_dB":-9.4040414243498862,"focus_z2_meas_z2_dB":-17.84757850430195},"f2000":{"isolation_z1_on_minus_off_dB":8.7058628225839136,"isolation_z2_on_minus_off_dB":-8.2862901942523131,"geometric_spreading_dB":8.5193746454456214,"focusing_excess_z1_dB":0.18648817713829224,"focusing_excess_z2_dB":0.23308445119330834,"focus_z1_meas_z1_dB":-9.3517541435128173,"focus_z1_meas_z2_dB":-18.057616966096731,"focus_z2_meas_z1_dB":-9.5612883100496369,"focus_z2_meas_z2_dB":-17.84757850430195},"f4000":{"isolation_z1_on_minus_off_dB":9.3419001035324563,"isolation_z2_on_minus_off_dB":-7.6519104499313464,"geometric_spreading_dB":8.5193746454456214,"focusing_excess_z1_dB":0.82252545808683486,"focusing_excess_z2_dB":0.867464195514275,"focus_z1_meas_z1_dB":-9.3517541435128173,"focus_z1_meas_z2_dB":-18.693654247045274,"focus_z2_meas_z1_dB":-10.195668054370607,"focus_z2_meas_z2_dB":-17.847578504301953},"f6000":{"isolation_z1_on_minus_off_dB":10.417680964240336,"isolation_z2_on_minus_off_dB":-6.5794371945230932,"geometric_spreading_dB":8.5193746454456214,"focusing_excess_z1_dB":1.8983063187947149,"focusing_excess_z2_dB":1.9399374509225282,"focus_z1_meas_z1_dB":-9.3517541435128173,"focus_z1_meas_z2_dB":-19.769435107753154,"focus_z2_meas_z1_dB":-11.268141309778857,"focus_z2_meas_z2_dB":-17.84757850430195}},"p2_5":{"f500":{"isolation_z1_on_minus_off_dB":7.9342663431739515,"isolation_z2_on_minus_off_dB":-7.8810741596595966,"geometric_spreading_dB":7.9588001734407516,"focusing_excess_z1_dB":-0.024533830266800116,"focusing_excess_z2_dB":0.077726013781155068,"focus_z1_meas_z1_dB":-5.8636189850119544,"focus_z1_meas_z2_dB":-13.797885328185906,"focus_z2_meas_z1_dB":-5.8901472033733073,"focus_z2_meas_z2_dB":-13.771221363032904},"f1000":{"isolation_z1_on_minus_off_dB":8.0143623461737334,"isolation_z2_on_minus_off_dB":-7.8013901321203285,"geometric_spreading_dB":7.9588001734407516,"focusing_excess_z1_dB":0.055562172732981807,"focusing_excess_z2_dB":0.15741004132042313,"focus_z1_meas_z1_dB":-5.8636189850119527,"focus_z1_meas_z2_dB":-13.877981331185685,"focus_z2_meas_z1_dB":-5.9698312309125754,"focus_z2_meas_z2_dB":-13.771221363032904},"f2000":{"isolation_z1_on_minus_off_dB":8.3362639394411779,"isolation_z2_on_minus_off_dB":-7.4812096352931228,"geometric_spreading_dB":7.9588001734407516,"focusing_excess_z1_dB":0.3774637660004263,"focusing_excess_z2_dB":0.47759053814762886,"focus_z1_meas_z1_dB":-5.8636189850119544,"focus_z1_meas_z2_dB":-14.199882924453131,"focus_z2_meas_z1_dB":-6.2900117277397811,"focus_z2_meas_z2_dB":-13.771221363032904},"f4000":{"isolation_z1_on_minus_off_dB":9.6444669052376319,"isolation_z2_on_minus_off_dB":-6.1812025517412437,"geometric_spreading_dB":7.9588001734407516,"focusing_excess_z1_dB":1.6856667317968803,"focusing_excess_z2_dB":1.777597621699508,"focus_z1_meas_z1_dB":-5.8636189850119527,"focus_z1_meas_z2_dB":-15.508085890249586,"focus_z2_meas_z1_dB":-7.59001881129166,"focus_z2_meas_z2_dB":-13.771221363032904},"f6000":{"isolation_z1_on_minus_off_dB":11.846788570687345,"isolation_z2_on_minus_off_dB":-3.9981899808124677,"geometric_spreading_dB":7.9588001734407516,"focusing_excess_z1_dB":3.887988397246593,"focusing_excess_z2_dB":3.960610192628284,"focus_z1_meas_z1_dB":-5.8636189850119544,"focus_z1_meas_z2_dB":-17.710407555699298,"focus_z2_meas_z1_dB":-9.773031382220438,"focus_z2_meas_z2_dB":-13.771221363032906}}}}