design,error_model,strategy,band_fc_hz,median_db,p10_db,yield_ge30_pct,joint3_yield_pct_1k2k4k,joint7_yield_pct_DEC1_1k-4k,meanpower_att_per_side_db,seed,arrays
Dolph-20,U-flat,asbuilt,1000,21.87,20.47,0.0,0.0,0.0,22.41,20261926,1000
Dolph-20,U-flat,asbuilt,1250,21.42,19.88,0.0,0.0,0.0,21.95,20261926,1000
Dolph-20,U-flat,asbuilt,1600,22.36,20.88,0.0,0.0,0.0,22.78,20261926,1000
Dolph-20,U-flat,asbuilt,2000,22.45,21.24,0.0,0.0,0.0,22.84,20261926,1000
Dolph-20,U-flat,asbuilt,2500,23.21,21.92,0.0,0.0,0.0,23.57,20261926,1000
Dolph-20,U-flat,asbuilt,3150,22.34,21.22,0.0,0.0,0.0,22.33,20261926,1000
Dolph-20,U-flat,asbuilt,4000,22.33,21.49,0.0,0.0,0.0,22.62,20261926,1000
Dolph-35,U-flat,asbuilt,1000,30.45,27.01,57.2,23.4,6.0,31.36,20261926,1000
Dolph-35,U-flat,asbuilt,1250,30.85,27.70,63.2,23.4,6.0,31.68,20261926,1000
Dolph-35,U-flat,asbuilt,1600,30.75,27.76,61.5,23.4,6.0,31.53,20261926,1000
Dolph-35,U-flat,asbuilt,2000,30.68,27.58,61.0,23.4,6.0,31.36,20261926,1000
Dolph-35,U-flat,asbuilt,2500,30.86,27.67,63.5,23.4,6.0,31.59,20261926,1000
Dolph-35,U-flat,asbuilt,3150,31.49,28.39,72.4,23.4,6.0,31.36,20261926,1000
Dolph-35,U-flat,asbuilt,4000,30.46,27.96,59.2,23.4,6.0,31.22,20261926,1000
D20q,U-flat,asbuilt,1000,21.87,20.47,0.0,0.0,0.0,22.41,20261926,1000
D20q,U-flat,asbuilt,1250,21.42,19.88,0.0,0.0,0.0,21.95,20261926,1000
D20q,U-flat,asbuilt,1600,22.36,20.89,0.0,0.0,0.0,22.78,20261926,1000
D20q,U-flat,asbuilt,2000,22.45,21.24,0.0,0.0,0.0,22.84,20261926,1000
D20q,U-flat,asbuilt,2500,23.21,21.92,0.0,0.0,0.0,23.57,20261926,1000
D20q,U-flat,asbuilt,3150,22.34,21.22,0.0,0.0,0.0,22.33,20261926,1000
D20q,U-flat,asbuilt,4000,22.33,21.49,0.0,0.0,0.0,22.62,20261926,1000
D35q,U-flat,asbuilt,1000,30.45,27.01,57.2,23.4,6.0,31.36,20261926,1000
D35q,U-flat,asbuilt,1250,30.85,27.70,63.2,23.4,6.0,31.68,20261926,1000
D35q,U-flat,asbuilt,1600,30.75,27.76,61.5,23.4,6.0,31.53,20261926,1000
D35q,U-flat,asbuilt,2000,30.68,27.58,61.0,23.4,6.0,31.36,20261926,1000
D35q,U-flat,asbuilt,2500,30.86,27.67,63.5,23.4,6.0,31.59,20261926,1000
D35q,U-flat,asbuilt,3150,31.49,28.39,72.4,23.4,6.0,31.36,20261926,1000
D35q,U-flat,asbuilt,4000,30.46,27.96,59.2,23.4,6.0,31.22,20261926,1000
RS-Aq,U-flat,asbuilt,1000,31.16,27.83,68.6,33.7,13.6,32.07,20261926,1000
RS-Aq,U-flat,asbuilt,1250,31.35,27.95,67.4,33.7,13.6,32.13,20261926,1000
RS-Aq,U-flat,asbuilt,1600,31.20,27.90,65.9,33.7,13.6,32.05,20261926,1000
RS-Aq,U-flat,asbuilt,2000,31.37,27.74,66.8,33.7,13.6,32.01,20261926,1000
RS-Aq,U-flat,asbuilt,2500,31.33,27.88,66.9,33.7,13.6,32.10,20261926,1000
RS-Aq,U-flat,asbuilt,3150,32.44,28.77,78.7,33.7,13.6,32.12,20261926,1000
RS-Aq,U-flat,asbuilt,4000,31.00,28.20,66.4,33.7,13.6,31.88,20261926,1000
RS-Bq,U-flat,asbuilt,1000,30.68,27.28,60.7,30.6,10.4,31.53,20261926,1000
RS-Bq,U-flat,asbuilt,1250,31.09,27.95,65.8,30.6,10.4,31.86,20261926,1000
RS-Bq,U-flat,asbuilt,1600,31.04,28.00,63.8,30.6,10.4,31.80,20261926,1000
RS-Bq,U-flat,asbuilt,2000,31.13,27.86,65.0,30.6,10.4,31.79,20261926,1000
RS-Bq,U-flat,asbuilt,2500,31.23,28.00,66.9,30.6,10.4,32.01,20261926,1000
RS-Bq,U-flat,asbuilt,3150,32.19,28.74,77.8,30.6,10.4,31.93,20261926,1000
RS-Bq,U-flat,asbuilt,4000,30.84,28.30,65.2,30.6,10.4,31.69,20261926,1000
X2-LR4-600-e3m30,U-flat,asbuilt,1000,30.11,26.72,51.3,26.0,7.7,31.06,20261926,1000
X2-LR4-600-e3m30,U-flat,asbuilt,1250,31.13,28.00,66.3,26.0,7.7,31.94,20261926,1000
X2-LR4-600-e3m30,U-flat,asbuilt,1600,31.08,27.98,64.1,26.0,7.7,31.88,20261926,1000
X2-LR4-600-e3m30,U-flat,asbuilt,2000,31.15,27.83,65.6,26.0,7.7,31.81,20261926,1000
X2-LR4-600-e3m30,U-flat,asbuilt,2500,31.19,27.95,66.4,26.0,7.7,31.99,20261926,1000
X2-LR4-600-e3m30,U-flat,asbuilt,3150,32.16,28.71,77.2,26.0,7.7,31.90,20261926,1000
X2-LR4-600-e3m30,U-flat,asbuilt,4000,30.87,28.28,65.2,26.0,7.7,31.72,20261926,1000
X2-LR4-700-e1m30,U-flat,asbuilt,1000,30.43,26.99,56.1,29.1,10.0,31.33,20261926,1000
X2-LR4-700-e1m30,U-flat,asbuilt,1250,31.32,28.07,68.6,29.1,10.0,32.19,20261926,1000
X2-LR4-700-e1m30,U-flat,asbuilt,1600,31.29,28.05,67.2,29.1,10.0,32.12,20261926,1000
X2-LR4-700-e1m30,U-flat,asbuilt,2000,31.35,27.85,67.1,29.1,10.0,32.03,20261926,1000
X2-LR4-700-e1m30,U-flat,asbuilt,2500,31.36,27.97,67.2,29.1,10.0,32.12,20261926,1000
X2-LR4-700-e1m30,U-flat,asbuilt,3150,32.44,28.78,78.8,29.1,10.0,32.12,20261926,1000
X2-LR4-700-e1m30,U-flat,asbuilt,4000,31.00,28.26,67.4,29.1,10.0,31.93,20261926,1000
X2-LR4-700-e3m30,U-flat,asbuilt,1000,29.84,26.48,48.3,25.5,7.5,30.77,20261926,1000
X2-LR4-700-e3m30,U-flat,asbuilt,1250,31.13,27.90,67.6,25.5,7.5,32.01,20261926,1000
X2-LR4-700-e3m30,U-flat,asbuilt,1600,31.19,27.96,65.3,25.5,7.5,32.00,20261926,1000
X2-LR4-700-e3m30,U-flat,asbuilt,2000,31.24,27.81,66.3,25.5,7.5,31.92,20261926,1000
X2-LR4-700-e3m30,U-flat,asbuilt,2500,31.23,27.98,66.3,25.5,7.5,32.05,20261926,1000
X2-LR4-700-e3m30,U-flat,asbuilt,3150,32.32,28.73,78.4,25.5,7.5,32.01,20261926,1000
X2-LR4-700-e3m30,U-flat,asbuilt,4000,30.96,28.28,66.1,25.5,7.5,31.83,20261926,1000
X2-LR4-800-e0.1m35,U-flat,asbuilt,1000,31.38,27.79,69.4,36.4,14.6,32.23,20261926,1000
X2-LR4-800-e0.1m35,U-flat,asbuilt,1250,31.63,28.20,70.5,36.4,14.6,32.54,20261926,1000
X2-LR4-800-e0.1m35,U-flat,asbuilt,1600,31.57,28.05,69.3,36.4,14.6,32.38,20261926,1000
X2-LR4-800-e0.1m35,U-flat,asbuilt,2000,31.50,27.87,68.7,36.4,14.6,32.20,20261926,1000
X2-LR4-800-e0.1m35,U-flat,asbuilt,2500,31.40,27.90,67.8,36.4,14.6,32.19,20261926,1000
X2-LR4-800-e0.1m35,U-flat,asbuilt,3150,32.53,28.82,79.8,36.4,14.6,32.24,20261926,1000
X2-LR4-800-e0.1m35,U-flat,asbuilt,4000,31.08,28.25,68.5,36.4,14.6,32.03,20261926,1000
X2-LR4-800-e1m30,U-flat,asbuilt,1000,29.90,26.60,48.6,26.1,8.5,30.78,20261926,1000
X2-LR4-800-e1m30,U-flat,asbuilt,1250,31.23,27.87,68.6,26.1,8.5,32.18,20261926,1000
X2-LR4-800-e1m30,U-flat,asbuilt,1600,31.39,28.03,67.5,26.1,8.5,32.21,20261926,1000
X2-LR4-800-e1m30,U-flat,asbuilt,2000,31.43,27.83,67.8,26.1,8.5,32.08,20261926,1000
X2-LR4-800-e1m30,U-flat,asbuilt,2500,31.36,27.94,67.3,26.1,8.5,32.13,20261926,1000
X2-LR4-800-e1m30,U-flat,asbuilt,3150,32.47,28.81,78.7,26.1,8.5,32.16,20261926,1000
X2-LR4-800-e1m30,U-flat,asbuilt,4000,31.02,28.22,67.4,26.1,8.5,31.97,20261926,1000
X2-LR4-800-e3m30,U-flat,asbuilt,1000,29.33,26.15,40.9,21.7,6.6,30.21,20261926,1000
X2-LR4-800-e3m30,U-flat,asbuilt,1250,31.07,27.75,66.0,21.7,6.6,31.98,20261926,1000
X2-LR4-800-e3m30,U-flat,asbuilt,1600,31.29,27.98,66.6,21.7,6.6,32.10,20261926,1000
X2-LR4-800-e3m30,U-flat,asbuilt,2000,31.31,27.77,67.2,21.7,6.6,32.00,20261926,1000
X2-LR4-800-e3m30,U-flat,asbuilt,2500,31.32,27.92,66.4,21.7,6.6,32.09,20261926,1000
X2-LR4-800-e3m30,U-flat,asbuilt,3150,32.42,28.74,78.6,21.7,6.6,32.09,20261926,1000
X2-LR4-800-e3m30,U-flat,asbuilt,4000,30.99,28.22,67.0,21.7,6.6,31.92,20261926,1000
X3-LR4-700/1600-e0.1m35,U-flat,asbuilt,1000,31.69,28.33,74.0,49.0,21.3,32.56,20261926,1000
X3-LR4-700/1600-e0.1m35,U-flat,asbuilt,1250,31.75,28.25,73.2,49.0,21.3,32.66,20261926,1000
X3-LR4-700/1600-e0.1m35,U-flat,asbuilt,1600,31.99,28.51,75.8,49.0,21.3,32.78,20261926,1000
X3-LR4-700/1600-e0.1m35,U-flat,asbuilt,2000,32.09,28.69,77.0,49.0,21.3,32.85,20261926,1000
X3-LR4-700/1600-e0.1m35,U-flat,asbuilt,2500,32.07,28.99,79.3,49.0,21.3,32.85,20261926,1000
X3-LR4-700/1600-e0.1m35,U-flat,asbuilt,3150,33.01,29.85,88.7,49.0,21.3,32.92,20261926,1000
X3-LR4-700/1600-e0.1m35,U-flat,asbuilt,4000,31.70,29.40,83.0,49.0,21.3,32.58,20261926,1000
X3-LR4-700/2000-e1m30,U-flat,asbuilt,1000,30.53,27.19,59.0,30.2,7.1,31.37,20261926,1000
X3-LR4-700/2000-e1m30,U-flat,asbuilt,1250,31.15,27.34,63.0,30.2,7.1,31.85,20261926,1000
X3-LR4-700/2000-e1m30,U-flat,asbuilt,1600,31.29,27.77,67.2,30.2,7.1,32.06,20261926,1000
X3-LR4-700/2000-e1m30,U-flat,asbuilt,2000,31.26,27.80,67.7,30.2,7.1,31.99,20261926,1000
X3-LR4-700/2000-e1m30,U-flat,asbuilt,2500,31.14,28.01,65.9,30.2,7.1,31.87,20261926,1000
X3-LR4-700/2000-e1m30,U-flat,asbuilt,3150,32.41,28.93,79.6,30.2,7.1,32.22,20261926,1000
X3-LR4-700/2000-e1m30,U-flat,asbuilt,4000,31.12,28.54,68.7,30.2,7.1,32.10,20261926,1000
X3-LR4-700/2000-e3m30,U-flat,asbuilt,1000,29.98,26.80,49.7,22.1,3.1,30.81,20261926,1000
X3-LR4-700/2000-e3m30,U-flat,asbuilt,1250,30.68,26.89,57.7,22.1,3.1,31.38,20261926,1000
X3-LR4-700/2000-e3m30,U-flat,asbuilt,1600,30.93,27.34,62.6,22.1,3.1,31.64,20261926,1000
X3-LR4-700/2000-e3m30,U-flat,asbuilt,2000,30.73,27.41,60.7,22.1,3.1,31.47,20261926,1000
X3-LR4-700/2000-e3m30,U-flat,asbuilt,2500,30.50,27.44,56.8,22.1,3.1,31.21,20261926,1000
X3-LR4-700/2000-e3m30,U-flat,asbuilt,3150,31.97,28.39,73.6,22.1,3.1,31.74,20261926,1000
X3-LR4-700/2000-e3m30,U-flat,asbuilt,4000,30.84,27.95,64.2,22.1,3.1,31.75,20261926,1000
X2-LR8-600-e3m30,U-flat,asbuilt,1000,30.18,26.87,53.0,25.5,7.8,31.15,20261926,1000
X2-LR8-600-e3m30,U-flat,asbuilt,1250,31.06,27.88,64.9,25.5,7.8,31.77,20261926,1000
X2-LR8-600-e3m30,U-flat,asbuilt,1600,30.90,27.97,63.1,25.5,7.8,31.71,20261926,1000
X2-LR8-600-e3m30,U-flat,asbuilt,2000,31.00,27.83,64.6,25.5,7.8,31.66,20261926,1000
X2-LR8-600-e3m30,U-flat,asbuilt,2500,31.11,27.90,66.2,25.5,7.8,31.89,20261926,1000
X2-LR8-600-e3m30,U-flat,asbuilt,3150,31.95,28.64,76.2,25.5,7.8,31.74,20261926,1000
X2-LR8-600-e3m30,U-flat,asbuilt,4000,30.71,28.23,63.3,25.5,7.8,31.54,20261926,1000
X2-LR8-700-e1m30,U-flat,asbuilt,1000,30.65,27.20,60.5,31.0,10.5,31.57,20261926,1000
X2-LR8-700-e1m30,U-flat,asbuilt,1250,31.21,28.06,67.3,31.0,10.5,32.01,20261926,1000
X2-LR8-700-e1m30,U-flat,asbuilt,1600,31.12,27.99,64.9,31.0,10.5,31.91,20261926,1000
X2-LR8-700-e1m30,U-flat,asbuilt,2000,31.22,27.86,65.9,31.0,10.5,31.87,20261926,1000
X2-LR8-700-e1m30,U-flat,asbuilt,2500,31.26,28.00,66.6,31.0,10.5,32.05,20261926,1000
X2-LR8-700-e1m30,U-flat,asbuilt,3150,32.28,28.77,78.1,31.0,10.5,32.00,20261926,1000
X2-LR8-700-e1m30,U-flat,asbuilt,4000,30.90,28.31,65.6,31.0,10.5,31.76,20261926,1000
X2-LR8-700-e3m30,U-flat,asbuilt,1000,30.10,26.73,51.2,25.3,7.6,31.07,20261926,1000
X2-LR8-700-e3m30,U-flat,asbuilt,1250,31.16,27.95,65.7,25.3,7.6,31.88,20261926,1000
X2-LR8-700-e3m30,U-flat,asbuilt,1600,31.02,28.00,63.7,25.3,7.6,31.79,20261926,1000
X2-LR8-700-e3m30,U-flat,asbuilt,2000,31.06,27.82,65.3,25.3,7.6,31.73,20261926,1000
X2-LR8-700-e3m30,U-flat,asbuilt,2500,31.18,27.91,66.2,25.3,7.6,31.93,20261926,1000
X2-LR8-700-e3m30,U-flat,asbuilt,3150,32.04,28.68,76.5,25.3,7.6,31.81,20261926,1000
X2-LR8-700-e3m30,U-flat,asbuilt,4000,30.78,28.25,64.0,25.3,7.6,31.61,20261926,1000
X2-LR8-800-e1m30,U-flat,asbuilt,1000,30.22,26.81,53.7,27.6,10.0,31.16,20261926,1000
X2-LR8-800-e1m30,U-flat,asbuilt,1250,31.37,28.15,68.9,27.6,10.0,32.21,20261926,1000
X2-LR8-800-e1m30,U-flat,asbuilt,1600,31.24,28.00,66.7,27.6,10.0,32.05,20261926,1000
X2-LR8-800-e1m30,U-flat,asbuilt,2000,31.32,27.84,66.6,27.6,10.0,31.98,20261926,1000
X2-LR8-800-e1m30,U-flat,asbuilt,2500,31.31,27.99,66.9,27.6,10.0,32.10,20261926,1000
X2-LR8-800-e1m30,U-flat,asbuilt,3150,32.41,28.77,78.8,27.6,10.0,32.08,20261926,1000
X2-LR8-800-e1m30,U-flat,asbuilt,4000,30.93,28.28,66.4,27.6,10.0,31.85,20261926,1000
X2-LR8-800-e3m30,U-flat,asbuilt,1000,29.62,26.31,45.1,23.7,7.2,30.54,20261926,1000
X2-LR8-800-e3m30,U-flat,asbuilt,1250,31.30,28.02,67.8,23.7,7.2,32.08,20261926,1000
X2-LR8-800-e3m30,U-flat,asbuilt,1600,31.16,28.02,65.3,23.7,7.2,31.95,20261926,1000
X2-LR8-800-e3m30,U-flat,asbuilt,2000,31.20,27.81,65.7,23.7,7.2,31.86,20261926,1000
X2-LR8-800-e3m30,U-flat,asbuilt,2500,31.22,27.95,66.2,23.7,7.2,32.01,20261926,1000
X2-LR8-800-e3m30,U-flat,asbuilt,3150,32.22,28.72,77.7,23.7,7.2,31.94,20261926,1000
X2-LR8-800-e3m30,U-flat,asbuilt,4000,30.87,28.27,65.5,23.7,7.2,31.74,20261926,1000
X3-LR8-700/1400-e0.1m35,U-flat,asbuilt,1000,31.69,28.36,73.1,47.1,22.0,32.53,20261926,1000
X3-LR8-700/1400-e0.1m35,U-flat,asbuilt,1250,31.81,28.37,74.0,47.1,22.0,32.69,20261926,1000
X3-LR8-700/1400-e0.1m35,U-flat,asbuilt,1600,32.12,28.69,77.2,47.1,22.0,32.88,20261926,1000
X3-LR8-700/1400-e0.1m35,U-flat,asbuilt,2000,31.99,28.70,76.6,47.1,22.0,32.80,20261926,1000
X3-LR8-700/1400-e0.1m35,U-flat,asbuilt,2500,32.02,28.87,77.5,47.1,22.0,32.77,20261926,1000
X3-LR8-700/1400-e0.1m35,U-flat,asbuilt,3150,32.96,29.67,87.2,47.1,22.0,32.82,20261926,1000
X3-LR8-700/1400-e0.1m35,U-flat,asbuilt,4000,31.65,29.28,80.4,47.1,22.0,32.57,20261926,1000
X3-LR8-700/1600-e0.1m35,U-flat,asbuilt,1000,31.61,28.32,73.5,48.2,22.7,32.56,20261926,1000
X3-LR8-700/1600-e0.1m35,U-flat,asbuilt,1250,31.81,28.22,73.4,48.2,22.7,32.64,20261926,1000
X3-LR8-700/1600-e0.1m35,U-flat,asbuilt,1600,32.00,28.55,76.3,48.2,22.7,32.78,20261926,1000
X3-LR8-700/1600-e0.1m35,U-flat,asbuilt,2000,32.07,28.73,77.3,48.2,22.7,32.88,20261926,1000
X3-LR8-700/1600-e0.1m35,U-flat,asbuilt,2500,32.11,28.99,79.2,48.2,22.7,32.86,20261926,1000
X3-LR8-700/1600-e0.1m35,U-flat,asbuilt,3150,32.99,29.84,88.5,48.2,22.7,32.90,20261926,1000
X3-LR8-700/1600-e0.1m35,U-flat,asbuilt,4000,31.68,29.35,81.9,48.2,22.7,32.59,20261926,1000
X3-LR8-700/2000-e1m30,U-flat,asbuilt,1000,30.62,27.16,59.2,32.4,8.2,31.48,20261926,1000
X3-LR8-700/2000-e1m30,U-flat,asbuilt,1250,31.24,27.49,63.9,32.4,8.2,31.91,20261926,1000
X3-LR8-700/2000-e1m30,U-flat,asbuilt,1600,31.27,27.86,67.3,32.4,8.2,32.00,20261926,1000
X3-LR8-700/2000-e1m30,U-flat,asbuilt,2000,31.09,27.91,67.3,32.4,8.2,31.81,20261926,1000
X3-LR8-700/2000-e1m30,U-flat,asbuilt,2500,31.24,28.22,69.9,32.4,8.2,32.03,20261926,1000
X3-LR8-700/2000-e1m30,U-flat,asbuilt,3150,32.72,29.50,86.2,32.4,8.2,32.68,20261926,1000
X3-LR8-700/2000-e1m30,U-flat,asbuilt,4000,31.50,29.12,77.3,32.4,8.2,32.40,20261926,1000
X3-LR8-800/1600-e0.1m35,U-flat,asbuilt,1000,31.39,28.08,69.6,45.2,20.6,32.21,20261926,1000
X3-LR8-800/1600-e0.1m35,U-flat,asbuilt,1250,31.79,28.32,72.3,45.2,20.6,32.62,20261926,1000
X3-LR8-800/1600-e0.1m35,U-flat,asbuilt,1600,32.04,28.56,76.0,45.2,20.6,32.81,20261926,1000
X3-LR8-800/1600-e0.1m35,U-flat,asbuilt,2000,32.09,28.77,77.7,45.2,20.6,32.87,20261926,1000
X3-LR8-800/1600-e0.1m35,U-flat,asbuilt,2500,32.12,28.99,78.8,45.2,20.6,32.85,20261926,1000
X3-LR8-800/1600-e0.1m35,U-flat,asbuilt,3150,32.98,29.82,88.2,45.2,20.6,32.89,20261926,1000
X3-LR8-800/1600-e0.1m35,U-flat,asbuilt,4000,31.73,29.37,81.4,45.2,20.6,32.60,20261926,1000
X3-LR4-700/1600-e0.1m35+5k,U-flat,asbuilt,1000,31.55,28.16,71.9,37.1,15.4,32.53,20261926,1000
X3-LR4-700/1600-e0.1m35+5k,U-flat,asbuilt,1250,31.66,28.14,71.4,37.1,15.4,32.54,20261926,1000
X3-LR4-700/1600-e0.1m35+5k,U-flat,asbuilt,1600,31.61,28.09,68.8,37.1,15.4,32.42,20261926,1000
X3-LR4-700/1600-e0.1m35+5k,U-flat,asbuilt,2000,31.48,27.90,69.3,37.1,15.4,32.25,20261926,1000
X3-LR4-700/1600-e0.1m35+5k,U-flat,asbuilt,2500,31.41,28.03,68.2,37.1,15.4,32.18,20261926,1000
X3-LR4-700/1600-e0.1m35+5k,U-flat,asbuilt,3150,32.56,28.87,79.9,37.1,15.4,32.25,20261926,1000
X3-LR4-700/1600-e0.1m35+5k,U-flat,asbuilt,4000,31.06,28.26,67.3,37.1,15.4,31.98,20261926,1000
DDC-BW30,U-flat,asbuilt,1000,27.51,24.16,24.1,0.0,0.0,28.46,20261926,1000
DDC-BW30,U-flat,asbuilt,1250,26.98,23.67,20.3,0.0,0.0,27.93,20261926,1000
DDC-BW30,U-flat,asbuilt,1600,26.31,22.84,16.7,0.0,0.0,27.23,20261926,1000
DDC-BW30,U-flat,asbuilt,2000,25.57,22.24,12.8,0.0,0.0,26.61,20261926,1000
DDC-BW30,U-flat,asbuilt,2500,24.32,21.12,6.5,0.0,0.0,25.49,20261926,1000
DDC-BW30,U-flat,asbuilt,3150,24.32,20.97,2.4,0.0,0.0,24.74,20261926,1000
DDC-BW30,U-flat,asbuilt,4000,7.98,7.39,0.0,0.0,0.0,8.43,20261926,1000
Legendre-only,U-flat,asbuilt,1000,30.29,27.44,55.4,29.9,9.0,30.93,20261926,1000
Legendre-only,U-flat,asbuilt,1250,30.24,26.74,53.2,29.9,9.0,30.93,20261926,1000
Legendre-only,U-flat,asbuilt,1600,31.10,27.61,64.1,29.9,9.0,31.94,20261926,1000
Legendre-only,U-flat,asbuilt,2000,31.55,27.90,69.0,29.9,9.0,32.27,20261926,1000
Legendre-only,U-flat,asbuilt,2500,31.50,28.15,69.6,29.9,9.0,32.36,20261926,1000
Legendre-only,U-flat,asbuilt,3150,32.73,29.07,82.7,29.9,9.0,32.46,20261926,1000
Legendre-only,U-flat,asbuilt,4000,31.20,28.55,69.8,29.9,9.0,32.17,20261926,1000
CBT-arc20,U-flat,asbuilt,1000,29.02,26.19,33.9,10.9,2.6,29.85,20261926,1000
CBT-arc20,U-flat,asbuilt,1250,29.70,26.22,46.4,10.9,2.6,30.35,20261926,1000
CBT-arc20,U-flat,asbuilt,1600,30.75,27.26,59.8,10.9,2.6,31.52,20261926,1000
CBT-arc20,U-flat,asbuilt,2000,31.09,27.57,63.5,10.9,2.6,31.83,20261926,1000
CBT-arc20,U-flat,asbuilt,2500,30.88,27.56,61.9,10.9,2.6,31.71,20261926,1000
CBT-arc20,U-flat,asbuilt,3150,31.87,28.17,73.0,10.9,2.6,31.56,20261926,1000
CBT-arc20,U-flat,asbuilt,4000,29.45,26.97,39.8,10.9,2.6,30.33,20261926,1000
CBT-arc20-int,U-flat,asbuilt,1000,29.30,26.41,37.6,0.0,0.0,30.08,20261926,1000
CBT-arc20-int,U-flat,asbuilt,1250,29.89,26.49,48.5,0.0,0.0,30.52,20261926,1000
CBT-arc20-int,U-flat,asbuilt,1600,29.39,26.30,40.3,0.0,0.0,30.42,20261926,1000
CBT-arc20-int,U-flat,asbuilt,2000,29.28,26.13,39.2,0.0,0.0,30.32,20261926,1000
CBT-arc20-int,U-flat,asbuilt,2500,25.23,22.76,2.0,0.0,0.0,26.31,20261926,1000
CBT-arc20-int,U-flat,asbuilt,3150,27.26,25.01,8.2,0.0,0.0,27.52,20261926,1000
CBT-arc20-int,U-flat,asbuilt,4000,22.90,21.09,0.0,0.0,0.0,23.83,20261926,1000
CBT-arc30,U-flat,asbuilt,1000,27.58,25.05,15.7,0.5,0.0,28.56,20261926,1000
CBT-arc30,U-flat,asbuilt,1250,28.79,25.63,33.6,0.5,0.0,29.57,20261926,1000
CBT-arc30,U-flat,asbuilt,1600,30.04,26.70,50.9,0.5,0.0,30.94,20261926,1000
CBT-arc30,U-flat,asbuilt,2000,30.43,27.04,55.8,0.5,0.0,31.24,20261926,1000
CBT-arc30,U-flat,asbuilt,2500,30.06,26.81,51.6,0.5,0.0,30.97,20261926,1000
CBT-arc30,U-flat,asbuilt,3150,30.80,27.20,59.0,0.5,0.0,30.49,20261926,1000
CBT-arc30,U-flat,asbuilt,4000,27.00,24.76,5.8,0.5,0.0,27.77,20261926,1000
Dolph-20,U-flat,amp,1000,21.93,21.09,0.0,0.0,0.0,22.47,20261927,1000
Dolph-20,U-flat,amp,1250,21.48,20.73,0.0,0.0,0.0,22.03,20261927,1000
Dolph-20,U-flat,amp,1600,22.40,21.66,0.0,0.0,0.0,22.87,20261927,1000
Dolph-20,U-flat,amp,2000,22.55,21.93,0.0,0.0,0.0,22.96,20261927,1000
Dolph-20,U-flat,amp,2500,23.32,22.68,0.0,0.0,0.0,23.73,20261927,1000
Dolph-20,U-flat,amp,3150,22.44,22.07,0.0,0.0,0.0,22.42,20261927,1000
Dolph-20,U-flat,amp,4000,22.46,22.03,0.0,0.0,0.0,22.74,20261927,1000
Dolph-35,U-flat,amp,1000,31.17,28.24,68.9,48.1,23.0,32.35,20261927,1000
Dolph-35,U-flat,amp,1250,31.95,28.80,77.2,48.1,23.0,32.82,20261927,1000
Dolph-35,U-flat,amp,1600,32.08,28.83,80.0,48.1,23.0,32.73,20261927,1000
Dolph-35,U-flat,amp,2000,32.01,29.04,79.9,48.1,23.0,32.61,20261927,1000
Dolph-35,U-flat,amp,2500,32.45,29.34,82.8,48.1,23.0,32.96,20261927,1000
Dolph-35,U-flat,amp,3150,32.20,28.64,79.8,48.1,23.0,31.83,20261927,1000
Dolph-35,U-flat,amp,4000,31.82,29.52,84.5,48.1,23.0,32.44,20261927,1000
D20q,U-flat,amp,1000,21.93,21.09,0.0,0.0,0.0,22.47,20261927,1000
D20q,U-flat,amp,1250,21.48,20.73,0.0,0.0,0.0,22.03,20261927,1000
D20q,U-flat,amp,1600,22.40,21.66,0.0,0.0,0.0,22.87,20261927,1000
D20q,U-flat,amp,2000,22.55,21.93,0.0,0.0,0.0,22.96,20261927,1000
D20q,U-flat,amp,2500,23.32,22.68,0.0,0.0,0.0,23.73,20261927,1000
D20q,U-flat,amp,3150,22.44,22.07,0.0,0.0,0.0,22.42,20261927,1000
D20q,U-flat,amp,4000,22.46,22.03,0.0,0.0,0.0,22.74,20261927,1000
D35q,U-flat,amp,1000,31.17,28.24,68.9,48.1,23.0,32.35,20261927,1000
D35q,U-flat,amp,1250,31.95,28.80,77.3,48.1,23.0,32.82,20261927,1000
D35q,U-flat,amp,1600,32.08,28.83,80.0,48.1,23.0,32.73,20261927,1000
D35q,U-flat,amp,2000,32.01,29.04,79.9,48.1,23.0,32.61,20261927,1000
D35q,U-flat,amp,2500,32.45,29.34,82.8,48.1,23.0,32.96,20261927,1000
D35q,U-flat,amp,3150,32.20,28.64,79.8,48.1,23.0,31.83,20261927,1000
D35q,U-flat,amp,4000,31.82,29.52,84.5,48.1,23.0,32.44,20261927,1000
RS-Aq,U-flat,amp,1000,32.69,29.01,83.2,65.6,39.0,33.39,20261927,1000
RS-Aq,U-flat,amp,1250,32.98,28.97,81.5,65.6,39.0,33.49,20261927,1000
RS-Aq,U-flat,amp,1600,33.16,29.17,84.2,65.6,39.0,33.55,20261927,1000
RS-Aq,U-flat,amp,2000,33.09,29.39,84.9,65.6,39.0,33.59,20261927,1000
RS-Aq,U-flat,amp,2500,33.40,29.60,86.4,65.6,39.0,33.77,20261927,1000
RS-Aq,U-flat,amp,3150,33.18,28.83,83.3,65.6,39.0,32.66,20261927,1000
RS-Aq,U-flat,amp,4000,32.76,29.93,89.8,65.6,39.0,33.43,20261927,1000
RS-Bq,U-flat,amp,1000,31.52,28.49,75.1,58.4,32.8,32.58,20261927,1000
RS-Bq,U-flat,amp,1250,32.47,29.06,80.9,58.4,32.8,33.05,20261927,1000
RS-Bq,U-flat,amp,1600,32.61,29.13,83.2,58.4,32.8,33.10,20261927,1000
RS-Bq,U-flat,amp,2000,32.62,29.29,84.1,58.4,32.8,33.18,20261927,1000
RS-Bq,U-flat,amp,2500,33.10,29.67,86.6,58.4,32.8,33.55,20261927,1000
RS-Bq,U-flat,amp,3150,32.92,29.00,83.5,58.4,32.8,32.47,20261927,1000
RS-Bq,U-flat,amp,4000,32.43,29.93,89.2,58.4,32.8,33.07,20261927,1000
X2-LR4-600-e3m30,U-flat,amp,1000,30.72,27.94,62.5,47.9,26.1,31.94,20261927,1000
X2-LR4-600-e3m30,U-flat,amp,1250,32.36,29.04,80.8,47.9,26.1,33.15,20261927,1000
X2-LR4-600-e3m30,U-flat,amp,1600,32.69,29.14,83.0,47.9,26.1,33.21,20261927,1000
X2-LR4-600-e3m30,U-flat,amp,2000,32.69,29.30,84.1,47.9,26.1,33.23,20261927,1000
X2-LR4-600-e3m30,U-flat,amp,2500,33.07,29.64,86.4,47.9,26.1,33.53,20261927,1000
X2-LR4-600-e3m30,U-flat,amp,3150,32.88,28.94,83.1,47.9,26.1,32.44,20261927,1000
X2-LR4-600-e3m30,U-flat,amp,4000,32.47,29.93,89.1,47.9,26.1,33.12,20261927,1000
X2-LR4-700-e1m30,U-flat,amp,1000,31.08,28.19,68.0,52.8,30.4,32.28,20261927,1000
X2-LR4-700-e1m30,U-flat,amp,1250,32.69,29.12,81.7,52.8,30.4,33.50,20261927,1000
X2-LR4-700-e1m30,U-flat,amp,1600,33.09,29.22,84.9,52.8,30.4,33.58,20261927,1000
X2-LR4-700-e1m30,U-flat,amp,2000,33.04,29.43,85.0,52.8,30.4,33.57,20261927,1000
X2-LR4-700-e1m30,U-flat,amp,2500,33.37,29.67,87.1,52.8,30.4,33.78,20261927,1000
X2-LR4-700-e1m30,U-flat,amp,3150,33.16,28.95,83.5,52.8,30.4,32.67,20261927,1000
X2-LR4-700-e1m30,U-flat,amp,4000,32.77,30.06,90.0,52.8,30.4,33.46,20261927,1000
X2-LR4-700-e3m30,U-flat,amp,1000,30.36,27.74,56.7,43.8,24.1,31.57,20261927,1000
X2-LR4-700-e3m30,U-flat,amp,1250,32.38,29.01,80.9,43.8,24.1,33.25,20261927,1000
X2-LR4-700-e3m30,U-flat,amp,1600,32.85,29.16,84.1,43.8,24.1,33.39,20261927,1000
X2-LR4-700-e3m30,U-flat,amp,2000,32.85,29.36,84.9,43.8,24.1,33.40,20261927,1000
X2-LR4-700-e3m30,U-flat,amp,2500,33.21,29.64,86.5,43.8,24.1,33.65,20261927,1000
X2-LR4-700-e3m30,U-flat,amp,3150,33.00,28.90,83.2,43.8,24.1,32.54,20261927,1000
X2-LR4-700-e3m30,U-flat,amp,4000,32.67,29.97,89.8,43.8,24.1,33.31,20261927,1000
X2-LR4-800-e0.1m35,U-flat,amp,1000,32.38,29.08,82.7,66.0,40.3,33.43,20261927,1000
X2-LR4-800-e0.1m35,U-flat,amp,1250,33.23,29.31,84.1,66.0,40.3,33.98,20261927,1000
X2-LR4-800-e0.1m35,U-flat,amp,1600,33.56,29.41,85.4,66.0,40.3,34.01,20261927,1000
X2-LR4-800-e0.1m35,U-flat,amp,2000,33.37,29.54,85.7,66.0,40.3,33.89,20261927,1000
X2-LR4-800-e0.1m35,U-flat,amp,2500,33.60,29.62,87.9,66.0,40.3,33.95,20261927,1000
X2-LR4-800-e0.1m35,U-flat,amp,3150,33.37,28.94,83.5,66.0,40.3,32.81,20261927,1000
X2-LR4-800-e0.1m35,U-flat,amp,4000,32.93,30.01,90.0,66.0,40.3,33.68,20261927,1000
X2-LR4-800-e1m30,U-flat,amp,1000,30.41,27.78,57.6,44.6,25.1,31.57,20261927,1000
X2-LR4-800-e1m30,U-flat,amp,1250,32.55,29.04,81.7,44.6,25.1,33.49,20261927,1000
X2-LR4-800-e1m30,U-flat,amp,1600,33.25,29.25,84.8,44.6,25.1,33.73,20261927,1000
X2-LR4-800-e1m30,U-flat,amp,2000,33.17,29.46,85.5,44.6,25.1,33.70,20261927,1000
X2-LR4-800-e1m30,U-flat,amp,2500,33.43,29.62,86.9,44.6,25.1,33.83,20261927,1000
X2-LR4-800-e1m30,U-flat,amp,3150,33.22,28.86,83.4,44.6,25.1,32.71,20261927,1000
X2-LR4-800-e1m30,U-flat,amp,4000,32.88,29.98,89.9,44.6,25.1,33.57,20261927,1000
X2-LR4-800-e3m30,U-flat,amp,1000,29.68,27.32,43.1,32.5,18.1,30.88,20261927,1000
X2-LR4-800-e3m30,U-flat,amp,1250,32.16,28.88,79.6,32.5,18.1,33.21,20261927,1000
X2-LR4-800-e3m30,U-flat,amp,1600,33.01,29.18,84.1,32.5,18.1,33.56,20261927,1000
X2-LR4-800-e3m30,U-flat,amp,2000,33.01,29.40,84.9,32.5,18.1,33.57,20261927,1000
X2-LR4-800-e3m30,U-flat,amp,2500,33.35,29.61,86.5,32.5,18.1,33.74,20261927,1000
X2-LR4-800-e3m30,U-flat,amp,3150,33.12,28.85,83.2,32.5,18.1,32.63,20261927,1000
X2-LR4-800-e3m30,U-flat,amp,4000,32.80,29.96,89.9,32.5,18.1,33.47,20261927,1000
X3-LR4-700/1600-e0.1m35,U-flat,amp,1000,33.37,29.40,86.0,76.8,54.2,33.93,20261927,1000
X3-LR4-700/1600-e0.1m35,U-flat,amp,1250,33.35,29.31,85.8,76.8,54.2,34.06,20261927,1000
X3-LR4-700/1600-e0.1m35,U-flat,amp,1600,33.65,29.81,87.9,76.8,54.2,34.38,20261927,1000
X3-LR4-700/1600-e0.1m35,U-flat,amp,2000,33.92,30.27,92.5,76.8,54.2,34.53,20261927,1000
X3-LR4-700/1600-e0.1m35,U-flat,amp,2500,34.13,30.81,93.6,76.8,54.2,34.69,20261927,1000
X3-LR4-700/1600-e0.1m35,U-flat,amp,3150,34.10,30.40,92.4,76.8,54.2,33.88,20261927,1000
X3-LR4-700/1600-e0.1m35,U-flat,amp,4000,33.34,30.92,95.7,76.8,54.2,34.05,20261927,1000
X3-LR4-700/2000-e1m30,U-flat,amp,1000,31.26,28.29,72.2,56.0,28.4,32.32,20261927,1000
X3-LR4-700/2000-e1m30,U-flat,amp,1250,31.74,28.66,77.3,56.0,28.4,32.97,20261927,1000
X3-LR4-700/2000-e1m30,U-flat,amp,1600,32.51,28.99,82.0,56.0,28.4,33.46,20261927,1000
X3-LR4-700/2000-e1m30,U-flat,amp,2000,32.72,29.42,84.0,56.0,28.4,33.53,20261927,1000
X3-LR4-700/2000-e1m30,U-flat,amp,2500,32.85,29.58,85.6,56.0,28.4,33.41,20261927,1000
X3-LR4-700/2000-e1m30,U-flat,amp,3150,33.19,29.02,84.1,56.0,28.4,32.81,20261927,1000
X3-LR4-700/2000-e1m30,U-flat,amp,4000,32.90,30.17,91.5,56.0,28.4,33.65,20261927,1000
X3-LR4-700/2000-e3m30,U-flat,amp,1000,30.55,27.94,60.6,41.4,16.9,31.62,20261927,1000
X3-LR4-700/2000-e3m30,U-flat,amp,1250,31.12,28.32,69.5,41.4,16.9,32.36,20261927,1000
X3-LR4-700/2000-e3m30,U-flat,amp,1600,31.91,28.59,78.5,41.4,16.9,32.91,20261927,1000
X3-LR4-700/2000-e3m30,U-flat,amp,2000,31.97,28.97,78.2,41.4,16.9,32.88,20261927,1000
X3-LR4-700/2000-e3m30,U-flat,amp,2500,31.95,28.90,78.2,41.4,16.9,32.55,20261927,1000
X3-LR4-700/2000-e3m30,U-flat,amp,3150,32.56,28.47,79.0,41.4,16.9,32.22,20261927,1000
X3-LR4-700/2000-e3m30,U-flat,amp,4000,32.55,29.68,86.8,41.4,16.9,33.33,20261927,1000
X2-LR8-600-e3m30,U-flat,amp,1000,30.87,28.07,65.1,48.5,26.1,32.07,20261927,1000
X2-LR8-600-e3m30,U-flat,amp,1250,32.21,28.95,80.0,48.5,26.1,32.93,20261927,1000
X2-LR8-600-e3m30,U-flat,amp,1600,32.47,29.05,81.9,48.5,26.1,32.96,20261927,1000
X2-LR8-600-e3m30,U-flat,amp,2000,32.42,29.27,83.3,48.5,26.1,32.98,20261927,1000
X2-LR8-600-e3m30,U-flat,amp,2500,32.88,29.62,85.6,48.5,26.1,33.36,20261927,1000
X2-LR8-600-e3m30,U-flat,amp,3150,32.69,28.93,82.4,48.5,26.1,32.27,20261927,1000
X2-LR8-600-e3m30,U-flat,amp,4000,32.23,29.81,88.1,48.5,26.1,32.85,20261927,1000
X2-LR8-700-e1m30,U-flat,amp,1000,31.49,28.39,73.6,57.7,32.8,32.61,20261927,1000
X2-LR8-700-e1m30,U-flat,amp,1250,32.64,29.13,81.4,57.7,32.8,33.26,20261927,1000
X2-LR8-700-e1m30,U-flat,amp,1600,32.77,29.18,84.0,57.7,32.8,33.26,20261927,1000
X2-LR8-700-e1m30,U-flat,amp,2000,32.75,29.35,84.7,57.7,32.8,33.31,20261927,1000
X2-LR8-700-e1m30,U-flat,amp,2500,33.18,29.72,86.8,57.7,32.8,33.63,20261927,1000
X2-LR8-700-e1m30,U-flat,amp,3150,33.00,29.00,83.5,57.7,32.8,32.54,20261927,1000
X2-LR8-700-e1m30,U-flat,amp,4000,32.54,29.96,89.6,57.7,32.8,33.18,20261927,1000
X2-LR8-700-e3m30,U-flat,amp,1000,30.73,27.94,62.8,47.1,25.7,31.96,20261927,1000
X2-LR8-700-e3m30,U-flat,amp,1250,32.34,29.01,80.8,47.1,25.7,33.07,20261927,1000
X2-LR8-700-e3m30,U-flat,amp,1600,32.58,29.09,82.6,47.1,25.7,33.08,20261927,1000
X2-LR8-700-e3m30,U-flat,amp,2000,32.56,29.26,83.6,47.1,25.7,33.10,20261927,1000
X2-LR8-700-e3m30,U-flat,amp,2500,32.99,29.62,85.9,47.1,25.7,33.44,20261927,1000
X2-LR8-700-e3m30,U-flat,amp,3150,32.77,28.93,82.5,47.1,25.7,32.34,20261927,1000
X2-LR8-700-e3m30,U-flat,amp,4000,32.32,29.84,88.2,47.1,25.7,32.96,20261927,1000
X2-LR8-800-e1m30,U-flat,amp,1000,30.87,28.05,65.3,51.0,30.0,32.07,20261927,1000
X2-LR8-800-e1m30,U-flat,amp,1250,32.90,29.21,82.8,51.0,30.0,33.54,20261927,1000
X2-LR8-800-e1m30,U-flat,amp,1600,33.05,29.20,84.6,51.0,30.0,33.49,20261927,1000
X2-LR8-800-e1m30,U-flat,amp,2000,32.97,29.40,84.8,51.0,30.0,33.49,20261927,1000
X2-LR8-800-e1m30,U-flat,amp,2500,33.33,29.67,86.8,51.0,30.0,33.73,20261927,1000
X2-LR8-800-e1m30,U-flat,amp,3150,33.09,28.94,83.5,51.0,30.0,32.62,20261927,1000
X2-LR8-800-e1m30,U-flat,amp,4000,32.68,30.01,90.0,51.0,30.0,33.34,20261927,1000
X2-LR8-800-e3m30,U-flat,amp,1000,30.09,27.52,51.3,39.1,21.3,31.30,20261927,1000
X2-LR8-800-e3m30,U-flat,amp,1250,32.60,29.12,81.8,39.1,21.3,33.35,20261927,1000
X2-LR8-800-e3m30,U-flat,amp,1600,32.85,29.16,83.8,39.1,21.3,33.33,20261927,1000
X2-LR8-800-e3m30,U-flat,amp,2000,32.80,29.32,84.4,39.1,21.3,33.32,20261927,1000
X2-LR8-800-e3m30,U-flat,amp,2500,33.12,29.62,86.4,39.1,21.3,33.58,20261927,1000
X2-LR8-800-e3m30,U-flat,amp,3150,32.91,28.90,83.0,39.1,21.3,32.47,20261927,1000
X2-LR8-800-e3m30,U-flat,amp,4000,32.52,29.92,89.0,39.1,21.3,33.16,20261927,1000
X3-LR8-700/1400-e0.1m35,U-flat,amp,1000,33.23,29.34,85.3,76.2,53.6,33.77,20261927,1000
X3-LR8-700/1400-e0.1m35,U-flat,amp,1250,33.46,29.48,86.5,76.2,53.6,34.08,20261927,1000
X3-LR8-700/1400-e0.1m35,U-flat,amp,1600,33.94,29.93,89.2,76.2,53.6,34.51,20261927,1000
X3-LR8-700/1400-e0.1m35,U-flat,amp,2000,33.85,30.25,92.2,76.2,53.6,34.44,20261927,1000
X3-LR8-700/1400-e0.1m35,U-flat,amp,2500,34.14,30.67,92.6,76.2,53.6,34.61,20261927,1000
X3-LR8-700/1400-e0.1m35,U-flat,amp,3150,34.04,30.17,90.8,76.2,53.6,33.68,20261927,1000
X3-LR8-700/1400-e0.1m35,U-flat,amp,4000,33.43,30.84,95.8,76.2,53.6,34.14,20261927,1000
X3-LR8-700/1600-e0.1m35,U-flat,amp,1000,33.27,29.32,85.7,77.0,54.6,33.91,20261927,1000
X3-LR8-700/1600-e0.1m35,U-flat,amp,1250,33.35,29.37,85.5,77.0,54.6,34.09,20261927,1000
X3-LR8-700/1600-e0.1m35,U-flat,amp,1600,33.72,29.80,88.1,77.0,54.6,34.37,20261927,1000
X3-LR8-700/1600-e0.1m35,U-flat,amp,2000,33.94,30.36,93.6,77.0,54.6,34.55,20261927,1000
X3-LR8-700/1600-e0.1m35,U-flat,amp,2500,34.17,30.81,93.4,77.0,54.6,34.74,20261927,1000
X3-LR8-700/1600-e0.1m35,U-flat,amp,3150,34.14,30.50,92.1,77.0,54.6,33.88,20261927,1000
X3-LR8-700/1600-e0.1m35,U-flat,amp,4000,33.36,30.90,95.5,77.0,54.6,34.11,20261927,1000
X3-LR8-700/2000-e1m30,U-flat,amp,1000,31.42,28.48,74.5,59.4,35.0,32.56,20261927,1000
X3-LR8-700/2000-e1m30,U-flat,amp,1250,31.89,28.67,78.6,59.4,35.0,33.02,20261927,1000
X3-LR8-700/2000-e1m30,U-flat,amp,1600,32.42,29.10,82.8,59.4,35.0,33.40,20261927,1000
X3-LR8-700/2000-e1m30,U-flat,amp,2000,32.44,29.45,83.8,59.4,35.0,33.21,20261927,1000
X3-LR8-700/2000-e1m30,U-flat,amp,2500,32.86,30.00,89.9,59.4,35.0,33.65,20261927,1000
X3-LR8-700/2000-e1m30,U-flat,amp,3150,33.88,29.90,89.6,59.4,35.0,33.53,20261927,1000
X3-LR8-700/2000-e1m30,U-flat,amp,4000,33.20,30.64,95.1,59.4,35.0,33.94,20261927,1000
X3-LR8-800/1600-e0.1m35,U-flat,amp,1000,32.71,29.11,83.5,74.6,52.8,33.41,20261927,1000
X3-LR8-800/1600-e0.1m35,U-flat,amp,1250,33.36,29.35,85.4,74.6,52.8,34.08,20261927,1000
X3-LR8-800/1600-e0.1m35,U-flat,amp,1600,33.79,29.87,88.4,74.6,52.8,34.43,20261927,1000
X3-LR8-800/1600-e0.1m35,U-flat,amp,2000,33.99,30.32,92.9,74.6,52.8,34.54,20261927,1000
X3-LR8-800/1600-e0.1m35,U-flat,amp,2500,34.19,30.79,93.3,74.6,52.8,34.71,20261927,1000
X3-LR8-800/1600-e0.1m35,U-flat,amp,3150,34.15,30.45,92.0,74.6,52.8,33.85,20261927,1000
X3-LR8-800/1600-e0.1m35,U-flat,amp,4000,33.42,30.87,95.6,74.6,52.8,34.13,20261927,1000
X3-LR4-700/1600-e0.1m35+5k,U-flat,amp,1000,33.19,29.34,85.8,68.6,42.6,33.91,20261927,1000
X3-LR4-700/1600-e0.1m35+5k,U-flat,amp,1250,33.24,29.28,84.2,68.6,42.6,33.97,20261927,1000
X3-LR4-700/1600-e0.1m35+5k,U-flat,amp,1600,33.56,29.34,85.9,68.6,42.6,34.06,20261927,1000
X3-LR4-700/1600-e0.1m35+5k,U-flat,amp,2000,33.30,29.55,85.9,68.6,42.6,33.94,20261927,1000
X3-LR4-700/1600-e0.1m35+5k,U-flat,amp,2500,33.42,29.69,87.5,68.6,42.6,33.88,20261927,1000
X3-LR4-700/1600-e0.1m35+5k,U-flat,amp,3150,33.30,29.06,83.9,68.6,42.6,32.80,20261927,1000
X3-LR4-700/1600-e0.1m35+5k,U-flat,amp,4000,32.82,30.02,90.2,68.6,42.6,33.53,20261927,1000
DDC-BW30,U-flat,amp,1000,27.90,25.65,11.0,0.0,0.0,29.23,20261927,1000
DDC-BW30,U-flat,amp,1250,27.39,25.05,7.6,0.0,0.0,28.79,20261927,1000
DDC-BW30,U-flat,amp,1600,26.95,24.36,4.8,0.0,0.0,28.23,20261927,1000
DDC-BW30,U-flat,amp,2000,26.35,23.71,5.2,0.0,0.0,27.70,20261927,1000
DDC-BW30,U-flat,amp,2500,24.76,21.84,2.2,0.0,0.0,26.00,20261927,1000
DDC-BW30,U-flat,amp,3150,24.24,21.20,2.8,0.0,0.0,24.85,20261927,1000
DDC-BW30,U-flat,amp,4000,8.00,7.40,0.0,0.0,0.0,8.43,20261927,1000
Legendre-only,U-flat,amp,1000,31.42,28.42,74.4,60.9,29.0,31.89,20261927,1000
Legendre-only,U-flat,amp,1250,30.81,27.91,64.6,60.9,29.0,31.88,20261927,1000
Legendre-only,U-flat,amp,1600,32.64,29.06,81.8,60.9,29.0,33.36,20261927,1000
Legendre-only,U-flat,amp,2000,33.27,29.58,86.9,60.9,29.0,33.90,20261927,1000
Legendre-only,U-flat,amp,2500,33.72,29.90,89.1,60.9,29.0,34.11,20261927,1000
Legendre-only,U-flat,amp,3150,33.55,29.26,85.9,60.9,29.0,33.07,20261927,1000
Legendre-only,U-flat,amp,4000,33.05,30.21,92.1,60.9,29.0,33.77,20261927,1000
CBT-arc20,U-flat,amp,1000,30.07,26.97,51.1,32.0,13.2,30.69,20261927,1000
CBT-arc20,U-flat,amp,1250,30.18,27.41,53.6,32.0,13.2,31.24,20261927,1000
CBT-arc20,U-flat,amp,1600,32.27,28.37,75.9,32.0,13.2,32.83,20261927,1000
CBT-arc20,U-flat,amp,2000,32.74,29.12,83.3,32.0,13.2,33.43,20261927,1000
CBT-arc20,U-flat,amp,2500,33.06,29.22,84.7,32.0,13.2,33.46,20261927,1000
CBT-arc20,U-flat,amp,3150,32.58,28.48,79.1,32.0,13.2,32.16,20261927,1000
CBT-arc20,U-flat,amp,4000,31.16,28.47,70.8,32.0,13.2,31.80,20261927,1000
CBT-arc20-int,U-flat,amp,1000,30.37,27.42,55.6,0.0,0.0,30.97,20261927,1000
CBT-arc20-int,U-flat,amp,1250,30.52,27.68,58.4,0.0,0.0,31.43,20261927,1000
CBT-arc20-int,U-flat,amp,1600,30.43,26.87,56.3,0.0,0.0,31.37,20261927,1000
CBT-arc20-int,U-flat,amp,2000,30.57,27.05,56.8,0.0,0.0,31.48,20261927,1000
CBT-arc20-int,U-flat,amp,2500,25.66,23.28,2.6,0.0,0.0,26.82,20261927,1000
CBT-arc20-int,U-flat,amp,3150,27.44,25.39,8.4,0.0,0.0,27.75,20261927,1000
CBT-arc20-int,U-flat,amp,4000,23.25,21.50,0.0,0.0,0.0,24.22,20261927,1000
CBT-arc30,U-flat,amp,1000,28.38,25.60,24.4,2.1,1.3,29.22,20261927,1000
CBT-arc30,U-flat,amp,1250,29.39,26.53,37.7,2.1,1.3,30.36,20261927,1000
CBT-arc30,U-flat,amp,1600,31.48,27.66,68.9,2.1,1.3,32.13,20261927,1000
CBT-arc30,U-flat,amp,2000,32.13,28.50,77.3,2.1,1.3,32.79,20261927,1000
CBT-arc30,U-flat,amp,2500,32.18,28.46,77.3,2.1,1.3,32.69,20261927,1000
CBT-arc30,U-flat,amp,3150,31.57,27.42,66.5,2.1,1.3,31.09,20261927,1000
CBT-arc30,U-flat,amp,4000,28.30,26.16,13.4,2.1,1.3,28.88,20261927,1000
Dolph-20,U-flat,pair,1000,22.41,22.07,0.0,0.0,0.0,22.60,20261928,1000
Dolph-20,U-flat,pair,1250,21.87,21.48,0.0,0.0,0.0,22.11,20261928,1000
Dolph-20,U-flat,pair,1600,22.72,22.36,0.0,0.0,0.0,22.97,20261928,1000
Dolph-20,U-flat,pair,2000,22.83,22.46,0.0,0.0,0.0,23.07,20261928,1000
Dolph-20,U-flat,pair,2500,23.66,23.26,0.0,0.0,0.0,23.86,20261928,1000
Dolph-20,U-flat,pair,3150,22.61,22.41,0.0,0.0,0.0,22.61,20261928,1000
Dolph-20,U-flat,pair,4000,22.63,22.31,0.0,0.0,0.0,22.84,20261928,1000
Dolph-35,U-flat,pair,1000,34.00,30.95,94.9,89.2,82.8,34.00,20261928,1000
Dolph-35,U-flat,pair,1250,35.23,31.31,96.1,89.2,82.8,34.69,20261928,1000
Dolph-35,U-flat,pair,1600,34.97,31.26,96.3,89.2,82.8,34.50,20261928,1000
Dolph-35,U-flat,pair,2000,34.52,31.30,95.8,89.2,82.8,34.32,20261928,1000
Dolph-35,U-flat,pair,2500,34.90,31.50,97.8,89.2,82.8,34.69,20261928,1000
Dolph-35,U-flat,pair,3150,35.56,33.03,99.8,89.2,82.8,35.39,20261928,1000
Dolph-35,U-flat,pair,4000,33.84,31.17,97.5,89.2,82.8,33.97,20261928,1000
D20q,U-flat,pair,1000,22.41,22.07,0.0,0.0,0.0,22.60,20261928,1000
D20q,U-flat,pair,1250,21.87,21.48,0.0,0.0,0.0,22.11,20261928,1000
D20q,U-flat,pair,1600,22.72,22.36,0.0,0.0,0.0,22.97,20261928,1000
D20q,U-flat,pair,2000,22.83,22.46,0.0,0.0,0.0,23.07,20261928,1000
D20q,U-flat,pair,2500,23.66,23.26,0.0,0.0,0.0,23.86,20261928,1000
D20q,U-flat,pair,3150,22.61,22.41,0.0,0.0,0.0,22.61,20261928,1000
D20q,U-flat,pair,4000,22.63,22.31,0.0,0.0,0.0,22.84,20261928,1000
D35q,U-flat,pair,1000,34.00,30.95,94.9,89.2,82.8,34.00,20261928,1000
D35q,U-flat,pair,1250,35.23,31.31,96.1,89.2,82.8,34.69,20261928,1000
D35q,U-flat,pair,1600,34.97,31.26,96.3,89.2,82.8,34.50,20261928,1000
D35q,U-flat,pair,2000,34.52,31.30,95.8,89.2,82.8,34.32,20261928,1000
D35q,U-flat,pair,2500,34.90,31.50,97.8,89.2,82.8,34.69,20261928,1000
D35q,U-flat,pair,3150,35.56,33.03,99.8,89.2,82.8,35.39,20261928,1000
D35q,U-flat,pair,4000,33.84,31.17,97.5,89.2,82.8,33.97,20261928,1000
RS-Aq,U-flat,pair,1000,36.74,31.82,96.9,93.1,87.9,35.81,20261928,1000
RS-Aq,U-flat,pair,1250,37.15,31.78,96.7,93.1,87.9,35.98,20261928,1000
RS-Aq,U-flat,pair,1600,36.92,31.90,97.4,93.1,87.9,35.98,20261928,1000
RS-Aq,U-flat,pair,2000,36.89,31.86,97.1,93.1,87.9,36.07,20261928,1000
RS-Aq,U-flat,pair,2500,36.74,32.09,98.0,93.1,87.9,36.18,20261928,1000
RS-Aq,U-flat,pair,3150,38.61,34.51,100.0,93.1,87.9,38.33,20261928,1000
RS-Aq,U-flat,pair,4000,35.53,31.77,98.4,93.1,87.9,35.62,20261928,1000
RS-Bq,U-flat,pair,1000,34.51,31.18,95.5,91.4,85.4,34.33,20261928,1000
RS-Bq,U-flat,pair,1250,35.78,31.53,96.4,91.4,85.4,35.05,20261928,1000
RS-Bq,U-flat,pair,1600,35.64,31.58,96.7,91.4,85.4,35.05,20261928,1000
RS-Bq,U-flat,pair,2000,35.56,31.72,96.8,91.4,85.4,35.19,20261928,1000
RS-Bq,U-flat,pair,2500,35.85,31.96,98.0,91.4,85.4,35.55,20261928,1000
RS-Bq,U-flat,pair,3150,37.13,33.82,99.9,91.4,85.4,36.88,20261928,1000
RS-Bq,U-flat,pair,4000,34.73,31.60,98.3,91.4,85.4,34.87,20261928,1000
X2-LR4-600-e3m30,U-flat,pair,1000,33.21,30.60,93.9,89.7,84.0,33.35,20261928,1000
X2-LR4-600-e3m30,U-flat,pair,1250,35.92,31.59,96.5,89.7,84.0,35.19,20261928,1000
X2-LR4-600-e3m30,U-flat,pair,1600,35.89,31.65,97.0,89.7,84.0,35.25,20261928,1000
X2-LR4-600-e3m30,U-flat,pair,2000,35.69,31.70,96.7,89.7,84.0,35.30,20261928,1000
X2-LR4-600-e3m30,U-flat,pair,2500,35.93,31.96,97.9,89.7,84.0,35.57,20261928,1000
X2-LR4-600-e3m30,U-flat,pair,3150,37.16,33.85,100.0,89.7,84.0,36.93,20261928,1000
X2-LR4-600-e3m30,U-flat,pair,4000,34.84,31.67,98.3,89.7,84.0,34.99,20261928,1000
X2-LR4-700-e1m30,U-flat,pair,1000,33.70,30.87,94.9,91.3,86.5,33.82,20261928,1000
X2-LR4-700-e1m30,U-flat,pair,1250,36.74,31.86,96.9,91.3,86.5,35.80,20261928,1000
X2-LR4-700-e1m30,U-flat,pair,1600,36.78,31.89,97.8,91.3,86.5,35.91,20261928,1000
X2-LR4-700-e1m30,U-flat,pair,2000,36.59,31.92,97.2,91.3,86.5,35.95,20261928,1000
X2-LR4-700-e1m30,U-flat,pair,2500,36.53,32.05,98.0,91.3,86.5,36.06,20261928,1000
X2-LR4-700-e1m30,U-flat,pair,3150,38.26,34.28,100.0,91.3,86.5,37.98,20261928,1000
X2-LR4-700-e1m30,U-flat,pair,4000,35.49,31.83,98.6,91.3,86.5,35.60,20261928,1000
X2-LR4-700-e3m30,U-flat,pair,1000,32.60,30.26,92.4,88.5,83.3,32.84,20261928,1000
X2-LR4-700-e3m30,U-flat,pair,1250,36.08,31.64,96.7,88.5,83.3,35.36,20261928,1000
X2-LR4-700-e3m30,U-flat,pair,1600,36.35,31.76,97.2,88.5,83.3,35.57,20261928,1000
X2-LR4-700-e3m30,U-flat,pair,2000,36.16,31.80,97.0,88.5,83.3,35.62,20261928,1000
X2-LR4-700-e3m30,U-flat,pair,2500,36.24,31.99,98.0,88.5,83.3,35.82,20261928,1000
X2-LR4-700-e3m30,U-flat,pair,3150,37.71,34.07,100.0,88.5,83.3,37.46,20261928,1000
X2-LR4-700-e3m30,U-flat,pair,4000,35.19,31.74,98.4,88.5,83.3,35.33,20261928,1000
X2-LR4-800-e0.1m35,U-flat,pair,1000,35.76,31.75,96.8,93.4,88.8,35.55,20261928,1000
X2-LR4-800-e0.1m35,U-flat,pair,1250,38.15,32.13,97.6,93.4,88.8,36.70,20261928,1000
X2-LR4-800-e0.1m35,U-flat,pair,1600,37.92,32.23,97.9,93.4,88.8,36.75,20261928,1000
X2-LR4-800-e0.1m35,U-flat,pair,2000,37.62,32.03,97.4,93.4,88.8,36.63,20261928,1000
X2-LR4-800-e0.1m35,U-flat,pair,2500,37.06,32.07,98.0,93.4,88.8,36.42,20261928,1000
X2-LR4-800-e0.1m35,U-flat,pair,3150,39.18,34.62,100.0,93.4,88.8,38.84,20261928,1000
X2-LR4-800-e0.1m35,U-flat,pair,4000,35.93,31.97,98.6,93.4,88.8,36.05,20261928,1000
X2-LR4-800-e1m30,U-flat,pair,1000,32.56,30.27,92.2,88.6,84.1,32.82,20261928,1000
X2-LR4-800-e1m30,U-flat,pair,1250,36.62,31.81,97.0,88.6,84.1,35.80,20261928,1000
X2-LR4-800-e1m30,U-flat,pair,1600,37.17,31.99,97.8,88.6,84.1,36.23,20261928,1000
X2-LR4-800-e1m30,U-flat,pair,2000,37.08,31.96,97.2,88.6,84.1,36.24,20261928,1000
X2-LR4-800-e1m30,U-flat,pair,2500,36.84,32.10,98.0,88.6,84.1,36.24,20261928,1000
X2-LR4-800-e1m30,U-flat,pair,3150,38.72,34.55,100.0,88.6,84.1,38.45,20261928,1000
X2-LR4-800-e1m30,U-flat,pair,4000,35.77,31.88,98.5,88.6,84.1,35.86,20261928,1000
X2-LR4-800-e3m30,U-flat,pair,1000,31.61,29.72,86.8,83.0,78.8,31.91,20261928,1000
X2-LR4-800-e3m30,U-flat,pair,1250,35.87,31.56,96.5,83.0,78.8,35.30,20261928,1000
X2-LR4-800-e3m30,U-flat,pair,1600,36.75,31.87,97.6,83.0,78.8,35.91,20261928,1000
X2-LR4-800-e3m30,U-flat,pair,2000,36.68,31.89,97.0,83.0,78.8,35.98,20261928,1000
X2-LR4-800-e3m30,U-flat,pair,2500,36.57,32.05,98.0,83.0,78.8,36.07,20261928,1000
X2-LR4-800-e3m30,U-flat,pair,3150,38.33,34.40,100.0,83.0,78.8,38.07,20261928,1000
X2-LR4-800-e3m30,U-flat,pair,4000,35.55,31.82,98.5,83.0,78.8,35.67,20261928,1000
X3-LR4-700/1600-e0.1m35,U-flat,pair,1000,36.69,31.63,97.2,96.3,92.6,36.10,20261928,1000
X3-LR4-700/1600-e0.1m35,U-flat,pair,1250,37.53,32.36,98.2,96.3,92.6,36.63,20261928,1000
X3-LR4-700/1600-e0.1m35,U-flat,pair,1600,37.45,32.76,97.7,96.3,92.6,36.79,20261928,1000
X3-LR4-700/1600-e0.1m35,U-flat,pair,2000,36.95,32.79,99.3,96.3,92.6,36.86,20261928,1000
X3-LR4-700/1600-e0.1m35,U-flat,pair,2500,36.55,32.81,99.8,96.3,92.6,36.66,20261928,1000
X3-LR4-700/1600-e0.1m35,U-flat,pair,3150,38.22,33.52,99.6,96.3,92.6,37.65,20261928,1000
X3-LR4-700/1600-e0.1m35,U-flat,pair,4000,35.49,32.93,99.8,96.3,92.6,35.94,20261928,1000
X3-LR4-700/2000-e1m30,U-flat,pair,1000,33.53,30.72,93.6,90.3,84.4,33.74,20261928,1000
X3-LR4-700/2000-e1m30,U-flat,pair,1250,35.25,31.40,97.0,90.3,84.4,34.95,20261928,1000
X3-LR4-700/2000-e1m30,U-flat,pair,1600,36.03,31.80,96.9,90.3,84.4,35.49,20261928,1000
X3-LR4-700/2000-e1m30,U-flat,pair,2000,36.08,31.90,97.0,90.3,84.4,35.72,20261928,1000
X3-LR4-700/2000-e1m30,U-flat,pair,2500,35.56,31.90,98.0,90.3,84.4,35.32,20261928,1000
X3-LR4-700/2000-e1m30,U-flat,pair,3150,38.10,34.08,100.0,90.3,84.4,37.83,20261928,1000
X3-LR4-700/2000-e1m30,U-flat,pair,4000,35.77,32.06,99.3,90.3,84.4,35.84,20261928,1000
X3-LR4-700/2000-e3m30,U-flat,pair,1000,32.84,30.34,92.4,87.9,80.1,32.89,20261928,1000
X3-LR4-700/2000-e3m30,U-flat,pair,1250,34.19,30.95,95.1,87.9,80.1,34.03,20261928,1000
X3-LR4-700/2000-e3m30,U-flat,pair,1600,34.92,31.45,96.4,87.9,80.1,34.67,20261928,1000
X3-LR4-700/2000-e3m30,U-flat,pair,2000,35.13,31.43,96.4,87.9,80.1,34.78,20261928,1000
X3-LR4-700/2000-e3m30,U-flat,pair,2500,34.49,31.20,96.3,87.9,80.1,34.32,20261928,1000
X3-LR4-700/2000-e3m30,U-flat,pair,3150,37.66,34.00,100.0,87.9,80.1,37.40,20261928,1000
X3-LR4-700/2000-e3m30,U-flat,pair,4000,35.47,31.57,98.2,87.9,80.1,35.63,20261928,1000
X2-LR8-600-e3m30,U-flat,pair,1000,33.50,30.73,94.6,90.2,83.9,33.56,20261928,1000
X2-LR8-600-e3m30,U-flat,pair,1250,35.46,31.43,96.3,90.2,83.9,34.82,20261928,1000
X2-LR8-600-e3m30,U-flat,pair,1600,35.31,31.48,96.6,90.2,83.9,34.81,20261928,1000
X2-LR8-600-e3m30,U-flat,pair,2000,35.15,31.61,96.5,90.2,83.9,34.86,20261928,1000
X2-LR8-600-e3m30,U-flat,pair,2500,35.51,31.80,97.9,90.2,83.9,35.23,20261928,1000
X2-LR8-600-e3m30,U-flat,pair,3150,36.49,33.49,99.9,90.2,83.9,36.26,20261928,1000
X2-LR8-600-e3m30,U-flat,pair,4000,34.39,31.45,98.3,90.2,83.9,34.53,20261928,1000
X2-LR8-700-e1m30,U-flat,pair,1000,34.41,31.18,95.5,91.5,85.6,34.35,20261928,1000
X2-LR8-700-e1m30,U-flat,pair,1250,36.28,31.69,96.5,91.5,85.6,35.40,20261928,1000
X2-LR8-700-e1m30,U-flat,pair,1600,36.02,31.70,96.9,91.5,85.6,35.34,20261928,1000
X2-LR8-700-e1m30,U-flat,pair,2000,35.86,31.79,96.9,91.5,85.6,35.43,20261928,1000
X2-LR8-700-e1m30,U-flat,pair,2500,36.07,32.00,97.9,91.5,85.6,35.71,20261928,1000
X2-LR8-700-e1m30,U-flat,pair,3150,37.47,33.97,100.0,91.5,85.6,37.20,20261928,1000
X2-LR8-700-e1m30,U-flat,pair,4000,34.92,31.69,98.3,91.5,85.6,35.07,20261928,1000
X2-LR8-700-e3m30,U-flat,pair,1000,33.29,30.63,94.1,89.9,83.8,33.40,20261928,1000
X2-LR8-700-e3m30,U-flat,pair,1250,35.79,31.52,96.4,89.9,83.8,35.07,20261928,1000
X2-LR8-700-e3m30,U-flat,pair,1600,35.58,31.57,96.7,89.9,83.8,35.03,20261928,1000
X2-LR8-700-e3m30,U-flat,pair,2000,35.41,31.66,96.7,89.9,83.8,35.06,20261928,1000
X2-LR8-700-e3m30,U-flat,pair,2500,35.68,31.87,97.9,89.9,83.8,35.38,20261928,1000
X2-LR8-700-e3m30,U-flat,pair,3150,36.77,33.66,99.9,89.9,83.8,36.54,20261928,1000
X2-LR8-700-e3m30,U-flat,pair,4000,34.57,31.51,98.3,89.9,83.8,34.71,20261928,1000
X2-LR8-800-e1m30,U-flat,pair,1000,33.42,30.71,94.6,90.8,86.1,33.54,20261928,1000
X2-LR8-800-e1m30,U-flat,pair,1250,36.92,31.89,97.1,90.8,86.1,35.91,20261928,1000
X2-LR8-800-e1m30,U-flat,pair,1600,36.60,31.84,97.6,90.8,86.1,35.77,20261928,1000
X2-LR8-800-e1m30,U-flat,pair,2000,36.36,31.87,97.1,90.8,86.1,35.79,20261928,1000
X2-LR8-800-e1m30,U-flat,pair,2500,36.41,32.03,98.0,90.8,86.1,35.94,20261928,1000
X2-LR8-800-e1m30,U-flat,pair,3150,37.97,34.17,100.0,90.8,86.1,37.70,20261928,1000
X2-LR8-800-e1m30,U-flat,pair,4000,35.27,31.76,98.4,90.8,86.1,35.37,20261928,1000
X2-LR8-800-e3m30,U-flat,pair,1000,32.26,30.08,90.8,86.9,81.7,32.48,20261928,1000
X2-LR8-800-e3m30,U-flat,pair,1250,36.45,31.76,96.8,86.9,81.7,35.56,20261928,1000
X2-LR8-800-e3m30,U-flat,pair,1600,36.19,31.73,97.0,86.9,81.7,35.48,20261928,1000
X2-LR8-800-e3m30,U-flat,pair,2000,35.94,31.76,97.0,86.9,81.7,35.47,20261928,1000
X2-LR8-800-e3m30,U-flat,pair,2500,36.06,31.96,97.9,86.9,81.7,35.68,20261928,1000
X2-LR8-800-e3m30,U-flat,pair,3150,37.37,33.95,100.0,86.9,81.7,37.13,20261928,1000
X2-LR8-800-e3m30,U-flat,pair,4000,34.93,31.65,98.3,86.9,81.7,35.07,20261928,1000
X3-LR8-700/1400-e0.1m35,U-flat,pair,1000,36.47,31.70,97.3,96.5,92.7,36.10,20261928,1000
X3-LR8-700/1400-e0.1m35,U-flat,pair,1250,37.38,32.24,98.3,96.5,92.7,36.51,20261928,1000
X3-LR8-700/1400-e0.1m35,U-flat,pair,1600,37.60,32.87,97.7,96.5,92.7,36.99,20261928,1000
X3-LR8-700/1400-e0.1m35,U-flat,pair,2000,36.87,32.68,99.3,96.5,92.7,36.78,20261928,1000
X3-LR8-700/1400-e0.1m35,U-flat,pair,2500,36.72,32.79,99.6,96.5,92.7,36.65,20261928,1000
X3-LR8-700/1400-e0.1m35,U-flat,pair,3150,38.46,33.93,99.9,96.5,92.7,37.98,20261928,1000
X3-LR8-700/1400-e0.1m35,U-flat,pair,4000,35.78,32.88,99.9,96.5,92.7,36.20,20261928,1000
X3-LR8-700/1600-e0.1m35,U-flat,pair,1000,36.68,32.07,97.7,96.8,92.3,36.49,20261928,1000
X3-LR8-700/1600-e0.1m35,U-flat,pair,1250,37.70,32.37,97.5,96.8,92.3,36.78,20261928,1000
X3-LR8-700/1600-e0.1m35,U-flat,pair,1600,37.23,32.43,98.1,96.8,92.3,36.65,20261928,1000
X3-LR8-700/1600-e0.1m35,U-flat,pair,2000,37.40,32.71,99.1,96.8,92.3,37.03,20261928,1000
X3-LR8-700/1600-e0.1m35,U-flat,pair,2500,36.32,32.74,99.4,96.8,92.3,36.46,20261928,1000
X3-LR8-700/1600-e0.1m35,U-flat,pair,3150,38.30,33.20,99.5,96.8,92.3,37.64,20261928,1000
X3-LR8-700/1600-e0.1m35,U-flat,pair,4000,35.51,32.74,99.9,96.8,92.3,36.03,20261928,1000
X3-LR8-700/2000-e1m30,U-flat,pair,1000,34.36,30.78,94.8,92.9,86.6,34.12,20261928,1000
X3-LR8-700/2000-e1m30,U-flat,pair,1250,35.88,31.61,96.8,92.9,86.6,35.19,20261928,1000
X3-LR8-700/2000-e1m30,U-flat,pair,1600,35.70,31.59,96.9,92.9,86.6,35.26,20261928,1000
X3-LR8-700/2000-e1m30,U-flat,pair,2000,35.09,31.75,98.2,92.9,86.6,35.09,20261928,1000
X3-LR8-700/2000-e1m30,U-flat,pair,2500,35.09,31.79,97.9,92.9,86.6,35.12,20261928,1000
X3-LR8-700/2000-e1m30,U-flat,pair,3150,37.95,33.61,99.8,92.9,86.6,37.63,20261928,1000
X3-LR8-700/2000-e1m30,U-flat,pair,4000,35.40,32.59,99.7,92.9,86.6,35.86,20261928,1000
X3-LR8-800/1600-e0.1m35,U-flat,pair,1000,35.79,31.72,97.4,96.3,91.6,35.61,20261928,1000
X3-LR8-800/1600-e0.1m35,U-flat,pair,1250,37.87,32.42,97.5,96.3,91.6,36.86,20261928,1000
X3-LR8-800/1600-e0.1m35,U-flat,pair,1600,37.46,32.47,98.0,96.3,91.6,36.83,20261928,1000
X3-LR8-800/1600-e0.1m35,U-flat,pair,2000,37.44,32.69,99.0,96.3,91.6,37.03,20261928,1000
X3-LR8-800/1600-e0.1m35,U-flat,pair,2500,36.37,32.72,99.3,96.3,91.6,36.47,20261928,1000
X3-LR8-800/1600-e0.1m35,U-flat,pair,3150,38.32,33.25,99.5,96.3,91.6,37.67,20261928,1000
X3-LR8-800/1600-e0.1m35,U-flat,pair,4000,35.53,32.80,99.8,96.3,91.6,36.08,20261928,1000
X3-LR4-700/1600-e0.1m35+5k,U-flat,pair,1000,36.84,31.95,97.2,93.5,89.0,36.37,20261928,1000
X3-LR4-700/1600-e0.1m35+5k,U-flat,pair,1250,38.22,32.04,97.8,93.5,89.0,36.80,20261928,1000
X3-LR4-700/1600-e0.1m35+5k,U-flat,pair,1600,37.91,32.16,97.8,93.5,89.0,36.76,20261928,1000
X3-LR4-700/1600-e0.1m35+5k,U-flat,pair,2000,37.54,32.17,97.2,93.5,89.0,36.62,20261928,1000
X3-LR4-700/1600-e0.1m35+5k,U-flat,pair,2500,36.83,32.17,98.1,93.5,89.0,36.29,20261928,1000
X3-LR4-700/1600-e0.1m35+5k,U-flat,pair,3150,38.81,34.52,100.0,93.5,89.0,38.56,20261928,1000
X3-LR4-700/1600-e0.1m35+5k,U-flat,pair,4000,35.68,31.87,98.6,93.5,89.0,35.75,20261928,1000
DDC-BW30,U-flat,pair,1000,30.21,28.39,57.7,0.0,0.0,30.30,20261928,1000
DDC-BW30,U-flat,pair,1250,30.12,27.82,54.1,0.0,0.0,30.05,20261928,1000
DDC-BW30,U-flat,pair,1600,29.82,27.09,44.7,0.0,0.0,29.66,20261928,1000
DDC-BW30,U-flat,pair,2000,29.60,26.73,43.2,0.0,0.0,29.44,20261928,1000
DDC-BW30,U-flat,pair,2500,28.91,26.92,28.7,0.0,0.0,29.25,20261928,1000
DDC-BW30,U-flat,pair,3150,29.74,27.30,44.6,0.0,0.0,29.70,20261928,1000
DDC-BW30,U-flat,pair,4000,8.46,8.09,0.0,0.0,0.0,8.49,20261928,1000
Legendre-only,U-flat,pair,1000,33.81,30.78,94.4,91.6,83.6,33.39,20261928,1000
Legendre-only,U-flat,pair,1250,33.49,30.47,93.4,91.6,83.6,33.36,20261928,1000
Legendre-only,U-flat,pair,1600,36.14,31.69,97.1,91.6,83.6,35.53,20261928,1000
Legendre-only,U-flat,pair,2000,37.26,32.14,97.5,91.6,83.6,36.48,20261928,1000
Legendre-only,U-flat,pair,2500,37.06,32.26,97.9,91.6,83.6,36.52,20261928,1000
Legendre-only,U-flat,pair,3150,39.30,34.53,100.0,91.6,83.6,38.91,20261928,1000
Legendre-only,U-flat,pair,4000,35.96,32.12,99.3,91.6,83.6,36.05,20261928,1000
CBT-arc20,U-flat,pair,1000,32.57,28.69,79.0,71.7,65.5,31.84,20261928,1000
CBT-arc20,U-flat,pair,1250,32.76,29.76,88.6,71.7,65.5,32.56,20261928,1000
CBT-arc20,U-flat,pair,1600,35.48,30.77,94.2,71.7,65.5,34.77,20261928,1000
CBT-arc20,U-flat,pair,2000,36.66,31.44,97.1,71.7,65.5,35.96,20261928,1000
CBT-arc20,U-flat,pair,2500,36.14,31.70,97.4,71.7,65.5,35.85,20261928,1000
CBT-arc20,U-flat,pair,3150,38.23,34.01,100.0,71.7,65.5,37.91,20261928,1000
CBT-arc20,U-flat,pair,4000,33.44,30.41,93.3,71.7,65.5,33.71,20261928,1000
CBT-arc20-int,U-flat,pair,1000,32.80,29.29,84.1,0.1,0.1,32.20,20261928,1000
CBT-arc20-int,U-flat,pair,1250,32.89,30.16,90.9,0.1,0.1,32.85,20261928,1000
CBT-arc20-int,U-flat,pair,1600,33.35,28.59,80.2,0.1,0.1,32.67,20261928,1000
CBT-arc20-int,U-flat,pair,2000,33.84,28.93,82.4,0.1,0.1,33.06,20261928,1000
CBT-arc20-int,U-flat,pair,2500,27.28,24.19,19.3,0.1,0.1,27.26,20261928,1000
CBT-arc20-int,U-flat,pair,3150,29.03,26.47,35.0,0.1,0.1,29.15,20261928,1000
CBT-arc20-int,U-flat,pair,4000,24.33,22.21,0.1,0.1,0.1,24.54,20261928,1000
CBT-arc30,U-flat,pair,1000,30.45,27.09,58.1,23.9,22.5,30.04,20261928,1000
CBT-arc30,U-flat,pair,1250,31.79,28.51,77.3,23.9,22.5,31.47,20261928,1000
CBT-arc30,U-flat,pair,1600,34.70,29.72,88.3,23.9,22.5,33.84,20261928,1000
CBT-arc30,U-flat,pair,2000,35.87,30.90,94.7,23.9,22.5,35.17,20261928,1000
CBT-arc30,U-flat,pair,2500,35.27,30.97,95.4,23.9,22.5,35.06,20261928,1000
CBT-arc30,U-flat,pair,3150,36.76,32.97,99.7,23.9,22.5,36.66,20261928,1000
CBT-arc30,U-flat,pair,4000,29.80,27.70,44.8,23.9,22.5,30.13,20261928,1000
Dolph-20,U-flat,cplx,1000,21.97,21.09,0.0,0.0,0.0,22.52,20261929,1000
Dolph-20,U-flat,cplx,1250,21.58,20.81,0.0,0.0,0.0,22.09,20261929,1000
Dolph-20,U-flat,cplx,1600,22.48,21.82,0.0,0.0,0.0,22.94,20261929,1000
Dolph-20,U-flat,cplx,2000,22.65,22.07,0.0,0.0,0.0,23.03,20261929,1000
Dolph-20,U-flat,cplx,2500,23.41,22.76,0.0,0.0,0.0,23.81,20261929,1000
Dolph-20,U-flat,cplx,3150,22.48,22.15,0.0,0.0,0.0,22.47,20261929,1000
Dolph-20,U-flat,cplx,4000,22.55,22.14,0.0,0.0,0.0,22.80,20261929,1000
Dolph-35,U-flat,cplx,1000,32.11,29.14,81.9,75.9,56.1,33.16,20261929,1000
Dolph-35,U-flat,cplx,1250,33.44,30.32,92.2,75.9,56.1,33.87,20261929,1000
Dolph-35,U-flat,cplx,1600,33.60,30.59,95.2,75.9,56.1,33.72,20261929,1000
Dolph-35,U-flat,cplx,2000,33.31,30.68,94.8,75.9,56.1,33.62,20261929,1000
Dolph-35,U-flat,cplx,2500,33.65,30.79,95.2,75.9,56.1,33.93,20261929,1000
Dolph-35,U-flat,cplx,3150,32.85,29.13,83.1,75.9,56.1,32.33,20261929,1000
Dolph-35,U-flat,cplx,4000,33.11,30.90,96.1,75.9,56.1,33.34,20261929,1000
D20q,U-flat,cplx,1000,21.97,21.09,0.0,0.0,0.0,22.52,20261929,1000
D20q,U-flat,cplx,1250,21.58,20.81,0.0,0.0,0.0,22.09,20261929,1000
D20q,U-flat,cplx,1600,22.48,21.82,0.0,0.0,0.0,22.94,20261929,1000
D20q,U-flat,cplx,2000,22.65,22.07,0.0,0.0,0.0,23.03,20261929,1000
D20q,U-flat,cplx,2500,23.41,22.76,0.0,0.0,0.0,23.81,20261929,1000
D20q,U-flat,cplx,3150,22.48,22.15,0.0,0.0,0.0,22.47,20261929,1000
D20q,U-flat,cplx,4000,22.55,22.14,0.0,0.0,0.0,22.80,20261929,1000
D35q,U-flat,cplx,1000,32.11,29.14,81.9,75.9,56.1,33.16,20261929,1000
D35q,U-flat,cplx,1250,33.44,30.32,92.2,75.9,56.1,33.87,20261929,1000
D35q,U-flat,cplx,1600,33.60,30.59,95.2,75.9,56.1,33.72,20261929,1000
D35q,U-flat,cplx,2000,33.31,30.68,94.8,75.9,56.1,33.62,20261929,1000
D35q,U-flat,cplx,2500,33.65,30.79,95.2,75.9,56.1,33.93,20261929,1000
D35q,U-flat,cplx,3150,32.85,29.13,83.1,75.9,56.1,32.33,20261929,1000
D35q,U-flat,cplx,4000,33.11,30.90,96.1,75.9,56.1,33.34,20261929,1000
RS-Aq,U-flat,cplx,1000,34.79,30.96,95.0,91.1,72.7,34.53,20261929,1000
RS-Aq,U-flat,cplx,1250,35.32,31.47,96.8,91.1,72.7,34.82,20261929,1000
RS-Aq,U-flat,cplx,1600,35.20,31.55,96.7,91.1,72.7,34.85,20261929,1000
RS-Aq,U-flat,cplx,2000,35.36,31.63,97.6,91.1,72.7,34.99,20261929,1000
RS-Aq,U-flat,cplx,2500,35.28,31.64,97.7,91.1,72.7,35.02,20261929,1000
RS-Aq,U-flat,cplx,3150,33.95,29.42,85.2,91.1,72.7,33.29,20261929,1000
RS-Aq,U-flat,cplx,4000,34.67,31.57,97.9,91.1,72.7,34.68,20261929,1000
RS-Bq,U-flat,cplx,1000,32.61,29.53,87.1,83.5,66.6,33.44,20261929,1000
RS-Bq,U-flat,cplx,1250,34.32,30.98,96.0,83.5,66.6,34.16,20261929,1000
RS-Bq,U-flat,cplx,1600,34.34,31.19,96.9,83.5,66.6,34.18,20261929,1000
RS-Bq,U-flat,cplx,2000,34.24,31.33,97.3,83.5,66.6,34.35,20261929,1000
RS-Bq,U-flat,cplx,2500,34.67,31.42,97.0,83.5,66.6,34.67,20261929,1000
RS-Bq,U-flat,cplx,3150,33.66,29.51,86.3,83.5,66.6,33.07,20261929,1000
RS-Bq,U-flat,cplx,4000,34.02,31.36,98.0,83.5,66.6,34.13,20261929,1000
X2-LR4-600-e3m30,U-flat,cplx,1000,31.48,28.74,74.9,71.7,57.0,32.64,20261929,1000
X2-LR4-600-e3m30,U-flat,cplx,1250,34.09,30.71,95.1,71.7,57.0,34.29,20261929,1000
X2-LR4-600-e3m30,U-flat,cplx,1600,34.48,31.16,96.9,71.7,57.0,34.33,20261929,1000
X2-LR4-600-e3m30,U-flat,cplx,2000,34.35,31.36,97.3,71.7,57.0,34.43,20261929,1000
X2-LR4-600-e3m30,U-flat,cplx,2500,34.64,31.41,96.8,71.7,57.0,34.66,20261929,1000
X2-LR4-600-e3m30,U-flat,cplx,3150,33.63,29.44,85.7,71.7,57.0,33.03,20261929,1000
X2-LR4-600-e3m30,U-flat,cplx,4000,34.11,31.39,97.9,71.7,57.0,34.22,20261929,1000
X2-LR4-700-e1m30,U-flat,cplx,1000,31.96,29.02,80.9,77.8,62.7,33.04,20261929,1000
X2-LR4-700-e1m30,U-flat,cplx,1250,34.65,30.98,95.9,77.8,62.7,34.76,20261929,1000
X2-LR4-700-e1m30,U-flat,cplx,1600,35.21,31.46,96.9,77.8,62.7,34.84,20261929,1000
X2-LR4-700-e1m30,U-flat,cplx,2000,35.14,31.67,97.7,77.8,62.7,34.92,20261929,1000
X2-LR4-700-e1m30,U-flat,cplx,2500,35.17,31.67,97.5,77.8,62.7,35.01,20261929,1000
X2-LR4-700-e1m30,U-flat,cplx,3150,33.99,29.49,86.2,77.8,62.7,33.31,20261929,1000
X2-LR4-700-e1m30,U-flat,cplx,4000,34.69,31.66,98.0,77.8,62.7,34.70,20261929,1000
X2-LR4-700-e3m30,U-flat,cplx,1000,31.03,28.41,68.5,65.9,52.6,32.21,20261929,1000
X2-LR4-700-e3m30,U-flat,cplx,1250,34.09,30.67,94.8,65.9,52.6,34.42,20261929,1000
X2-LR4-700-e3m30,U-flat,cplx,1600,34.86,31.26,97.0,65.9,52.6,34.58,20261929,1000
X2-LR4-700-e3m30,U-flat,cplx,2000,34.73,31.49,97.4,65.9,52.6,34.68,20261929,1000
X2-LR4-700-e3m30,U-flat,cplx,2500,34.96,31.52,97.1,65.9,52.6,34.83,20261929,1000
X2-LR4-700-e3m30,U-flat,cplx,3150,33.80,29.44,85.6,65.9,52.6,33.16,20261929,1000
X2-LR4-700-e3m30,U-flat,cplx,4000,34.42,31.56,98.0,65.9,52.6,34.48,20261929,1000
X2-LR4-800-e0.1m35,U-flat,cplx,1000,33.83,30.36,92.1,89.0,72.4,34.45,20261929,1000
X2-LR4-800-e0.1m35,U-flat,cplx,1250,35.72,31.48,97.2,89.0,72.4,35.44,20261929,1000
X2-LR4-800-e0.1m35,U-flat,cplx,1600,36.16,31.75,97.4,89.0,72.4,35.44,20261929,1000
X2-LR4-800-e0.1m35,U-flat,cplx,2000,36.08,31.88,98.2,89.0,72.4,35.41,20261929,1000
X2-LR4-800-e0.1m35,U-flat,cplx,2500,35.74,31.82,98.1,89.0,72.4,35.29,20261929,1000
X2-LR4-800-e0.1m35,U-flat,cplx,3150,34.19,29.49,86.0,89.0,72.4,33.49,20261929,1000
X2-LR4-800-e0.1m35,U-flat,cplx,4000,35.16,31.76,98.1,89.0,72.4,35.05,20261929,1000
X2-LR4-800-e1m30,U-flat,cplx,1000,31.07,28.47,70.1,67.5,53.8,32.20,20261929,1000
X2-LR4-800-e1m30,U-flat,cplx,1250,34.42,30.70,95.2,67.5,53.8,34.76,20261929,1000
X2-LR4-800-e1m30,U-flat,cplx,1600,35.51,31.51,97.0,67.5,53.8,35.06,20261929,1000
X2-LR4-800-e1m30,U-flat,cplx,2000,35.52,31.71,97.8,67.5,53.8,35.13,20261929,1000
X2-LR4-800-e1m30,U-flat,cplx,2500,35.40,31.69,97.6,67.5,53.8,35.11,20261929,1000
X2-LR4-800-e1m30,U-flat,cplx,3150,34.06,29.45,85.4,67.5,53.8,33.36,20261929,1000
X2-LR4-800-e1m30,U-flat,cplx,4000,34.94,31.68,98.0,67.5,53.8,34.88,20261929,1000
X2-LR4-800-e3m30,U-flat,cplx,1000,30.25,27.89,55.7,53.5,41.9,31.40,20261929,1000
X2-LR4-800-e3m30,U-flat,cplx,1250,33.80,30.39,92.7,53.5,41.9,34.38,20261929,1000
X2-LR4-800-e3m30,U-flat,cplx,1600,35.18,31.35,97.0,53.5,41.9,34.82,20261929,1000
X2-LR4-800-e3m30,U-flat,cplx,2000,35.16,31.61,97.6,53.5,41.9,34.93,20261929,1000
X2-LR4-800-e3m30,U-flat,cplx,2500,35.13,31.61,97.4,53.5,41.9,34.98,20261929,1000
X2-LR4-800-e3m30,U-flat,cplx,3150,33.93,29.43,85.2,53.5,41.9,33.26,20261929,1000
X2-LR4-800-e3m30,U-flat,cplx,4000,34.75,31.63,98.0,53.5,41.9,34.73,20261929,1000
X3-LR4-700/1600-e0.1m35,U-flat,cplx,1000,35.53,31.23,96.9,96.0,87.5,35.12,20261929,1000
X3-LR4-700/1600-e0.1m35,U-flat,cplx,1250,35.48,31.46,97.4,96.0,87.5,35.48,20261929,1000
X3-LR4-700/1600-e0.1m35,U-flat,cplx,1600,35.84,31.89,97.5,96.0,87.5,35.75,20261929,1000
X3-LR4-700/1600-e0.1m35,U-flat,cplx,2000,36.37,32.48,99.2,96.0,87.5,36.04,20261929,1000
X3-LR4-700/1600-e0.1m35,U-flat,cplx,2500,36.22,32.60,99.3,96.0,87.5,36.04,20261929,1000
X3-LR4-700/1600-e0.1m35,U-flat,cplx,3150,35.37,31.23,95.4,96.0,87.5,34.80,20261929,1000
X3-LR4-700/1600-e0.1m35,U-flat,cplx,4000,35.15,32.60,99.8,96.0,87.5,35.29,20261929,1000
X3-LR4-700/2000-e1m30,U-flat,cplx,1000,32.13,29.28,82.6,79.1,60.4,33.07,20261929,1000
X3-LR4-700/2000-e1m30,U-flat,cplx,1250,33.13,29.90,89.8,79.1,60.4,34.04,20261929,1000
X3-LR4-700/2000-e1m30,U-flat,cplx,1600,34.13,30.67,94.6,79.1,60.4,34.63,20261929,1000
X3-LR4-700/2000-e1m30,U-flat,cplx,2000,34.57,31.14,96.7,79.1,60.4,34.82,20261929,1000
X3-LR4-700/2000-e1m30,U-flat,cplx,2500,34.30,31.18,97.1,79.1,60.4,34.50,20261929,1000
X3-LR4-700/2000-e1m30,U-flat,cplx,3150,33.89,29.42,86.5,79.1,60.4,33.47,20261929,1000
X3-LR4-700/2000-e1m30,U-flat,cplx,4000,34.98,31.74,98.5,79.1,60.4,34.93,20261929,1000
X3-LR4-700/2000-e3m30,U-flat,cplx,1000,31.29,28.67,73.1,67.1,44.5,32.24,20261929,1000
X3-LR4-700/2000-e3m30,U-flat,cplx,1250,32.22,29.41,84.8,67.1,44.5,33.28,20261929,1000
X3-LR4-700/2000-e3m30,U-flat,cplx,1600,33.21,30.09,90.4,67.1,44.5,33.94,20261929,1000
X3-LR4-700/2000-e3m30,U-flat,cplx,2000,33.46,30.45,93.2,67.1,44.5,34.00,20261929,1000
X3-LR4-700/2000-e3m30,U-flat,cplx,2500,33.15,30.43,93.7,67.1,44.5,33.47,20261929,1000
X3-LR4-700/2000-e3m30,U-flat,cplx,3150,33.20,28.80,82.3,67.1,44.5,32.80,20261929,1000
X3-LR4-700/2000-e3m30,U-flat,cplx,4000,34.72,31.37,97.5,67.1,44.5,34.62,20261929,1000
X2-LR8-600-e3m30,U-flat,cplx,1000,31.71,28.91,77.8,74.2,59.0,32.81,20261929,1000
X2-LR8-600-e3m30,U-flat,cplx,1250,33.97,30.69,95.4,74.2,59.0,33.99,20261929,1000
X2-LR8-600-e3m30,U-flat,cplx,1600,34.08,30.99,96.7,74.2,59.0,33.99,20261929,1000
X2-LR8-600-e3m30,U-flat,cplx,2000,33.91,31.13,96.9,74.2,59.0,34.09,20261929,1000
X2-LR8-600-e3m30,U-flat,cplx,2500,34.28,31.25,96.6,74.2,59.0,34.42,20261929,1000
X2-LR8-600-e3m30,U-flat,cplx,3150,33.36,29.43,85.5,74.2,59.0,32.83,20261929,1000
X2-LR8-600-e3m30,U-flat,cplx,4000,33.70,31.20,97.7,74.2,59.0,33.85,20261929,1000
X2-LR8-700-e1m30,U-flat,cplx,1000,32.44,29.38,85.4,82.0,65.8,33.46,20261929,1000
X2-LR8-700-e1m30,U-flat,cplx,1250,34.69,31.11,96.3,82.0,65.8,34.44,20261929,1000
X2-LR8-700-e1m30,U-flat,cplx,1600,34.62,31.31,96.9,82.0,65.8,34.40,20261929,1000
X2-LR8-700-e1m30,U-flat,cplx,2000,34.51,31.46,97.4,82.0,65.8,34.54,20261929,1000
X2-LR8-700-e1m30,U-flat,cplx,2500,34.83,31.54,97.3,82.0,65.8,34.78,20261929,1000
X2-LR8-700-e1m30,U-flat,cplx,3150,33.77,29.49,86.4,82.0,65.8,33.15,20261929,1000
X2-LR8-700-e1m30,U-flat,cplx,4000,34.18,31.45,98.1,82.0,65.8,34.29,20261929,1000
X2-LR8-700-e3m30,U-flat,cplx,1000,31.50,28.75,75.0,71.8,56.7,32.68,20261929,1000
X2-LR8-700-e3m30,U-flat,cplx,1250,34.18,30.82,95.4,71.8,56.7,34.18,20261929,1000
X2-LR8-700-e3m30,U-flat,cplx,1600,34.29,31.11,96.8,71.8,56.7,34.16,20261929,1000
X2-LR8-700-e3m30,U-flat,cplx,2000,34.11,31.22,97.2,71.8,56.7,34.24,20261929,1000
X2-LR8-700-e3m30,U-flat,cplx,2500,34.44,31.31,96.7,71.8,56.7,34.52,20261929,1000
X2-LR8-700-e3m30,U-flat,cplx,3150,33.49,29.44,85.5,71.8,56.7,32.91,20261929,1000
X2-LR8-700-e3m30,U-flat,cplx,4000,33.86,31.27,97.9,71.8,56.7,33.99,20261929,1000
X2-LR8-800-e1m30,U-flat,cplx,1000,31.67,28.86,77.7,74.7,60.3,32.80,20261929,1000
X2-LR8-800-e1m30,U-flat,cplx,1250,35.15,31.27,96.7,74.7,60.3,34.83,20261929,1000
X2-LR8-800-e1m30,U-flat,cplx,1600,35.05,31.48,96.9,74.7,60.3,34.72,20261929,1000
X2-LR8-800-e1m30,U-flat,cplx,2000,34.92,31.60,97.7,74.7,60.3,34.81,20261929,1000
X2-LR8-800-e1m30,U-flat,cplx,2500,35.11,31.63,97.4,74.7,60.3,34.93,20261929,1000
X2-LR8-800-e1m30,U-flat,cplx,3150,33.90,29.49,86.2,74.7,60.3,33.25,20261929,1000
X2-LR8-800-e1m30,U-flat,cplx,4000,34.46,31.58,98.0,74.7,60.3,34.52,20261929,1000
X2-LR8-800-e3m30,U-flat,cplx,1000,30.71,28.18,63.3,60.7,48.2,31.90,20261929,1000
X2-LR8-800-e3m30,U-flat,cplx,1250,34.62,31.01,96.0,60.7,48.2,34.57,20261929,1000
X2-LR8-800-e3m30,U-flat,cplx,1600,34.73,31.31,96.9,60.7,48.2,34.50,20261929,1000
X2-LR8-800-e3m30,U-flat,cplx,2000,34.56,31.43,97.4,60.7,48.2,34.56,20261929,1000
X2-LR8-800-e3m30,U-flat,cplx,2500,34.78,31.46,97.1,60.7,48.2,34.73,20261929,1000
X2-LR8-800-e3m30,U-flat,cplx,3150,33.68,29.43,85.4,60.7,48.2,33.07,20261929,1000
X2-LR8-800-e3m30,U-flat,cplx,4000,34.19,31.43,97.9,60.7,48.2,34.28,20261929,1000
X3-LR8-700/1400-e0.1m35,U-flat,cplx,1000,35.37,31.03,96.2,95.2,86.4,34.85,20261929,1000
X3-LR8-700/1400-e0.1m35,U-flat,cplx,1250,35.96,31.84,98.1,95.2,86.4,35.54,20261929,1000
X3-LR8-700/1400-e0.1m35,U-flat,cplx,1600,36.17,32.21,97.9,95.2,86.4,35.87,20261929,1000
X3-LR8-700/1400-e0.1m35,U-flat,cplx,2000,36.28,32.58,99.2,95.2,86.4,35.94,20261929,1000
X3-LR8-700/1400-e0.1m35,U-flat,cplx,2500,36.33,32.70,99.3,95.2,86.4,35.98,20261929,1000
X3-LR8-700/1400-e0.1m35,U-flat,cplx,3150,35.19,30.89,94.4,95.2,86.4,34.53,20261929,1000
X3-LR8-700/1400-e0.1m35,U-flat,cplx,4000,35.34,32.53,99.5,95.2,86.4,35.45,20261929,1000
X3-LR8-700/1600-e0.1m35,U-flat,cplx,1000,35.23,31.03,95.8,95.0,87.8,35.08,20261929,1000
X3-LR8-700/1600-e0.1m35,U-flat,cplx,1250,35.79,31.74,98.2,95.0,87.8,35.61,20261929,1000
X3-LR8-700/1600-e0.1m35,U-flat,cplx,1600,35.82,31.97,97.5,95.0,87.8,35.69,20261929,1000
X3-LR8-700/1600-e0.1m35,U-flat,cplx,2000,36.32,32.56,99.2,95.0,87.8,36.06,20261929,1000
X3-LR8-700/1600-e0.1m35,U-flat,cplx,2500,36.46,32.79,99.6,95.0,87.8,36.15,20261929,1000
X3-LR8-700/1600-e0.1m35,U-flat,cplx,3150,35.46,31.18,95.7,95.0,87.8,34.81,20261929,1000
X3-LR8-700/1600-e0.1m35,U-flat,cplx,4000,35.18,32.51,99.8,95.0,87.8,35.40,20261929,1000
X3-LR8-700/2000-e1m30,U-flat,cplx,1000,32.47,29.31,85.0,81.1,67.5,33.40,20261929,1000
X3-LR8-700/2000-e1m30,U-flat,cplx,1250,33.28,30.08,90.3,81.1,67.5,34.12,20261929,1000
X3-LR8-700/2000-e1m30,U-flat,cplx,1600,34.03,30.73,95.2,81.1,67.5,34.54,20261929,1000
X3-LR8-700/2000-e1m30,U-flat,cplx,2000,33.90,30.99,95.6,81.1,67.5,34.32,20261929,1000
X3-LR8-700/2000-e1m30,U-flat,cplx,2500,34.27,31.46,98.2,81.1,67.5,34.76,20261929,1000
X3-LR8-700/2000-e1m30,U-flat,cplx,3150,34.80,30.56,93.3,81.1,67.5,34.37,20261929,1000
X3-LR8-700/2000-e1m30,U-flat,cplx,4000,35.00,32.27,99.4,81.1,67.5,35.23,20261929,1000
X3-LR8-800/1600-e0.1m35,U-flat,cplx,1000,34.28,30.55,93.9,93.1,85.8,34.43,20261929,1000
X3-LR8-800/1600-e0.1m35,U-flat,cplx,1250,35.93,31.74,97.9,93.1,85.8,35.60,20261929,1000
X3-LR8-800/1600-e0.1m35,U-flat,cplx,1600,36.13,32.08,97.7,93.1,85.8,35.80,20261929,1000
X3-LR8-800/1600-e0.1m35,U-flat,cplx,2000,36.39,32.60,99.2,93.1,85.8,36.06,20261929,1000
X3-LR8-800/1600-e0.1m35,U-flat,cplx,2500,36.41,32.75,99.6,93.1,85.8,36.11,20261929,1000
X3-LR8-800/1600-e0.1m35,U-flat,cplx,3150,35.41,31.13,95.6,93.1,85.8,34.76,20261929,1000
X3-LR8-800/1600-e0.1m35,U-flat,cplx,4000,35.22,32.55,99.8,93.1,85.8,35.43,20261929,1000
X3-LR4-700/1600-e0.1m35+5k,U-flat,cplx,1000,35.18,30.95,95.3,92.1,74.4,35.11,20261929,1000
X3-LR4-700/1600-e0.1m35+5k,U-flat,cplx,1250,35.83,31.46,97.2,92.1,74.4,35.44,20261929,1000
X3-LR4-700/1600-e0.1m35+5k,U-flat,cplx,1600,36.15,31.75,97.2,92.1,74.4,35.51,20261929,1000
X3-LR4-700/1600-e0.1m35+5k,U-flat,cplx,2000,35.91,31.74,98.0,92.1,74.4,35.45,20261929,1000
X3-LR4-700/1600-e0.1m35+5k,U-flat,cplx,2500,35.47,31.73,97.6,92.1,74.4,35.15,20261929,1000
X3-LR4-700/1600-e0.1m35+5k,U-flat,cplx,3150,34.15,29.50,85.7,92.1,74.4,33.46,20261929,1000
X3-LR4-700/1600-e0.1m35+5k,U-flat,cplx,4000,34.84,31.64,98.1,92.1,74.4,34.80,20261929,1000
DDC-BW30,U-flat,cplx,1000,28.56,26.23,18.9,0.0,0.0,29.76,20261929,1000
DDC-BW30,U-flat,cplx,1250,28.29,25.73,16.1,0.0,0.0,29.47,20261929,1000
DDC-BW30,U-flat,cplx,1600,27.84,25.17,13.4,0.0,0.0,29.05,20261929,1000
DDC-BW30,U-flat,cplx,2000,27.28,24.58,11.6,0.0,0.0,28.49,20261929,1000
DDC-BW30,U-flat,cplx,2500,25.29,22.25,4.3,0.0,0.0,26.37,20261929,1000
DDC-BW30,U-flat,cplx,3150,24.68,21.26,4.2,0.0,0.0,25.06,20261929,1000
DDC-BW30,U-flat,cplx,4000,8.02,7.45,0.0,0.0,0.0,8.43,20261929,1000
Legendre-only,U-flat,cplx,1000,32.63,30.05,90.3,86.9,61.1,32.65,20261929,1000
Legendre-only,U-flat,cplx,1250,31.85,29.13,79.1,86.9,61.1,32.72,20261929,1000
Legendre-only,U-flat,cplx,1600,33.97,30.76,94.5,86.9,61.1,34.53,20261929,1000
Legendre-only,U-flat,cplx,2000,35.66,31.82,97.5,86.9,61.1,35.36,20261929,1000
Legendre-only,U-flat,cplx,2500,35.79,31.97,98.1,86.9,61.1,35.43,20261929,1000
Legendre-only,U-flat,cplx,3150,34.49,29.78,87.5,86.9,61.1,33.78,20261929,1000
Legendre-only,U-flat,cplx,4000,35.15,31.83,98.4,86.9,61.1,35.09,20261929,1000
CBT-arc20,U-flat,cplx,1000,30.36,27.86,58.2,51.8,30.0,31.21,20261929,1000
CBT-arc20,U-flat,cplx,1250,30.80,28.37,65.4,51.8,30.0,31.93,20261929,1000
CBT-arc20,U-flat,cplx,1600,33.19,29.90,89.5,51.8,30.0,33.94,20261929,1000
CBT-arc20,U-flat,cplx,2000,34.70,30.86,95.3,51.8,30.0,34.81,20261929,1000
CBT-arc20,U-flat,cplx,2500,34.89,31.25,97.0,51.8,30.0,34.79,20261929,1000
CBT-arc20,U-flat,cplx,3150,33.41,28.81,82.3,51.8,30.0,32.85,20261929,1000
CBT-arc20,U-flat,cplx,4000,32.75,30.09,91.5,51.8,30.0,32.93,20261929,1000
CBT-arc20-int,U-flat,cplx,1000,30.88,28.37,69.4,0.0,0.0,31.55,20261929,1000
CBT-arc20-int,U-flat,cplx,1250,31.24,28.74,72.8,0.0,0.0,32.19,20261929,1000
CBT-arc20-int,U-flat,cplx,1600,30.93,28.02,66.2,0.0,0.0,32.18,20261929,1000
CBT-arc20-int,U-flat,cplx,2000,30.99,28.12,66.5,0.0,0.0,32.26,20261929,1000
CBT-arc20-int,U-flat,cplx,2500,25.83,24.04,0.0,0.0,0.0,27.06,20261929,1000
CBT-arc20-int,U-flat,cplx,3150,27.88,25.77,0.0,0.0,0.0,28.00,20261929,1000
CBT-arc20-int,U-flat,cplx,4000,23.44,22.07,0.0,0.0,0.0,24.39,20261929,1000
CBT-arc30,U-flat,cplx,1000,28.56,26.38,13.1,3.3,2.2,29.58,20261929,1000
CBT-arc30,U-flat,cplx,1250,29.65,27.41,43.5,3.3,2.2,30.91,20261929,1000
CBT-arc30,U-flat,cplx,1600,32.18,28.94,82.3,3.3,2.2,33.13,20261929,1000
CBT-arc30,U-flat,cplx,2000,33.76,30.01,90.0,3.3,2.2,34.07,20261929,1000
CBT-arc30,U-flat,cplx,2500,33.91,30.48,93.5,3.3,2.2,34.01,20261929,1000
CBT-arc30,U-flat,cplx,3150,32.28,27.76,73.6,3.3,2.2,31.76,20261929,1000
CBT-arc30,U-flat,cplx,4000,29.16,27.28,30.0,3.3,2.2,29.65,20261929,1000
Dolph-20,U-flat,paircplx,1000,22.52,22.20,0.0,0.0,0.0,22.70,20261930,1000
Dolph-20,U-flat,paircplx,1250,21.95,21.59,0.0,0.0,0.0,22.21,20261930,1000
Dolph-20,U-flat,paircplx,1600,22.84,22.48,0.0,0.0,0.0,23.11,20261930,1000
Dolph-20,U-flat,paircplx,2000,22.95,22.59,0.0,0.0,0.0,23.21,20261930,1000
Dolph-20,U-flat,paircplx,2500,23.82,23.44,0.0,0.0,0.0,24.02,20261930,1000
Dolph-20,U-flat,paircplx,3150,22.67,22.56,0.0,0.0,0.0,22.69,20261930,1000
Dolph-20,U-flat,paircplx,4000,22.75,22.41,0.0,0.0,0.0,22.97,20261930,1000
Dolph-35,U-flat,paircplx,1000,35.62,34.27,100.0,100.0,100.0,36.47,20261930,1000
Dolph-35,U-flat,paircplx,1250,37.29,35.97,100.0,100.0,100.0,37.86,20261930,1000
Dolph-35,U-flat,paircplx,1600,36.94,35.77,100.0,100.0,100.0,37.43,20261930,1000
Dolph-35,U-flat,paircplx,2000,36.55,35.33,100.0,100.0,100.0,37.11,20261930,1000
Dolph-35,U-flat,paircplx,2500,37.62,36.11,100.0,100.0,100.0,38.06,20261930,1000
Dolph-35,U-flat,paircplx,3150,36.81,35.77,100.0,100.0,100.0,36.91,20261930,1000
Dolph-35,U-flat,paircplx,4000,36.12,35.07,100.0,100.0,100.0,36.56,20261930,1000
D20q,U-flat,paircplx,1000,22.52,22.20,0.0,0.0,0.0,22.70,20261930,1000
D20q,U-flat,paircplx,1250,21.95,21.59,0.0,0.0,0.0,22.21,20261930,1000
D20q,U-flat,paircplx,1600,22.84,22.48,0.0,0.0,0.0,23.11,20261930,1000
D20q,U-flat,paircplx,2000,22.95,22.59,0.0,0.0,0.0,23.21,20261930,1000
D20q,U-flat,paircplx,2500,23.82,23.44,0.0,0.0,0.0,24.02,20261930,1000
D20q,U-flat,paircplx,3150,22.67,22.56,0.0,0.0,0.0,22.69,20261930,1000
D20q,U-flat,paircplx,4000,22.75,22.41,0.0,0.0,0.0,22.97,20261930,1000
D35q,U-flat,paircplx,1000,35.62,34.27,100.0,100.0,100.0,36.47,20261930,1000
D35q,U-flat,paircplx,1250,37.29,35.97,100.0,100.0,100.0,37.87,20261930,1000
D35q,U-flat,paircplx,1600,36.94,35.77,100.0,100.0,100.0,37.43,20261930,1000
D35q,U-flat,paircplx,2000,36.55,35.33,100.0,100.0,100.0,37.11,20261930,1000
D35q,U-flat,paircplx,2500,37.62,36.11,100.0,100.0,100.0,38.06,20261930,1000
D35q,U-flat,paircplx,3150,36.81,35.77,100.0,100.0,100.0,36.91,20261930,1000
D35q,U-flat,paircplx,4000,36.12,35.07,100.0,100.0,100.0,36.56,20261930,1000
RS-Aq,U-flat,paircplx,1000,40.46,38.85,100.0,100.0,100.0,40.98,20261930,1000
RS-Aq,U-flat,paircplx,1250,41.17,39.64,100.0,100.0,100.0,41.70,20261930,1000
RS-Aq,U-flat,paircplx,1600,40.85,39.29,100.0,100.0,100.0,41.55,20261930,1000
RS-Aq,U-flat,paircplx,2000,41.32,39.54,100.0,100.0,100.0,42.01,20261930,1000
RS-Aq,U-flat,paircplx,2500,42.48,40.20,100.0,100.0,100.0,42.94,20261930,1000
RS-Aq,U-flat,paircplx,3150,41.90,38.99,100.0,100.0,100.0,42.07,20261930,1000
RS-Aq,U-flat,paircplx,4000,40.29,38.33,100.0,100.0,100.0,40.76,20261930,1000
RS-Bq,U-flat,paircplx,1000,36.30,34.89,100.0,100.0,100.0,37.07,20261930,1000
RS-Bq,U-flat,paircplx,1250,38.10,37.01,100.0,100.0,100.0,38.62,20261930,1000
RS-Bq,U-flat,paircplx,1600,37.95,36.81,100.0,100.0,100.0,38.55,20261930,1000
RS-Bq,U-flat,paircplx,2000,38.25,36.92,100.0,100.0,100.0,38.92,20261930,1000
RS-Bq,U-flat,paircplx,2500,39.70,37.86,100.0,100.0,100.0,40.19,20261930,1000
RS-Bq,U-flat,paircplx,3150,39.14,37.51,100.0,100.0,100.0,39.29,20261930,1000
RS-Bq,U-flat,paircplx,4000,37.87,36.52,100.0,100.0,100.0,38.36,20261930,1000
X2-LR4-600-e3m30,U-flat,paircplx,1000,34.49,33.27,100.0,100.0,100.0,35.32,20261930,1000
X2-LR4-600-e3m30,U-flat,paircplx,1250,38.33,36.94,100.0,100.0,100.0,38.92,20261930,1000
X2-LR4-600-e3m30,U-flat,paircplx,1600,38.44,37.21,100.0,100.0,100.0,39.04,20261930,1000
X2-LR4-600-e3m30,U-flat,paircplx,2000,38.57,37.17,100.0,100.0,100.0,39.24,20261930,1000
X2-LR4-600-e3m30,U-flat,paircplx,2500,39.83,37.97,100.0,100.0,100.0,40.31,20261930,1000
X2-LR4-600-e3m30,U-flat,paircplx,3150,39.22,37.53,100.0,100.0,100.0,39.35,20261930,1000
X2-LR4-600-e3m30,U-flat,paircplx,4000,38.23,36.81,100.0,100.0,100.0,38.70,20261930,1000
X2-LR4-700-e1m30,U-flat,paircplx,1000,35.18,33.88,100.0,100.0,100.0,36.08,20261930,1000
X2-LR4-700-e1m30,U-flat,paircplx,1250,39.94,38.17,100.0,100.0,100.0,40.65,20261930,1000
X2-LR4-700-e1m30,U-flat,paircplx,1600,40.43,38.90,100.0,100.0,100.0,41.05,20261930,1000
X2-LR4-700-e1m30,U-flat,paircplx,2000,40.58,38.89,100.0,100.0,100.0,41.32,20261930,1000
X2-LR4-700-e1m30,U-flat,paircplx,2500,41.77,39.60,100.0,100.0,100.0,42.26,20261930,1000
X2-LR4-700-e1m30,U-flat,paircplx,3150,41.21,38.69,100.0,100.0,100.0,41.40,20261930,1000
X2-LR4-700-e1m30,U-flat,paircplx,4000,40.04,38.23,100.0,100.0,100.0,40.54,20261930,1000
X2-LR4-700-e3m30,U-flat,paircplx,1000,33.73,32.59,100.0,100.0,100.0,34.51,20261930,1000
X2-LR4-700-e3m30,U-flat,paircplx,1250,38.70,37.08,100.0,100.0,100.0,39.37,20261930,1000
X2-LR4-700-e3m30,U-flat,paircplx,1600,39.36,37.98,100.0,100.0,100.0,39.96,20261930,1000
X2-LR4-700-e3m30,U-flat,paircplx,2000,39.53,37.98,100.0,100.0,100.0,40.22,20261930,1000
X2-LR4-700-e3m30,U-flat,paircplx,2500,40.74,38.72,100.0,100.0,100.0,41.23,20261930,1000
X2-LR4-700-e3m30,U-flat,paircplx,3150,40.15,38.08,100.0,100.0,100.0,40.31,20261930,1000
X2-LR4-700-e3m30,U-flat,paircplx,4000,39.18,37.57,100.0,100.0,100.0,39.67,20261930,1000
X2-LR4-800-e0.1m35,U-flat,paircplx,1000,38.45,36.60,100.0,100.0,100.0,39.52,20261930,1000
X2-LR4-800-e0.1m35,U-flat,paircplx,1250,43.77,41.07,100.0,100.0,100.0,44.57,20261930,1000
X2-LR4-800-e0.1m35,U-flat,paircplx,1600,44.88,42.06,100.0,100.0,100.0,45.35,20261930,1000
X2-LR4-800-e0.1m35,U-flat,paircplx,2000,44.30,41.74,100.0,100.0,100.0,44.94,20261930,1000
X2-LR4-800-e0.1m35,U-flat,paircplx,2500,44.22,41.37,100.0,100.0,100.0,44.76,20261930,1000
X2-LR4-800-e0.1m35,U-flat,paircplx,3150,43.61,39.70,100.0,100.0,100.0,43.82,20261930,1000
X2-LR4-800-e0.1m35,U-flat,paircplx,4000,42.31,39.61,100.0,100.0,100.0,42.66,20261930,1000
X2-LR4-800-e1m30,U-flat,paircplx,1000,33.71,32.58,100.0,100.0,100.0,34.47,20261930,1000
X2-LR4-800-e1m30,U-flat,paircplx,1250,39.82,37.96,100.0,100.0,100.0,40.64,20261930,1000
X2-LR4-800-e1m30,U-flat,paircplx,1600,41.77,39.87,100.0,100.0,100.0,42.37,20261930,1000
X2-LR4-800-e1m30,U-flat,paircplx,2000,41.92,40.00,100.0,100.0,100.0,42.68,20261930,1000
X2-LR4-800-e1m30,U-flat,paircplx,2500,42.93,40.47,100.0,100.0,100.0,43.35,20261930,1000
X2-LR4-800-e1m30,U-flat,paircplx,3150,42.29,39.20,100.0,100.0,100.0,42.50,20261930,1000
X2-LR4-800-e1m30,U-flat,paircplx,4000,41.24,39.02,100.0,100.0,100.0,41.66,20261930,1000
X2-LR4-800-e3m30,U-flat,paircplx,1000,32.50,31.50,100.0,100.0,100.0,33.18,20261930,1000
X2-LR4-800-e3m30,U-flat,paircplx,1250,38.49,36.83,100.0,100.0,100.0,39.23,20261930,1000
X2-LR4-800-e3m30,U-flat,paircplx,1600,40.49,38.85,100.0,100.0,100.0,41.10,20261930,1000
X2-LR4-800-e3m30,U-flat,paircplx,2000,40.80,39.05,100.0,100.0,100.0,41.53,20261930,1000
X2-LR4-800-e3m30,U-flat,paircplx,2500,41.98,39.74,100.0,100.0,100.0,42.42,20261930,1000
X2-LR4-800-e3m30,U-flat,paircplx,3150,41.41,38.74,100.0,100.0,100.0,41.57,20261930,1000
X2-LR4-800-e3m30,U-flat,paircplx,4000,40.46,38.43,100.0,100.0,100.0,40.91,20261930,1000
X3-LR4-700/1600-e0.1m35,U-flat,paircplx,1000,41.41,39.22,100.0,100.0,100.0,42.03,20261930,1000
X3-LR4-700/1600-e0.1m35,U-flat,paircplx,1250,42.68,40.37,100.0,100.0,100.0,43.64,20261930,1000
X3-LR4-700/1600-e0.1m35,U-flat,paircplx,1600,42.85,40.05,100.0,100.0,100.0,43.66,20261930,1000
X3-LR4-700/1600-e0.1m35,U-flat,paircplx,2000,43.36,40.57,100.0,100.0,100.0,43.98,20261930,1000
X3-LR4-700/1600-e0.1m35,U-flat,paircplx,2500,42.46,39.76,100.0,100.0,100.0,43.02,20261930,1000
X3-LR4-700/1600-e0.1m35,U-flat,paircplx,3150,42.28,39.49,100.0,100.0,100.0,42.59,20261930,1000
X3-LR4-700/1600-e0.1m35,U-flat,paircplx,4000,39.91,37.83,100.0,100.0,100.0,40.30,20261930,1000
X3-LR4-700/2000-e1m30,U-flat,paircplx,1000,35.01,33.75,100.0,100.0,100.0,35.92,20261930,1000
X3-LR4-700/2000-e1m30,U-flat,paircplx,1250,37.40,35.84,100.0,100.0,100.0,38.19,20261930,1000
X3-LR4-700/2000-e1m30,U-flat,paircplx,1600,38.98,37.22,100.0,100.0,100.0,39.75,20261930,1000
X3-LR4-700/2000-e1m30,U-flat,paircplx,2000,39.58,37.42,100.0,100.0,100.0,40.32,20261930,1000
X3-LR4-700/2000-e1m30,U-flat,paircplx,2500,38.96,37.27,100.0,100.0,100.0,39.62,20261930,1000
X3-LR4-700/2000-e1m30,U-flat,paircplx,3150,41.19,38.22,100.0,100.0,100.0,41.31,20261930,1000
X3-LR4-700/2000-e1m30,U-flat,paircplx,4000,40.80,38.40,100.0,100.0,100.0,41.14,20261930,1000
X3-LR4-700/2000-e3m30,U-flat,paircplx,1000,33.96,32.90,100.0,100.0,100.0,34.58,20261930,1000
X3-LR4-700/2000-e3m30,U-flat,paircplx,1250,35.76,34.35,100.0,100.0,100.0,36.48,20261930,1000
X3-LR4-700/2000-e3m30,U-flat,paircplx,1600,37.23,35.75,100.0,100.0,100.0,38.01,20261930,1000
X3-LR4-700/2000-e3m30,U-flat,paircplx,2000,37.58,35.93,100.0,100.0,100.0,38.24,20261930,1000
X3-LR4-700/2000-e3m30,U-flat,paircplx,2500,36.88,35.67,100.0,100.0,100.0,37.40,20261930,1000
X3-LR4-700/2000-e3m30,U-flat,paircplx,3150,39.92,37.21,100.0,100.0,100.0,39.97,20261930,1000
X3-LR4-700/2000-e3m30,U-flat,paircplx,4000,40.88,38.36,100.0,100.0,100.0,41.21,20261930,1000
X2-LR8-600-e3m30,U-flat,paircplx,1000,34.89,33.64,100.0,100.0,100.0,35.68,20261930,1000
X2-LR8-600-e3m30,U-flat,paircplx,1250,37.56,36.45,100.0,100.0,100.0,38.09,20261930,1000
X2-LR8-600-e3m30,U-flat,paircplx,1600,37.42,36.34,100.0,100.0,100.0,38.00,20261930,1000
X2-LR8-600-e3m30,U-flat,paircplx,2000,37.52,36.25,100.0,100.0,100.0,38.15,20261930,1000
X2-LR8-600-e3m30,U-flat,paircplx,2500,38.79,37.09,100.0,100.0,100.0,39.28,20261930,1000
X2-LR8-600-e3m30,U-flat,paircplx,3150,38.15,36.81,100.0,100.0,100.0,38.27,20261930,1000
X2-LR8-600-e3m30,U-flat,paircplx,4000,37.10,35.93,100.0,100.0,100.0,37.61,20261930,1000
X2-LR8-700-e1m30,U-flat,paircplx,1000,36.18,34.73,100.0,100.0,100.0,37.08,20261930,1000
X2-LR8-700-e1m30,U-flat,paircplx,1250,38.98,37.73,100.0,100.0,100.0,39.52,20261930,1000
X2-LR8-700-e1m30,U-flat,paircplx,1600,38.67,37.47,100.0,100.0,100.0,39.29,20261930,1000
X2-LR8-700-e1m30,U-flat,paircplx,2000,38.90,37.48,100.0,100.0,100.0,39.59,20261930,1000
X2-LR8-700-e1m30,U-flat,paircplx,2500,40.26,38.34,100.0,100.0,100.0,40.76,20261930,1000
X2-LR8-700-e1m30,U-flat,paircplx,3150,39.69,37.86,100.0,100.0,100.0,39.85,20261930,1000
X2-LR8-700-e1m30,U-flat,paircplx,4000,38.39,36.96,100.0,100.0,100.0,38.90,20261930,1000
X2-LR8-700-e3m30,U-flat,paircplx,1000,34.61,33.36,100.0,100.0,100.0,35.41,20261930,1000
X2-LR8-700-e3m30,U-flat,paircplx,1250,38.12,36.91,100.0,100.0,100.0,38.65,20261930,1000
X2-LR8-700-e3m30,U-flat,paircplx,1600,37.90,36.78,100.0,100.0,100.0,38.50,20261930,1000
X2-LR8-700-e3m30,U-flat,paircplx,2000,37.98,36.67,100.0,100.0,100.0,38.63,20261930,1000
X2-LR8-700-e3m30,U-flat,paircplx,2500,39.21,37.45,100.0,100.0,100.0,39.71,20261930,1000
X2-LR8-700-e3m30,U-flat,paircplx,3150,38.59,37.10,100.0,100.0,100.0,38.70,20261930,1000
X2-LR8-700-e3m30,U-flat,paircplx,4000,37.52,36.26,100.0,100.0,100.0,38.01,20261930,1000
X2-LR8-800-e1m30,U-flat,paircplx,1000,34.78,33.55,100.0,100.0,100.0,35.62,20261930,1000
X2-LR8-800-e1m30,U-flat,paircplx,1250,40.50,38.90,100.0,100.0,100.0,41.10,20261930,1000
X2-LR8-800-e1m30,U-flat,paircplx,1600,39.96,38.56,100.0,100.0,100.0,40.60,20261930,1000
X2-LR8-800-e1m30,U-flat,paircplx,2000,40.03,38.43,100.0,100.0,100.0,40.76,20261930,1000
X2-LR8-800-e1m30,U-flat,paircplx,2500,41.20,39.13,100.0,100.0,100.0,41.72,20261930,1000
X2-LR8-800-e1m30,U-flat,paircplx,3150,40.62,38.37,100.0,100.0,100.0,40.80,20261930,1000
X2-LR8-800-e1m30,U-flat,paircplx,4000,39.28,37.64,100.0,100.0,100.0,39.79,20261930,1000
X2-LR8-800-e3m30,U-flat,paircplx,1000,33.27,32.21,100.0,100.0,100.0,34.01,20261930,1000
X2-LR8-800-e3m30,U-flat,paircplx,1250,39.38,37.92,100.0,100.0,100.0,39.96,20261930,1000
X2-LR8-800-e3m30,U-flat,paircplx,1600,39.08,37.79,100.0,100.0,100.0,39.69,20261930,1000
X2-LR8-800-e3m30,U-flat,paircplx,2000,39.08,37.63,100.0,100.0,100.0,39.75,20261930,1000
X2-LR8-800-e3m30,U-flat,paircplx,2500,40.23,38.29,100.0,100.0,100.0,40.71,20261930,1000
X2-LR8-800-e3m30,U-flat,paircplx,3150,39.56,37.73,100.0,100.0,100.0,39.70,20261930,1000
X2-LR8-800-e3m30,U-flat,paircplx,4000,38.46,37.00,100.0,100.0,100.0,38.94,20261930,1000
X3-LR8-700/1400-e0.1m35,U-flat,paircplx,1000,40.83,38.64,100.0,100.0,100.0,41.25,20261930,1000
X3-LR8-700/1400-e0.1m35,U-flat,paircplx,1250,42.05,40.29,100.0,100.0,100.0,43.01,20261930,1000
X3-LR8-700/1400-e0.1m35,U-flat,paircplx,1600,43.50,40.77,100.0,100.0,100.0,44.29,20261930,1000
X3-LR8-700/1400-e0.1m35,U-flat,paircplx,2000,43.06,40.55,100.0,100.0,100.0,43.80,20261930,1000
X3-LR8-700/1400-e0.1m35,U-flat,paircplx,2500,42.71,40.25,100.0,100.0,100.0,43.30,20261930,1000
X3-LR8-700/1400-e0.1m35,U-flat,paircplx,3150,42.51,39.67,100.0,100.0,100.0,42.86,20261930,1000
X3-LR8-700/1400-e0.1m35,U-flat,paircplx,4000,40.70,38.64,100.0,100.0,100.0,41.28,20261930,1000
X3-LR8-700/1600-e0.1m35,U-flat,paircplx,1000,41.35,38.80,100.0,100.0,100.0,42.19,20261930,1000
X3-LR8-700/1600-e0.1m35,U-flat,paircplx,1250,42.60,40.06,100.0,100.0,100.0,43.37,20261930,1000
X3-LR8-700/1600-e0.1m35,U-flat,paircplx,1600,42.22,39.71,100.0,100.0,100.0,43.18,20261930,1000
X3-LR8-700/1600-e0.1m35,U-flat,paircplx,2000,43.73,40.76,100.0,100.0,100.0,44.29,20261930,1000
X3-LR8-700/1600-e0.1m35,U-flat,paircplx,2500,42.78,40.19,100.0,100.0,100.0,43.41,20261930,1000
X3-LR8-700/1600-e0.1m35,U-flat,paircplx,3150,42.60,39.77,100.0,100.0,100.0,42.99,20261930,1000
X3-LR8-700/1600-e0.1m35,U-flat,paircplx,4000,40.29,38.28,100.0,100.0,100.0,40.83,20261930,1000
X3-LR8-700/2000-e1m30,U-flat,paircplx,1000,36.08,34.79,100.0,100.0,100.0,36.92,20261930,1000
X3-LR8-700/2000-e1m30,U-flat,paircplx,1250,38.15,36.53,100.0,100.0,100.0,38.91,20261930,1000
X3-LR8-700/2000-e1m30,U-flat,paircplx,1600,38.50,36.82,100.0,100.0,100.0,39.23,20261930,1000
X3-LR8-700/2000-e1m30,U-flat,paircplx,2000,37.63,35.96,100.0,100.0,100.0,38.30,20261930,1000
X3-LR8-700/2000-e1m30,U-flat,paircplx,2500,37.98,36.37,100.0,100.0,100.0,38.77,20261930,1000
X3-LR8-700/2000-e1m30,U-flat,paircplx,3150,41.51,38.65,100.0,100.0,100.0,41.85,20261930,1000
X3-LR8-700/2000-e1m30,U-flat,paircplx,4000,39.66,37.55,100.0,100.0,100.0,40.23,20261930,1000
X3-LR8-800/1600-e0.1m35,U-flat,paircplx,1000,38.75,37.01,100.0,100.0,100.0,39.50,20261930,1000
X3-LR8-800/1600-e0.1m35,U-flat,paircplx,1250,43.12,40.54,100.0,100.0,100.0,43.87,20261930,1000
X3-LR8-800/1600-e0.1m35,U-flat,paircplx,1600,43.44,40.71,100.0,100.0,100.0,44.23,20261930,1000
X3-LR8-800/1600-e0.1m35,U-flat,paircplx,2000,43.84,40.95,100.0,100.0,100.0,44.43,20261930,1000
X3-LR8-800/1600-e0.1m35,U-flat,paircplx,2500,42.71,40.14,100.0,100.0,100.0,43.34,20261930,1000
X3-LR8-800/1600-e0.1m35,U-flat,paircplx,3150,42.49,39.76,100.0,100.0,100.0,42.92,20261930,1000
X3-LR8-800/1600-e0.1m35,U-flat,paircplx,4000,40.40,38.45,100.0,100.0,100.0,40.96,20261930,1000
X3-LR4-700/1600-e0.1m35+5k,U-flat,paircplx,1000,41.29,38.87,100.0,100.0,100.0,42.46,20261930,1000
X3-LR4-700/1600-e0.1m35+5k,U-flat,paircplx,1250,44.30,41.45,100.0,100.0,100.0,45.09,20261930,1000
X3-LR4-700/1600-e0.1m35+5k,U-flat,paircplx,1600,44.80,41.85,100.0,100.0,100.0,45.31,20261930,1000
X3-LR4-700/1600-e0.1m35+5k,U-flat,paircplx,2000,43.91,40.90,100.0,100.0,100.0,44.46,20261930,1000
X3-LR4-700/1600-e0.1m35+5k,U-flat,paircplx,2500,42.73,40.17,100.0,100.0,100.0,43.31,20261930,1000
X3-LR4-700/1600-e0.1m35+5k,U-flat,paircplx,3150,42.63,39.28,100.0,100.0,100.0,42.76,20261930,1000
X3-LR4-700/1600-e0.1m35+5k,U-flat,paircplx,4000,40.60,38.50,100.0,100.0,100.0,41.08,20261930,1000
DDC-BW30,U-flat,paircplx,1000,31.12,30.25,95.4,0.0,0.0,31.55,20261930,1000
DDC-BW30,U-flat,paircplx,1250,31.09,30.19,93.5,0.0,0.0,31.53,20261930,1000
DDC-BW30,U-flat,paircplx,1600,31.03,29.80,85.2,0.0,0.0,31.43,20261930,1000
DDC-BW30,U-flat,paircplx,2000,31.09,29.77,83.4,0.0,0.0,31.55,20261930,1000
DDC-BW30,U-flat,paircplx,2500,29.84,27.89,45.6,0.0,0.0,30.19,20261930,1000
DDC-BW30,U-flat,paircplx,3150,29.69,27.44,43.7,0.0,0.0,29.78,20261930,1000
DDC-BW30,U-flat,paircplx,4000,8.44,8.10,0.0,0.0,0.0,8.49,20261930,1000
Legendre-only,U-flat,paircplx,1000,35.20,34.47,100.0,100.0,100.0,35.50,20261930,1000
Legendre-only,U-flat,paircplx,1250,34.89,33.77,100.0,100.0,100.0,35.52,20261930,1000
Legendre-only,U-flat,paircplx,1600,38.94,37.20,100.0,100.0,100.0,39.80,20261930,1000
Legendre-only,U-flat,paircplx,2000,42.64,40.04,100.0,100.0,100.0,43.33,20261930,1000
Legendre-only,U-flat,paircplx,2500,43.82,41.09,100.0,100.0,100.0,44.39,20261930,1000
Legendre-only,U-flat,paircplx,3150,43.86,40.06,100.0,100.0,100.0,44.19,20261930,1000
Legendre-only,U-flat,paircplx,4000,41.54,39.11,100.0,100.0,100.0,41.95,20261930,1000
CBT-arc20,U-flat,paircplx,1000,32.66,31.99,100.0,100.0,100.0,33.08,20261930,1000
CBT-arc20,U-flat,paircplx,1250,33.69,32.71,100.0,100.0,100.0,34.24,20261930,1000
CBT-arc20,U-flat,paircplx,1600,37.72,36.08,100.0,100.0,100.0,38.52,20261930,1000
CBT-arc20,U-flat,paircplx,2000,40.87,38.73,100.0,100.0,100.0,41.86,20261930,1000
CBT-arc20,U-flat,paircplx,2500,42.61,40.10,100.0,100.0,100.0,43.33,20261930,1000
CBT-arc20,U-flat,paircplx,3150,42.48,39.08,100.0,100.0,100.0,42.88,20261930,1000
CBT-arc20,U-flat,paircplx,4000,37.25,35.63,100.0,100.0,100.0,37.77,20261930,1000
CBT-arc20-int,U-flat,paircplx,1000,33.24,32.54,100.0,0.0,0.0,33.64,20261930,1000
CBT-arc20-int,U-flat,paircplx,1250,34.17,33.21,100.0,0.0,0.0,34.73,20261930,1000
CBT-arc20-int,U-flat,paircplx,1600,34.07,33.02,100.0,0.0,0.0,34.75,20261930,1000
CBT-arc20-int,U-flat,paircplx,2000,34.14,33.01,100.0,0.0,0.0,34.94,20261930,1000
CBT-arc20-int,U-flat,paircplx,2500,27.31,26.67,0.0,0.0,0.0,27.77,20261930,1000
CBT-arc20-int,U-flat,paircplx,3150,29.27,28.62,1.0,0.0,0.0,29.65,20261930,1000
CBT-arc20-int,U-flat,paircplx,4000,24.50,23.93,0.0,0.0,0.0,24.87,20261930,1000
CBT-arc30,U-flat,paircplx,1000,30.42,29.82,82.5,81.4,81.4,30.81,20261930,1000
CBT-arc30,U-flat,paircplx,1250,32.23,31.39,100.0,81.4,81.4,32.72,20261930,1000
CBT-arc30,U-flat,paircplx,1600,36.15,34.86,100.0,81.4,81.4,36.92,20261930,1000
CBT-arc30,U-flat,paircplx,2000,39.09,37.41,100.0,81.4,81.4,40.09,20261930,1000
CBT-arc30,U-flat,paircplx,2500,41.13,38.82,100.0,81.4,81.4,41.98,20261930,1000
CBT-arc30,U-flat,paircplx,3150,40.62,37.59,100.0,81.4,81.4,41.20,20261930,1000
CBT-arc30,U-flat,paircplx,4000,31.75,30.80,98.6,81.4,81.4,32.22,20261930,1000
Dolph-20,G-p0.5-l1oct+jig0.25,asbuilt,1000,21.82,20.47,0.0,0.0,0.0,22.39,20262926,1000
Dolph-20,G-p0.5-l1oct+jig0.25,asbuilt,1250,21.38,20.00,0.0,0.0,0.0,21.94,20262926,1000
Dolph-20,G-p0.5-l1oct+jig0.25,asbuilt,1600,22.33,21.00,0.0,0.0,0.0,22.75,20262926,1000
Dolph-20,G-p0.5-l1oct+jig0.25,asbuilt,2000,22.51,21.21,0.0,0.0,0.0,22.87,20262926,1000
Dolph-20,G-p0.5-l1oct+jig0.25,asbuilt,2500,23.24,22.00,0.0,0.0,0.0,23.58,20262926,1000
Dolph-20,G-p0.5-l1oct+jig0.25,asbuilt,3150,22.31,21.20,0.0,0.0,0.0,22.33,20262926,1000
Dolph-20,G-p0.5-l1oct+jig0.25,asbuilt,4000,22.36,21.52,0.0,0.0,0.0,22.63,20262926,1000
Dolph-35,G-p0.5-l1oct+jig0.25,asbuilt,1000,30.64,27.06,58.0,26.8,8.1,31.41,20262926,1000
Dolph-35,G-p0.5-l1oct+jig0.25,asbuilt,1250,31.04,27.71,62.8,26.8,8.1,31.74,20262926,1000
Dolph-35,G-p0.5-l1oct+jig0.25,asbuilt,1600,30.80,27.59,62.3,26.8,8.1,31.56,20262926,1000
Dolph-35,G-p0.5-l1oct+jig0.25,asbuilt,2000,30.65,27.53,60.0,26.8,8.1,31.39,20262926,1000
Dolph-35,G-p0.5-l1oct+jig0.25,asbuilt,2500,31.08,27.90,66.8,26.8,8.1,31.66,20262926,1000
Dolph-35,G-p0.5-l1oct+jig0.25,asbuilt,3150,31.52,28.26,72.0,26.8,8.1,31.32,20262926,1000
Dolph-35,G-p0.5-l1oct+jig0.25,asbuilt,4000,30.65,28.05,64.1,26.8,8.1,31.25,20262926,1000
D20q,G-p0.5-l1oct+jig0.25,asbuilt,1000,21.82,20.47,0.0,0.0,0.0,22.39,20262926,1000
D20q,G-p0.5-l1oct+jig0.25,asbuilt,1250,21.38,20.00,0.0,0.0,0.0,21.94,20262926,1000
D20q,G-p0.5-l1oct+jig0.25,asbuilt,1600,22.33,21.00,0.0,0.0,0.0,22.75,20262926,1000
D20q,G-p0.5-l1oct+jig0.25,asbuilt,2000,22.51,21.21,0.0,0.0,0.0,22.87,20262926,1000
D20q,G-p0.5-l1oct+jig0.25,asbuilt,2500,23.24,22.00,0.0,0.0,0.0,23.58,20262926,1000
D20q,G-p0.5-l1oct+jig0.25,asbuilt,3150,22.31,21.20,0.0,0.0,0.0,22.33,20262926,1000
D20q,G-p0.5-l1oct+jig0.25,asbuilt,4000,22.36,21.52,0.0,0.0,0.0,22.63,20262926,1000
D35q,G-p0.5-l1oct+jig0.25,asbuilt,1000,30.64,27.06,58.0,26.8,8.1,31.41,20262926,1000
D35q,G-p0.5-l1oct+jig0.25,asbuilt,1250,31.04,27.71,62.8,26.8,8.1,31.74,20262926,1000
D35q,G-p0.5-l1oct+jig0.25,asbuilt,1600,30.80,27.59,62.3,26.8,8.1,31.56,20262926,1000
D35q,G-p0.5-l1oct+jig0.25,asbuilt,2000,30.65,27.53,60.0,26.8,8.1,31.39,20262926,1000
D35q,G-p0.5-l1oct+jig0.25,asbuilt,2500,31.08,27.90,66.8,26.8,8.1,31.66,20262926,1000
D35q,G-p0.5-l1oct+jig0.25,asbuilt,3150,31.52,28.26,72.0,26.8,8.1,31.32,20262926,1000
D35q,G-p0.5-l1oct+jig0.25,asbuilt,4000,30.65,28.05,64.1,26.8,8.1,31.25,20262926,1000
RS-Aq,G-p0.5-l1oct+jig0.25,asbuilt,1000,31.37,27.96,69.1,36.7,17.2,32.16,20262926,1000
RS-Aq,G-p0.5-l1oct+jig0.25,asbuilt,1250,31.55,28.03,69.1,36.7,17.2,32.22,20262926,1000
RS-Aq,G-p0.5-l1oct+jig0.25,asbuilt,1600,31.37,27.92,67.1,36.7,17.2,32.13,20262926,1000
RS-Aq,G-p0.5-l1oct+jig0.25,asbuilt,2000,31.22,27.76,67.0,36.7,17.2,32.01,20262926,1000
RS-Aq,G-p0.5-l1oct+jig0.25,asbuilt,2500,31.49,27.97,70.3,36.7,17.2,32.18,20262926,1000
RS-Aq,G-p0.5-l1oct+jig0.25,asbuilt,3150,32.32,28.72,78.6,36.7,17.2,32.08,20262926,1000
RS-Aq,G-p0.5-l1oct+jig0.25,asbuilt,4000,31.25,28.16,71.2,36.7,17.2,31.91,20262926,1000
RS-Bq,G-p0.5-l1oct+jig0.25,asbuilt,1000,30.88,27.39,61.2,30.6,12.3,31.59,20262926,1000
RS-Bq,G-p0.5-l1oct+jig0.25,asbuilt,1250,31.21,28.00,66.5,30.6,12.3,31.93,20262926,1000
RS-Bq,G-p0.5-l1oct+jig0.25,asbuilt,1600,31.14,27.93,66.8,30.6,12.3,31.85,20262926,1000
RS-Bq,G-p0.5-l1oct+jig0.25,asbuilt,2000,31.14,27.80,65.7,30.6,12.3,31.80,20262926,1000
RS-Bq,G-p0.5-l1oct+jig0.25,asbuilt,2500,31.41,28.14,71.1,30.6,12.3,32.09,20262926,1000
RS-Bq,G-p0.5-l1oct+jig0.25,asbuilt,3150,32.05,28.62,77.2,30.6,12.3,31.89,20262926,1000
RS-Bq,G-p0.5-l1oct+jig0.25,asbuilt,4000,31.09,28.26,69.4,30.6,12.3,31.72,20262926,1000
X2-LR4-600-e3m30,G-p0.5-l1oct+jig0.25,asbuilt,1000,30.34,26.79,54.1,27.2,9.6,31.10,20262926,1000
X2-LR4-600-e3m30,G-p0.5-l1oct+jig0.25,asbuilt,1250,31.34,27.92,66.0,27.2,9.6,32.01,20262926,1000
X2-LR4-600-e3m30,G-p0.5-l1oct+jig0.25,asbuilt,1600,31.19,27.93,66.4,27.2,9.6,31.92,20262926,1000
X2-LR4-600-e3m30,G-p0.5-l1oct+jig0.25,asbuilt,2000,31.15,27.78,65.2,27.2,9.6,31.83,20262926,1000
X2-LR4-600-e3m30,G-p0.5-l1oct+jig0.25,asbuilt,2500,31.41,28.07,70.4,27.2,9.6,32.06,20262926,1000
X2-LR4-600-e3m30,G-p0.5-l1oct+jig0.25,asbuilt,3150,32.02,28.59,76.6,27.2,9.6,31.86,20262926,1000
X2-LR4-600-e3m30,G-p0.5-l1oct+jig0.25,asbuilt,4000,31.11,28.24,69.4,27.2,9.6,31.75,20262926,1000
X2-LR4-700-e1m30,G-p0.5-l1oct+jig0.25,asbuilt,1000,30.60,27.09,56.7,30.0,12.1,31.38,20262926,1000
X2-LR4-700-e1m30,G-p0.5-l1oct+jig0.25,asbuilt,1250,31.51,28.01,68.2,30.0,12.1,32.27,20262926,1000
X2-LR4-700-e1m30,G-p0.5-l1oct+jig0.25,asbuilt,1600,31.41,28.00,68.4,30.0,12.1,32.17,20262926,1000
X2-LR4-700-e1m30,G-p0.5-l1oct+jig0.25,asbuilt,2000,31.37,27.84,67.4,30.0,12.1,32.04,20262926,1000
X2-LR4-700-e1m30,G-p0.5-l1oct+jig0.25,asbuilt,2500,31.54,28.09,71.0,30.0,12.1,32.20,20262926,1000
X2-LR4-700-e1m30,G-p0.5-l1oct+jig0.25,asbuilt,3150,32.30,28.76,78.8,30.0,12.1,32.08,20262926,1000
X2-LR4-700-e1m30,G-p0.5-l1oct+jig0.25,asbuilt,4000,31.31,28.26,71.3,30.0,12.1,31.95,20262926,1000
X2-LR4-700-e3m30,G-p0.5-l1oct+jig0.25,asbuilt,1000,30.04,26.58,50.6,26.3,10.2,30.80,20262926,1000
X2-LR4-700-e3m30,G-p0.5-l1oct+jig0.25,asbuilt,1250,31.40,27.86,66.3,26.3,10.2,32.08,20262926,1000
X2-LR4-700-e3m30,G-p0.5-l1oct+jig0.25,asbuilt,1600,31.34,27.92,66.9,26.3,10.2,32.05,20262926,1000
X2-LR4-700-e3m30,G-p0.5-l1oct+jig0.25,asbuilt,2000,31.25,27.80,66.5,26.3,10.2,31.93,20262926,1000
X2-LR4-700-e3m30,G-p0.5-l1oct+jig0.25,asbuilt,2500,31.46,28.08,70.9,26.3,10.2,32.12,20262926,1000
X2-LR4-700-e3m30,G-p0.5-l1oct+jig0.25,asbuilt,3150,32.15,28.70,77.9,26.3,10.2,31.96,20262926,1000
X2-LR4-700-e3m30,G-p0.5-l1oct+jig0.25,asbuilt,4000,31.21,28.26,70.3,26.3,10.2,31.86,20262926,1000
X2-LR4-800-e0.1m35,G-p0.5-l1oct+jig0.25,asbuilt,1000,31.48,28.05,68.7,36.1,16.9,32.28,20262926,1000
X2-LR4-800-e0.1m35,G-p0.5-l1oct+jig0.25,asbuilt,1250,31.90,28.19,72.2,36.1,16.9,32.62,20262926,1000
X2-LR4-800-e0.1m35,G-p0.5-l1oct+jig0.25,asbuilt,1600,31.69,28.11,70.1,36.1,16.9,32.46,20262926,1000
X2-LR4-800-e0.1m35,G-p0.5-l1oct+jig0.25,asbuilt,2000,31.43,27.86,68.2,36.1,16.9,32.22,20262926,1000
X2-LR4-800-e0.1m35,G-p0.5-l1oct+jig0.25,asbuilt,2500,31.59,28.03,70.8,36.1,16.9,32.26,20262926,1000
X2-LR4-800-e0.1m35,G-p0.5-l1oct+jig0.25,asbuilt,3150,32.45,28.83,78.9,36.1,16.9,32.19,20262926,1000
X2-LR4-800-e0.1m35,G-p0.5-l1oct+jig0.25,asbuilt,4000,31.37,28.25,71.3,36.1,16.9,32.06,20262926,1000
X2-LR4-800-e1m30,G-p0.5-l1oct+jig0.25,asbuilt,1000,30.07,26.68,50.4,26.5,11.0,30.81,20262926,1000
X2-LR4-800-e1m30,G-p0.5-l1oct+jig0.25,asbuilt,1250,31.58,27.92,67.9,26.5,11.0,32.26,20262926,1000
X2-LR4-800-e1m30,G-p0.5-l1oct+jig0.25,asbuilt,1600,31.52,27.97,68.7,26.5,11.0,32.27,20262926,1000
X2-LR4-800-e1m30,G-p0.5-l1oct+jig0.25,asbuilt,2000,31.36,27.83,67.3,26.5,11.0,32.10,20262926,1000
X2-LR4-800-e1m30,G-p0.5-l1oct+jig0.25,asbuilt,2500,31.49,27.98,70.4,26.5,11.0,32.20,20262926,1000
X2-LR4-800-e1m30,G-p0.5-l1oct+jig0.25,asbuilt,3150,32.35,28.75,78.7,26.5,11.0,32.11,20262926,1000
X2-LR4-800-e1m30,G-p0.5-l1oct+jig0.25,asbuilt,4000,31.34,28.22,71.3,26.5,11.0,32.00,20262926,1000
X2-LR4-800-e3m30,G-p0.5-l1oct+jig0.25,asbuilt,1000,29.43,26.22,42.7,22.2,8.4,30.23,20262926,1000
X2-LR4-800-e3m30,G-p0.5-l1oct+jig0.25,asbuilt,1250,31.31,27.77,65.5,22.2,8.4,32.05,20262926,1000
X2-LR4-800-e3m30,G-p0.5-l1oct+jig0.25,asbuilt,1600,31.39,27.94,68.3,22.2,8.4,32.15,20262926,1000
X2-LR4-800-e3m30,G-p0.5-l1oct+jig0.25,asbuilt,2000,31.33,27.80,66.8,22.2,8.4,32.02,20262926,1000
X2-LR4-800-e3m30,G-p0.5-l1oct+jig0.25,asbuilt,2500,31.46,28.04,70.2,22.2,8.4,32.16,20262926,1000
X2-LR4-800-e3m30,G-p0.5-l1oct+jig0.25,asbuilt,3150,32.28,28.72,78.5,22.2,8.4,32.05,20262926,1000
X2-LR4-800-e3m30,G-p0.5-l1oct+jig0.25,asbuilt,4000,31.29,28.21,71.2,22.2,8.4,31.94,20262926,1000
X3-LR4-700/1600-e0.1m35,G-p0.5-l1oct+jig0.25,asbuilt,1000,31.89,28.29,73.6,49.2,25.1,32.63,20262926,1000
X3-LR4-700/1600-e0.1m35,G-p0.5-l1oct+jig0.25,asbuilt,1250,32.00,28.32,73.7,49.2,25.1,32.73,20262926,1000
X3-LR4-700/1600-e0.1m35,G-p0.5-l1oct+jig0.25,asbuilt,1600,32.04,28.44,75.3,49.2,25.1,32.83,20262926,1000
X3-LR4-700/1600-e0.1m35,G-p0.5-l1oct+jig0.25,asbuilt,2000,32.16,28.76,77.8,49.2,25.1,32.88,20262926,1000
X3-LR4-700/1600-e0.1m35,G-p0.5-l1oct+jig0.25,asbuilt,2500,32.31,28.97,81.0,49.2,25.1,32.91,20262926,1000
X3-LR4-700/1600-e0.1m35,G-p0.5-l1oct+jig0.25,asbuilt,3150,33.00,29.77,87.9,49.2,25.1,32.83,20262926,1000
X3-LR4-700/1600-e0.1m35,G-p0.5-l1oct+jig0.25,asbuilt,4000,31.94,29.38,81.4,49.2,25.1,32.58,20262926,1000
X3-LR4-700/2000-e1m30,G-p0.5-l1oct+jig0.25,asbuilt,1000,30.74,27.37,59.0,31.8,9.2,31.42,20262926,1000
X3-LR4-700/2000-e1m30,G-p0.5-l1oct+jig0.25,asbuilt,1250,31.09,27.65,63.7,31.8,9.2,31.91,20262926,1000
X3-LR4-700/2000-e1m30,G-p0.5-l1oct+jig0.25,asbuilt,1600,31.25,27.71,67.6,31.8,9.2,32.08,20262926,1000
X3-LR4-700/2000-e1m30,G-p0.5-l1oct+jig0.25,asbuilt,2000,31.36,27.72,67.8,31.8,9.2,32.07,20262926,1000
X3-LR4-700/2000-e1m30,G-p0.5-l1oct+jig0.25,asbuilt,2500,31.21,27.97,69.4,31.8,9.2,31.92,20262926,1000
X3-LR4-700/2000-e1m30,G-p0.5-l1oct+jig0.25,asbuilt,3150,32.28,28.84,78.9,31.8,9.2,32.17,20262926,1000
X3-LR4-700/2000-e1m30,G-p0.5-l1oct+jig0.25,asbuilt,4000,31.40,28.53,73.1,31.8,9.2,32.11,20262926,1000
X3-LR4-700/2000-e3m30,G-p0.5-l1oct+jig0.25,asbuilt,1000,30.12,26.91,52.0,25.1,4.5,30.86,20262926,1000
X3-LR4-700/2000-e3m30,G-p0.5-l1oct+jig0.25,asbuilt,1250,30.54,27.17,58.3,25.1,4.5,31.44,20262926,1000
X3-LR4-700/2000-e3m30,G-p0.5-l1oct+jig0.25,asbuilt,1600,30.84,27.24,62.0,25.1,4.5,31.65,20262926,1000
X3-LR4-700/2000-e3m30,G-p0.5-l1oct+jig0.25,asbuilt,2000,30.91,27.38,61.5,25.1,4.5,31.56,20262926,1000
X3-LR4-700/2000-e3m30,G-p0.5-l1oct+jig0.25,asbuilt,2500,30.51,27.43,59.6,25.1,4.5,31.25,20262926,1000
X3-LR4-700/2000-e3m30,G-p0.5-l1oct+jig0.25,asbuilt,3150,31.80,28.33,73.4,25.1,4.5,31.70,20262926,1000
X3-LR4-700/2000-e3m30,G-p0.5-l1oct+jig0.25,asbuilt,4000,31.02,27.98,67.7,25.1,4.5,31.77,20262926,1000
X2-LR8-600-e3m30,G-p0.5-l1oct+jig0.25,asbuilt,1000,30.42,26.92,55.4,27.8,9.8,31.19,20262926,1000
X2-LR8-600-e3m30,G-p0.5-l1oct+jig0.25,asbuilt,1250,31.13,27.95,65.5,27.8,9.8,31.83,20262926,1000
X2-LR8-600-e3m30,G-p0.5-l1oct+jig0.25,asbuilt,1600,31.01,27.88,65.3,27.8,9.8,31.74,20262926,1000
X2-LR8-600-e3m30,G-p0.5-l1oct+jig0.25,asbuilt,2000,30.98,27.77,64.1,27.8,9.8,31.67,20262926,1000
X2-LR8-600-e3m30,G-p0.5-l1oct+jig0.25,asbuilt,2500,31.32,28.10,70.5,27.8,9.8,31.96,20262926,1000
X2-LR8-600-e3m30,G-p0.5-l1oct+jig0.25,asbuilt,3150,31.90,28.56,75.5,27.8,9.8,31.70,20262926,1000
X2-LR8-600-e3m30,G-p0.5-l1oct+jig0.25,asbuilt,4000,30.94,28.21,68.5,27.8,9.8,31.57,20262926,1000
X2-LR8-700-e1m30,G-p0.5-l1oct+jig0.25,asbuilt,1000,30.86,27.31,61.1,31.0,12.9,31.62,20262926,1000
X2-LR8-700-e1m30,G-p0.5-l1oct+jig0.25,asbuilt,1250,31.36,28.06,68.3,31.0,12.9,32.08,20262926,1000
X2-LR8-700-e1m30,G-p0.5-l1oct+jig0.25,asbuilt,1600,31.26,27.99,67.2,31.0,12.9,31.96,20262926,1000
X2-LR8-700-e1m30,G-p0.5-l1oct+jig0.25,asbuilt,2000,31.23,27.83,66.5,31.0,12.9,31.88,20262926,1000
X2-LR8-700-e1m30,G-p0.5-l1oct+jig0.25,asbuilt,2500,31.44,28.14,71.1,31.0,12.9,32.13,20262926,1000
X2-LR8-700-e1m30,G-p0.5-l1oct+jig0.25,asbuilt,3150,32.13,28.68,77.9,31.0,12.9,31.95,20262926,1000
X2-LR8-700-e1m30,G-p0.5-l1oct+jig0.25,asbuilt,4000,31.18,28.27,70.1,31.0,12.9,31.79,20262926,1000
X2-LR8-700-e3m30,G-p0.5-l1oct+jig0.25,asbuilt,1000,30.34,26.83,54.2,27.4,9.7,31.11,20262926,1000
X2-LR8-700-e3m30,G-p0.5-l1oct+jig0.25,asbuilt,1250,31.24,27.98,66.3,27.4,9.7,31.94,20262926,1000
X2-LR8-700-e3m30,G-p0.5-l1oct+jig0.25,asbuilt,1600,31.10,27.91,66.1,27.4,9.7,31.83,20262926,1000
X2-LR8-700-e3m30,G-p0.5-l1oct+jig0.25,asbuilt,2000,31.06,27.77,64.8,27.4,9.7,31.74,20262926,1000
X2-LR8-700-e3m30,G-p0.5-l1oct+jig0.25,asbuilt,2500,31.36,28.08,70.6,27.4,9.7,32.00,20262926,1000
X2-LR8-700-e3m30,G-p0.5-l1oct+jig0.25,asbuilt,3150,31.95,28.61,76.5,27.4,9.7,31.77,20262926,1000
X2-LR8-700-e3m30,G-p0.5-l1oct+jig0.25,asbuilt,4000,30.99,28.20,69.0,27.4,9.7,31.64,20262926,1000
X2-LR8-800-e1m30,G-p0.5-l1oct+jig0.25,asbuilt,1000,30.46,26.91,55.0,28.6,12.2,31.20,20262926,1000
X2-LR8-800-e1m30,G-p0.5-l1oct+jig0.25,asbuilt,1250,31.59,28.18,69.9,28.6,12.2,32.29,20262926,1000
X2-LR8-800-e1m30,G-p0.5-l1oct+jig0.25,asbuilt,1600,31.37,28.02,68.1,28.6,12.2,32.11,20262926,1000
X2-LR8-800-e1m30,G-p0.5-l1oct+jig0.25,asbuilt,2000,31.32,27.83,67.1,28.6,12.2,31.99,20262926,1000
X2-LR8-800-e1m30,G-p0.5-l1oct+jig0.25,asbuilt,2500,31.50,28.09,71.0,28.6,12.2,32.17,20262926,1000
X2-LR8-800-e1m30,G-p0.5-l1oct+jig0.25,asbuilt,3150,32.25,28.73,78.6,28.6,12.2,32.03,20262926,1000
X2-LR8-800-e1m30,G-p0.5-l1oct+jig0.25,asbuilt,4000,31.24,28.24,70.5,28.6,12.2,31.88,20262926,1000
X2-LR8-800-e3m30,G-p0.5-l1oct+jig0.25,asbuilt,1000,29.79,26.37,47.1,23.3,9.4,30.57,20262926,1000
X2-LR8-800-e3m30,G-p0.5-l1oct+jig0.25,asbuilt,1250,31.40,28.03,67.7,23.3,9.4,32.15,20262926,1000
X2-LR8-800-e3m30,G-p0.5-l1oct+jig0.25,asbuilt,1600,31.24,27.92,67.2,23.3,9.4,32.00,20262926,1000
X2-LR8-800-e3m30,G-p0.5-l1oct+jig0.25,asbuilt,2000,31.20,27.79,65.9,23.3,9.4,31.88,20262926,1000
X2-LR8-800-e3m30,G-p0.5-l1oct+jig0.25,asbuilt,2500,31.42,28.05,70.7,23.3,9.4,32.08,20262926,1000
X2-LR8-800-e3m30,G-p0.5-l1oct+jig0.25,asbuilt,3150,32.06,28.64,77.2,23.3,9.4,31.90,20262926,1000
X2-LR8-800-e3m30,G-p0.5-l1oct+jig0.25,asbuilt,4000,31.13,28.24,69.5,23.3,9.4,31.76,20262926,1000
X3-LR8-700/1400-e0.1m35,G-p0.5-l1oct+jig0.25,asbuilt,1000,31.88,28.27,73.7,48.5,25.2,32.58,20262926,1000
X3-LR8-700/1400-e0.1m35,G-p0.5-l1oct+jig0.25,asbuilt,1250,32.10,28.42,74.3,48.5,25.2,32.74,20262926,1000
X3-LR8-700/1400-e0.1m35,G-p0.5-l1oct+jig0.25,asbuilt,1600,32.15,28.67,76.9,48.5,25.2,32.94,20262926,1000
X3-LR8-700/1400-e0.1m35,G-p0.5-l1oct+jig0.25,asbuilt,2000,32.13,28.74,77.3,48.5,25.2,32.80,20262926,1000
X3-LR8-700/1400-e0.1m35,G-p0.5-l1oct+jig0.25,asbuilt,2500,32.16,28.84,79.9,48.5,25.2,32.84,20262926,1000
X3-LR8-700/1400-e0.1m35,G-p0.5-l1oct+jig0.25,asbuilt,3150,32.86,29.62,86.8,48.5,25.2,32.74,20262926,1000
X3-LR8-700/1400-e0.1m35,G-p0.5-l1oct+jig0.25,asbuilt,4000,31.89,29.28,80.9,48.5,25.2,32.59,20262926,1000
X3-LR8-700/1600-e0.1m35,G-p0.5-l1oct+jig0.25,asbuilt,1000,31.90,28.20,72.9,48.8,25.0,32.63,20262926,1000
X3-LR8-700/1600-e0.1m35,G-p0.5-l1oct+jig0.25,asbuilt,1250,31.89,28.39,74.3,48.8,25.0,32.70,20262926,1000
X3-LR8-700/1600-e0.1m35,G-p0.5-l1oct+jig0.25,asbuilt,1600,32.02,28.57,75.2,48.8,25.0,32.83,20262926,1000
X3-LR8-700/1600-e0.1m35,G-p0.5-l1oct+jig0.25,asbuilt,2000,32.14,28.82,78.2,48.8,25.0,32.90,20262926,1000
X3-LR8-700/1600-e0.1m35,G-p0.5-l1oct+jig0.25,asbuilt,2500,32.28,28.98,80.2,48.8,25.0,32.92,20262926,1000
X3-LR8-700/1600-e0.1m35,G-p0.5-l1oct+jig0.25,asbuilt,3150,32.95,29.74,87.4,48.8,25.0,32.81,20262926,1000
X3-LR8-700/1600-e0.1m35,G-p0.5-l1oct+jig0.25,asbuilt,4000,31.92,29.31,81.1,48.8,25.0,32.60,20262926,1000
X3-LR8-700/2000-e1m30,G-p0.5-l1oct+jig0.25,asbuilt,1000,30.82,27.31,59.9,34.3,10.9,31.56,20262926,1000
X3-LR8-700/2000-e1m30,G-p0.5-l1oct+jig0.25,asbuilt,1250,31.21,27.71,64.2,34.3,10.9,31.97,20262926,1000
X3-LR8-700/2000-e1m30,G-p0.5-l1oct+jig0.25,asbuilt,1600,31.28,27.78,66.9,34.3,10.9,32.01,20262926,1000
X3-LR8-700/2000-e1m30,G-p0.5-l1oct+jig0.25,asbuilt,2000,31.24,27.77,68.0,34.3,10.9,31.90,20262926,1000
X3-LR8-700/2000-e1m30,G-p0.5-l1oct+jig0.25,asbuilt,2500,31.46,28.23,72.7,34.3,10.9,32.08,20262926,1000
X3-LR8-700/2000-e1m30,G-p0.5-l1oct+jig0.25,asbuilt,3150,32.65,29.38,85.2,34.3,10.9,32.60,20262926,1000
X3-LR8-700/2000-e1m30,G-p0.5-l1oct+jig0.25,asbuilt,4000,31.69,29.06,78.5,34.3,10.9,32.42,20262926,1000
X3-LR8-800/1600-e0.1m35,G-p0.5-l1oct+jig0.25,asbuilt,1000,31.54,28.11,69.9,46.6,24.3,32.27,20262926,1000
X3-LR8-800/1600-e0.1m35,G-p0.5-l1oct+jig0.25,asbuilt,1250,31.96,28.38,73.6,46.6,24.3,32.69,20262926,1000
X3-LR8-800/1600-e0.1m35,G-p0.5-l1oct+jig0.25,asbuilt,1600,32.07,28.54,75.6,46.6,24.3,32.87,20262926,1000
X3-LR8-800/1600-e0.1m35,G-p0.5-l1oct+jig0.25,asbuilt,2000,32.17,28.78,78.1,46.6,24.3,32.89,20262926,1000
X3-LR8-800/1600-e0.1m35,G-p0.5-l1oct+jig0.25,asbuilt,2500,32.27,28.96,79.9,46.6,24.3,32.91,20262926,1000
X3-LR8-800/1600-e0.1m35,G-p0.5-l1oct+jig0.25,asbuilt,3150,32.91,29.78,87.3,46.6,24.3,32.80,20262926,1000
X3-LR8-800/1600-e0.1m35,G-p0.5-l1oct+jig0.25,asbuilt,4000,31.94,29.33,81.2,46.6,24.3,32.62,20262926,1000
X3-LR4-700/1600-e0.1m35+5k,G-p0.5-l1oct+jig0.25,asbuilt,1000,31.87,28.20,72.2,38.9,18.0,32.61,20262926,1000
X3-LR4-700/1600-e0.1m35+5k,G-p0.5-l1oct+jig0.25,asbuilt,1250,31.96,28.24,72.6,38.9,18.0,32.63,20262926,1000
X3-LR4-700/1600-e0.1m35+5k,G-p0.5-l1oct+jig0.25,asbuilt,1600,31.67,28.06,70.5,38.9,18.0,32.49,20262926,1000
X3-LR4-700/1600-e0.1m35+5k,G-p0.5-l1oct+jig0.25,asbuilt,2000,31.59,27.93,69.0,38.9,18.0,32.29,20262926,1000
X3-LR4-700/1600-e0.1m35+5k,G-p0.5-l1oct+jig0.25,asbuilt,2500,31.55,28.08,71.4,38.9,18.0,32.25,20262926,1000
X3-LR4-700/1600-e0.1m35+5k,G-p0.5-l1oct+jig0.25,asbuilt,3150,32.42,28.83,79.2,38.9,18.0,32.21,20262926,1000
X3-LR4-700/1600-e0.1m35+5k,G-p0.5-l1oct+jig0.25,asbuilt,4000,31.31,28.29,72.0,38.9,18.0,32.00,20262926,1000
DDC-BW30,G-p0.5-l1oct+jig0.25,asbuilt,1000,27.63,24.52,24.2,0.0,0.0,28.52,20262926,1000
DDC-BW30,G-p0.5-l1oct+jig0.25,asbuilt,1250,27.06,23.77,21.5,0.0,0.0,28.02,20262926,1000
DDC-BW30,G-p0.5-l1oct+jig0.25,asbuilt,1600,26.48,23.07,16.1,0.0,0.0,27.32,20262926,1000
DDC-BW30,G-p0.5-l1oct+jig0.25,asbuilt,2000,26.02,22.20,13.1,0.0,0.0,26.69,20262926,1000
DDC-BW30,G-p0.5-l1oct+jig0.25,asbuilt,2500,24.83,21.10,8.1,0.0,0.0,25.58,20262926,1000
DDC-BW30,G-p0.5-l1oct+jig0.25,asbuilt,3150,24.63,21.02,4.5,0.0,0.0,24.76,20262926,1000
DDC-BW30,G-p0.5-l1oct+jig0.25,asbuilt,4000,8.03,7.38,0.0,0.0,0.0,8.43,20262926,1000
Legendre-only,G-p0.5-l1oct+jig0.25,asbuilt,1000,30.35,27.53,54.6,29.9,10.8,31.00,20262926,1000
Legendre-only,G-p0.5-l1oct+jig0.25,asbuilt,1250,30.38,26.75,55.3,29.9,10.8,30.99,20262926,1000
Legendre-only,G-p0.5-l1oct+jig0.25,asbuilt,1600,31.31,27.64,66.2,29.9,10.8,32.03,20262926,1000
Legendre-only,G-p0.5-l1oct+jig0.25,asbuilt,2000,31.66,27.89,68.8,29.9,10.8,32.25,20262926,1000
Legendre-only,G-p0.5-l1oct+jig0.25,asbuilt,2500,31.72,28.24,73.9,29.9,10.8,32.43,20262926,1000
Legendre-only,G-p0.5-l1oct+jig0.25,asbuilt,3150,32.67,28.98,81.0,29.9,10.8,32.41,20262926,1000
Legendre-only,G-p0.5-l1oct+jig0.25,asbuilt,4000,31.45,28.51,73.7,29.9,10.8,32.19,20262926,1000
CBT-arc20,G-p0.5-l1oct+jig0.25,asbuilt,1000,29.15,26.43,37.2,12.6,3.2,29.94,20262926,1000
CBT-arc20,G-p0.5-l1oct+jig0.25,asbuilt,1250,29.86,26.38,48.1,12.6,3.2,30.42,20262926,1000
CBT-arc20,G-p0.5-l1oct+jig0.25,asbuilt,1600,30.86,27.22,60.2,12.6,3.2,31.55,20262926,1000
CBT-arc20,G-p0.5-l1oct+jig0.25,asbuilt,2000,31.04,27.54,64.1,12.6,3.2,31.82,20262926,1000
CBT-arc20,G-p0.5-l1oct+jig0.25,asbuilt,2500,31.22,27.47,65.5,12.6,3.2,31.80,20262926,1000
CBT-arc20,G-p0.5-l1oct+jig0.25,asbuilt,3150,31.61,28.22,70.9,12.6,3.2,31.52,20262926,1000
CBT-arc20,G-p0.5-l1oct+jig0.25,asbuilt,4000,29.68,26.84,44.3,12.6,3.2,30.37,20262926,1000
CBT-arc20-int,G-p0.5-l1oct+jig0.25,asbuilt,1000,29.42,26.66,41.7,0.0,0.0,30.17,20262926,1000
CBT-arc20-int,G-p0.5-l1oct+jig0.25,asbuilt,1250,30.04,26.53,50.8,0.0,0.0,30.57,20262926,1000
CBT-arc20-int,G-p0.5-l1oct+jig0.25,asbuilt,1600,29.41,26.22,41.3,0.0,0.0,30.39,20262926,1000
CBT-arc20-int,G-p0.5-l1oct+jig0.25,asbuilt,2000,29.28,26.14,39.1,0.0,0.0,30.29,20262926,1000
CBT-arc20-int,G-p0.5-l1oct+jig0.25,asbuilt,2500,25.36,23.05,2.2,0.0,0.0,26.44,20262926,1000
CBT-arc20-int,G-p0.5-l1oct+jig0.25,asbuilt,3150,27.26,24.97,9.9,0.0,0.0,27.59,20262926,1000
CBT-arc20-int,G-p0.5-l1oct+jig0.25,asbuilt,4000,23.04,21.20,0.0,0.0,0.0,23.90,20262926,1000
CBT-arc30,G-p0.5-l1oct+jig0.25,asbuilt,1000,27.73,25.16,17.6,0.5,0.1,28.63,20262926,1000
CBT-arc30,G-p0.5-l1oct+jig0.25,asbuilt,1250,29.03,25.72,34.7,0.5,0.1,29.64,20262926,1000
CBT-arc30,G-p0.5-l1oct+jig0.25,asbuilt,1600,30.10,26.71,51.6,0.5,0.1,30.94,20262926,1000
CBT-arc30,G-p0.5-l1oct+jig0.25,asbuilt,2000,30.38,26.97,56.9,0.5,0.1,31.24,20262926,1000
CBT-arc30,G-p0.5-l1oct+jig0.25,asbuilt,2500,30.38,26.84,55.6,0.5,0.1,31.05,20262926,1000
CBT-arc30,G-p0.5-l1oct+jig0.25,asbuilt,3150,30.64,27.26,57.8,0.5,0.1,30.48,20262926,1000
CBT-arc30,G-p0.5-l1oct+jig0.25,asbuilt,4000,27.15,24.70,4.6,0.5,0.1,27.79,20262926,1000
Dolph-20,G-p0.5-l1oct+jig0.25,amp,1000,21.86,20.74,0.0,0.0,0.0,22.42,20262927,1000
Dolph-20,G-p0.5-l1oct+jig0.25,amp,1250,21.49,20.37,0.0,0.0,0.0,22.01,20262927,1000
Dolph-20,G-p0.5-l1oct+jig0.25,amp,1600,22.35,21.49,0.0,0.0,0.0,22.84,20262927,1000
Dolph-20,G-p0.5-l1oct+jig0.25,amp,2000,22.53,21.72,0.0,0.0,0.0,22.94,20262927,1000
Dolph-20,G-p0.5-l1oct+jig0.25,amp,2500,23.31,22.40,0.0,0.0,0.0,23.70,20262927,1000
Dolph-20,G-p0.5-l1oct+jig0.25,amp,3150,22.39,21.62,0.0,0.0,0.0,22.41,20262927,1000
Dolph-20,G-p0.5-l1oct+jig0.25,amp,4000,22.42,21.76,0.0,0.0,0.0,22.69,20262927,1000
Dolph-35,G-p0.5-l1oct+jig0.25,amp,1000,30.70,27.50,58.4,36.3,18.8,31.74,20262927,1000
Dolph-35,G-p0.5-l1oct+jig0.25,amp,1250,31.57,28.11,72.0,36.3,18.8,32.28,20262927,1000
Dolph-35,G-p0.5-l1oct+jig0.25,amp,1600,31.70,28.53,74.2,36.3,18.8,32.32,20262927,1000
Dolph-35,G-p0.5-l1oct+jig0.25,amp,2000,31.70,28.58,74.6,36.3,18.8,32.29,20262927,1000
Dolph-35,G-p0.5-l1oct+jig0.25,amp,2500,31.94,28.88,77.1,36.3,18.8,32.59,20262927,1000
Dolph-35,G-p0.5-l1oct+jig0.25,amp,3150,32.02,28.70,78.2,36.3,18.8,31.69,20262927,1000
Dolph-35,G-p0.5-l1oct+jig0.25,amp,4000,31.33,28.85,73.4,36.3,18.8,31.87,20262927,1000
D20q,G-p0.5-l1oct+jig0.25,amp,1000,21.86,20.74,0.0,0.0,0.0,22.42,20262927,1000
D20q,G-p0.5-l1oct+jig0.25,amp,1250,21.49,20.37,0.0,0.0,0.0,22.01,20262927,1000
D20q,G-p0.5-l1oct+jig0.25,amp,1600,22.35,21.49,0.0,0.0,0.0,22.84,20262927,1000
D20q,G-p0.5-l1oct+jig0.25,amp,2000,22.53,21.72,0.0,0.0,0.0,22.94,20262927,1000
D20q,G-p0.5-l1oct+jig0.25,amp,2500,23.31,22.40,0.0,0.0,0.0,23.70,20262927,1000
D20q,G-p0.5-l1oct+jig0.25,amp,3150,22.39,21.62,0.0,0.0,0.0,22.41,20262927,1000
D20q,G-p0.5-l1oct+jig0.25,amp,4000,22.42,21.76,0.0,0.0,0.0,22.69,20262927,1000
D35q,G-p0.5-l1oct+jig0.25,amp,1000,30.70,27.50,58.4,36.3,18.8,31.74,20262927,1000
D35q,G-p0.5-l1oct+jig0.25,amp,1250,31.57,28.11,72.0,36.3,18.8,32.28,20262927,1000
D35q,G-p0.5-l1oct+jig0.25,amp,1600,31.70,28.53,74.2,36.3,18.8,32.32,20262927,1000
D35q,G-p0.5-l1oct+jig0.25,amp,2000,31.70,28.58,74.6,36.3,18.8,32.29,20262927,1000
D35q,G-p0.5-l1oct+jig0.25,amp,2500,31.94,28.88,77.1,36.3,18.8,32.59,20262927,1000
D35q,G-p0.5-l1oct+jig0.25,amp,3150,32.02,28.70,78.2,36.3,18.8,31.69,20262927,1000
D35q,G-p0.5-l1oct+jig0.25,amp,4000,31.33,28.85,73.4,36.3,18.8,31.87,20262927,1000
RS-Aq,G-p0.5-l1oct+jig0.25,amp,1000,31.78,28.37,74.6,53.4,34.2,32.63,20262927,1000
RS-Aq,G-p0.5-l1oct+jig0.25,amp,1250,32.19,28.32,76.6,53.4,34.2,32.82,20262927,1000
RS-Aq,G-p0.5-l1oct+jig0.25,amp,1600,32.35,28.75,79.3,53.4,34.2,33.03,20262927,1000
RS-Aq,G-p0.5-l1oct+jig0.25,amp,2000,32.58,28.79,81.7,53.4,34.2,33.17,20262927,1000
RS-Aq,G-p0.5-l1oct+jig0.25,amp,2500,32.52,29.03,82.6,53.4,34.2,33.29,20262927,1000
RS-Aq,G-p0.5-l1oct+jig0.25,amp,3150,32.97,28.99,82.9,53.4,34.2,32.50,20262927,1000
RS-Aq,G-p0.5-l1oct+jig0.25,amp,4000,32.03,29.08,79.9,53.4,34.2,32.69,20262927,1000
RS-Bq,G-p0.5-l1oct+jig0.25,amp,1000,30.98,27.73,63.9,45.8,27.8,31.95,20262927,1000
RS-Bq,G-p0.5-l1oct+jig0.25,amp,1250,31.90,28.31,76.0,45.8,27.8,32.48,20262927,1000
RS-Bq,G-p0.5-l1oct+jig0.25,amp,1600,32.08,28.81,78.0,45.8,27.8,32.66,20262927,1000
RS-Bq,G-p0.5-l1oct+jig0.25,amp,2000,32.19,28.85,81.5,45.8,27.8,32.82,20262927,1000
RS-Bq,G-p0.5-l1oct+jig0.25,amp,2500,32.40,29.18,82.4,45.8,27.8,33.11,20262927,1000
RS-Bq,G-p0.5-l1oct+jig0.25,amp,3150,32.74,29.03,82.7,45.8,27.8,32.31,20262927,1000
RS-Bq,G-p0.5-l1oct+jig0.25,amp,4000,31.83,29.16,79.8,45.8,27.8,32.41,20262927,1000
X2-LR4-600-e3m30,G-p0.5-l1oct+jig0.25,amp,1000,30.20,27.33,53.3,38.6,22.2,31.39,20262927,1000
X2-LR4-600-e3m30,G-p0.5-l1oct+jig0.25,amp,1250,31.93,28.32,75.8,38.6,22.2,32.57,20262927,1000
X2-LR4-600-e3m30,G-p0.5-l1oct+jig0.25,amp,1600,32.19,28.76,79.2,38.6,22.2,32.76,20262927,1000
X2-LR4-600-e3m30,G-p0.5-l1oct+jig0.25,amp,2000,32.26,28.84,81.2,38.6,22.2,32.86,20262927,1000
X2-LR4-600-e3m30,G-p0.5-l1oct+jig0.25,amp,2500,32.37,29.13,81.9,38.6,22.2,33.10,20262927,1000
X2-LR4-600-e3m30,G-p0.5-l1oct+jig0.25,amp,3150,32.72,28.98,82.1,38.6,22.2,32.27,20262927,1000
X2-LR4-600-e3m30,G-p0.5-l1oct+jig0.25,amp,4000,31.88,29.14,79.9,38.6,22.2,32.46,20262927,1000
X2-LR4-700-e1m30,G-p0.5-l1oct+jig0.25,amp,1000,30.57,27.56,57.5,42.3,26.4,31.70,20262927,1000
X2-LR4-700-e1m30,G-p0.5-l1oct+jig0.25,amp,1250,32.19,28.40,77.1,42.3,26.4,32.87,20262927,1000
X2-LR4-700-e1m30,G-p0.5-l1oct+jig0.25,amp,1600,32.51,28.88,79.9,42.3,26.4,33.07,20262927,1000
X2-LR4-700-e1m30,G-p0.5-l1oct+jig0.25,amp,2000,32.58,28.92,82.5,42.3,26.4,33.17,20262927,1000
X2-LR4-700-e1m30,G-p0.5-l1oct+jig0.25,amp,2500,32.51,29.19,82.7,42.3,26.4,33.30,20262927,1000
X2-LR4-700-e1m30,G-p0.5-l1oct+jig0.25,amp,3150,32.98,29.05,83.3,42.3,26.4,32.50,20262927,1000
X2-LR4-700-e1m30,G-p0.5-l1oct+jig0.25,amp,4000,32.09,29.18,81.3,42.3,26.4,32.73,20262927,1000
X2-LR4-700-e3m30,G-p0.5-l1oct+jig0.25,amp,1000,29.91,27.16,48.8,35.4,20.7,31.07,20262927,1000
X2-LR4-700-e3m30,G-p0.5-l1oct+jig0.25,amp,1250,31.92,28.31,76.0,35.4,20.7,32.66,20262927,1000
X2-LR4-700-e3m30,G-p0.5-l1oct+jig0.25,amp,1600,32.35,28.79,79.6,35.4,20.7,32.91,20262927,1000
X2-LR4-700-e3m30,G-p0.5-l1oct+jig0.25,amp,2000,32.43,28.86,81.6,35.4,20.7,33.02,20262927,1000
X2-LR4-700-e3m30,G-p0.5-l1oct+jig0.25,amp,2500,32.43,29.13,82.1,35.4,20.7,33.19,20262927,1000
X2-LR4-700-e3m30,G-p0.5-l1oct+jig0.25,amp,3150,32.85,29.01,82.5,35.4,20.7,32.38,20262927,1000
X2-LR4-700-e3m30,G-p0.5-l1oct+jig0.25,amp,4000,32.01,29.16,80.5,35.4,20.7,32.60,20262927,1000
X2-LR4-800-e0.1m35,G-p0.5-l1oct+jig0.25,amp,1000,31.76,28.35,73.7,53.2,34.2,32.73,20262927,1000
X2-LR4-800-e0.1m35,G-p0.5-l1oct+jig0.25,amp,1250,32.55,28.54,79.6,53.2,34.2,33.29,20262927,1000
X2-LR4-800-e0.1m35,G-p0.5-l1oct+jig0.25,amp,1600,32.79,28.94,81.8,53.2,34.2,33.43,20262927,1000
X2-LR4-800-e0.1m35,G-p0.5-l1oct+jig0.25,amp,2000,32.81,28.87,83.0,53.2,34.2,33.45,20262927,1000
X2-LR4-800-e0.1m35,G-p0.5-l1oct+jig0.25,amp,2500,32.59,29.15,84.0,53.2,34.2,33.43,20262927,1000
X2-LR4-800-e0.1m35,G-p0.5-l1oct+jig0.25,amp,3150,33.15,29.02,83.5,53.2,34.2,32.62,20262927,1000
X2-LR4-800-e0.1m35,G-p0.5-l1oct+jig0.25,amp,4000,32.25,29.13,81.3,53.2,34.2,32.89,20262927,1000
X2-LR4-800-e1m30,G-p0.5-l1oct+jig0.25,amp,1000,30.00,27.21,50.1,36.6,21.6,31.08,20262927,1000
X2-LR4-800-e1m30,G-p0.5-l1oct+jig0.25,amp,1250,32.12,28.37,76.9,36.6,21.6,32.87,20262927,1000
X2-LR4-800-e1m30,G-p0.5-l1oct+jig0.25,amp,1600,32.60,28.85,80.1,36.6,21.6,33.20,20262927,1000
X2-LR4-800-e1m30,G-p0.5-l1oct+jig0.25,amp,2000,32.66,28.88,82.6,36.6,21.6,33.28,20262927,1000
X2-LR4-800-e1m30,G-p0.5-l1oct+jig0.25,amp,2500,32.54,29.12,82.7,36.6,21.6,33.34,20262927,1000
X2-LR4-800-e1m30,G-p0.5-l1oct+jig0.25,amp,3150,33.02,29.01,83.1,36.6,21.6,32.54,20262927,1000
X2-LR4-800-e1m30,G-p0.5-l1oct+jig0.25,amp,4000,32.12,29.16,80.9,36.6,21.6,32.81,20262927,1000
X2-LR4-800-e3m30,G-p0.5-l1oct+jig0.25,amp,1000,29.27,26.74,39.8,28.2,16.3,30.45,20262927,1000
X2-LR4-800-e3m30,G-p0.5-l1oct+jig0.25,amp,1250,31.85,28.23,74.5,28.2,16.3,32.63,20262927,1000
X2-LR4-800-e3m30,G-p0.5-l1oct+jig0.25,amp,1600,32.46,28.82,79.9,28.2,16.3,33.05,20262927,1000
X2-LR4-800-e3m30,G-p0.5-l1oct+jig0.25,amp,2000,32.59,28.86,82.1,28.2,16.3,33.16,20262927,1000
X2-LR4-800-e3m30,G-p0.5-l1oct+jig0.25,amp,2500,32.46,29.13,82.1,28.2,16.3,33.27,20262927,1000
X2-LR4-800-e3m30,G-p0.5-l1oct+jig0.25,amp,3150,32.91,29.01,82.8,28.2,16.3,32.46,20262927,1000
X2-LR4-800-e3m30,G-p0.5-l1oct+jig0.25,amp,4000,32.08,29.12,80.5,28.2,16.3,32.73,20262927,1000
X3-LR4-700/1600-e0.1m35,G-p0.5-l1oct+jig0.25,amp,1000,32.27,28.79,78.9,65.8,46.2,33.16,20262927,1000
X3-LR4-700/1600-e0.1m35,G-p0.5-l1oct+jig0.25,amp,1250,32.69,28.77,80.8,65.8,46.2,33.39,20262927,1000
X3-LR4-700/1600-e0.1m35,G-p0.5-l1oct+jig0.25,amp,1600,33.18,29.35,85.4,65.8,46.2,33.85,20262927,1000
X3-LR4-700/1600-e0.1m35,G-p0.5-l1oct+jig0.25,amp,2000,33.48,29.89,89.3,65.8,46.2,34.13,20262927,1000
X3-LR4-700/1600-e0.1m35,G-p0.5-l1oct+jig0.25,amp,2500,33.32,30.15,91.4,65.8,46.2,34.11,20262927,1000
X3-LR4-700/1600-e0.1m35,G-p0.5-l1oct+jig0.25,amp,3150,33.78,30.21,91.6,65.8,46.2,33.49,20262927,1000
X3-LR4-700/1600-e0.1m35,G-p0.5-l1oct+jig0.25,amp,4000,32.59,29.99,89.9,65.8,46.2,33.32,20262927,1000
X3-LR4-700/2000-e1m30,G-p0.5-l1oct+jig0.25,amp,1000,30.77,27.79,59.6,43.2,22.3,31.76,20262927,1000
X3-LR4-700/2000-e1m30,G-p0.5-l1oct+jig0.25,amp,1250,31.54,28.07,70.9,43.2,22.3,32.46,20262927,1000
X3-LR4-700/2000-e1m30,G-p0.5-l1oct+jig0.25,amp,1600,32.22,28.67,78.0,43.2,22.3,32.96,20262927,1000
X3-LR4-700/2000-e1m30,G-p0.5-l1oct+jig0.25,amp,2000,32.47,29.02,81.1,43.2,22.3,33.16,20262927,1000
X3-LR4-700/2000-e1m30,G-p0.5-l1oct+jig0.25,amp,2500,32.22,29.12,81.2,43.2,22.3,32.98,20262927,1000
X3-LR4-700/2000-e1m30,G-p0.5-l1oct+jig0.25,amp,3150,32.93,29.15,83.8,43.2,22.3,32.61,20262927,1000
X3-LR4-700/2000-e1m30,G-p0.5-l1oct+jig0.25,amp,4000,32.13,29.24,83.6,43.2,22.3,32.89,20262927,1000
X3-LR4-700/2000-e3m30,G-p0.5-l1oct+jig0.25,amp,1000,30.14,27.35,51.1,32.3,13.5,31.15,20262927,1000
X3-LR4-700/2000-e3m30,G-p0.5-l1oct+jig0.25,amp,1250,30.96,27.72,64.1,32.3,13.5,31.92,20262927,1000
X3-LR4-700/2000-e3m30,G-p0.5-l1oct+jig0.25,amp,1600,31.70,28.28,73.0,32.3,13.5,32.46,20262927,1000
X3-LR4-700/2000-e3m30,G-p0.5-l1oct+jig0.25,amp,2000,31.79,28.52,73.3,32.3,13.5,32.54,20262927,1000
X3-LR4-700/2000-e3m30,G-p0.5-l1oct+jig0.25,amp,2500,31.48,28.49,73.7,32.3,13.5,32.19,20262927,1000
X3-LR4-700/2000-e3m30,G-p0.5-l1oct+jig0.25,amp,3150,32.36,28.49,79.5,32.3,13.5,32.09,20262927,1000
X3-LR4-700/2000-e3m30,G-p0.5-l1oct+jig0.25,amp,4000,31.86,28.81,77.8,32.3,13.5,32.57,20262927,1000
X2-LR8-600-e3m30,G-p0.5-l1oct+jig0.25,amp,1000,30.44,27.44,56.1,39.0,22.6,31.50,20262927,1000
X2-LR8-600-e3m30,G-p0.5-l1oct+jig0.25,amp,1250,31.75,28.27,75.4,39.0,22.6,32.37,20262927,1000
X2-LR8-600-e3m30,G-p0.5-l1oct+jig0.25,amp,1600,31.99,28.75,77.9,39.0,22.6,32.54,20262927,1000
X2-LR8-600-e3m30,G-p0.5-l1oct+jig0.25,amp,2000,32.05,28.78,79.8,39.0,22.6,32.65,20262927,1000
X2-LR8-600-e3m30,G-p0.5-l1oct+jig0.25,amp,2500,32.29,29.10,81.3,39.0,22.6,32.95,20262927,1000
X2-LR8-600-e3m30,G-p0.5-l1oct+jig0.25,amp,3150,32.50,28.93,81.6,39.0,22.6,32.11,20262927,1000
X2-LR8-600-e3m30,G-p0.5-l1oct+jig0.25,amp,4000,31.70,29.08,78.2,39.0,22.6,32.23,20262927,1000
X2-LR8-700-e1m30,G-p0.5-l1oct+jig0.25,amp,1000,30.94,27.72,62.9,45.9,28.4,31.98,20262927,1000
X2-LR8-700-e1m30,G-p0.5-l1oct+jig0.25,amp,1250,32.04,28.35,77.2,45.9,28.4,32.65,20262927,1000
X2-LR8-700-e1m30,G-p0.5-l1oct+jig0.25,amp,1600,32.20,28.85,78.9,45.9,28.4,32.81,20262927,1000
X2-LR8-700-e1m30,G-p0.5-l1oct+jig0.25,amp,2000,32.31,28.84,82.0,45.9,28.4,32.94,20262927,1000
X2-LR8-700-e1m30,G-p0.5-l1oct+jig0.25,amp,2500,32.44,29.15,82.6,45.9,28.4,33.18,20262927,1000
X2-LR8-700-e1m30,G-p0.5-l1oct+jig0.25,amp,3150,32.84,29.04,82.9,45.9,28.4,32.37,20262927,1000
X2-LR8-700-e1m30,G-p0.5-l1oct+jig0.25,amp,4000,31.91,29.17,80.5,45.9,28.4,32.51,20262927,1000
X2-LR8-700-e3m30,G-p0.5-l1oct+jig0.25,amp,1000,30.25,27.31,53.9,37.9,22.4,31.41,20262927,1000
X2-LR8-700-e3m30,G-p0.5-l1oct+jig0.25,amp,1250,31.87,28.33,76.2,37.9,22.4,32.49,20262927,1000
X2-LR8-700-e3m30,G-p0.5-l1oct+jig0.25,amp,1600,32.09,28.78,78.6,37.9,22.4,32.65,20262927,1000
X2-LR8-700-e3m30,G-p0.5-l1oct+jig0.25,amp,2000,32.14,28.82,80.4,37.9,22.4,32.75,20262927,1000
X2-LR8-700-e3m30,G-p0.5-l1oct+jig0.25,amp,2500,32.33,29.12,81.5,37.9,22.4,33.01,20262927,1000
X2-LR8-700-e3m30,G-p0.5-l1oct+jig0.25,amp,3150,32.59,28.95,82.0,37.9,22.4,32.18,20262927,1000
X2-LR8-700-e3m30,G-p0.5-l1oct+jig0.25,amp,4000,31.75,29.12,78.4,37.9,22.4,32.32,20262927,1000
X2-LR8-800-e1m30,G-p0.5-l1oct+jig0.25,amp,1000,30.34,27.41,55.4,40.9,25.5,31.51,20262927,1000
X2-LR8-800-e1m30,G-p0.5-l1oct+jig0.25,amp,1250,32.26,28.39,78.3,40.9,25.5,32.89,20262927,1000
X2-LR8-800-e1m30,G-p0.5-l1oct+jig0.25,amp,1600,32.41,28.86,79.3,40.9,25.5,33.00,20262927,1000
X2-LR8-800-e1m30,G-p0.5-l1oct+jig0.25,amp,2000,32.47,28.88,82.4,40.9,25.5,33.10,20262927,1000
X2-LR8-800-e1m30,G-p0.5-l1oct+jig0.25,amp,2500,32.48,29.20,82.6,40.9,25.5,33.26,20262927,1000
X2-LR8-800-e1m30,G-p0.5-l1oct+jig0.25,amp,3150,32.93,29.05,82.9,40.9,25.5,32.45,20262927,1000
X2-LR8-800-e1m30,G-p0.5-l1oct+jig0.25,amp,4000,32.00,29.16,81.0,40.9,25.5,32.63,20262927,1000
X2-LR8-800-e3m30,G-p0.5-l1oct+jig0.25,amp,1000,29.65,26.97,45.2,32.4,19.8,30.82,20262927,1000
X2-LR8-800-e3m30,G-p0.5-l1oct+jig0.25,amp,1250,32.12,28.34,77.3,32.4,19.8,32.73,20262927,1000
X2-LR8-800-e3m30,G-p0.5-l1oct+jig0.25,amp,1600,32.30,28.84,79.1,32.4,19.8,32.86,20262927,1000
X2-LR8-800-e3m30,G-p0.5-l1oct+jig0.25,amp,2000,32.35,28.85,81.4,32.4,19.8,32.94,20262927,1000
X2-LR8-800-e3m30,G-p0.5-l1oct+jig0.25,amp,2500,32.39,29.11,82.0,32.4,19.8,33.13,20262927,1000
X2-LR8-800-e3m30,G-p0.5-l1oct+jig0.25,amp,3150,32.77,28.99,82.3,32.4,19.8,32.31,20262927,1000
X2-LR8-800-e3m30,G-p0.5-l1oct+jig0.25,amp,4000,31.89,29.12,79.7,32.4,19.8,32.49,20262927,1000
X3-LR8-700/1400-e0.1m35,G-p0.5-l1oct+jig0.25,amp,1000,32.23,28.84,79.0,65.6,46.3,33.09,20262927,1000
X3-LR8-700/1400-e0.1m35,G-p0.5-l1oct+jig0.25,amp,1250,32.78,28.91,82.4,65.6,46.3,33.44,20262927,1000
X3-LR8-700/1400-e0.1m35,G-p0.5-l1oct+jig0.25,amp,1600,33.39,29.59,87.3,65.6,46.3,33.98,20262927,1000
X3-LR8-700/1400-e0.1m35,G-p0.5-l1oct+jig0.25,amp,2000,33.48,29.87,89.3,65.6,46.3,34.04,20262927,1000
X3-LR8-700/1400-e0.1m35,G-p0.5-l1oct+jig0.25,amp,2500,33.24,30.06,90.5,65.6,46.3,34.02,20262927,1000
X3-LR8-700/1400-e0.1m35,G-p0.5-l1oct+jig0.25,amp,3150,33.66,29.93,89.7,65.6,46.3,33.33,20262927,1000
X3-LR8-700/1400-e0.1m35,G-p0.5-l1oct+jig0.25,amp,4000,32.66,29.88,89.3,65.6,46.3,33.37,20262927,1000
X3-LR8-700/1600-e0.1m35,G-p0.5-l1oct+jig0.25,amp,1000,32.22,28.75,78.4,65.8,46.6,33.16,20262927,1000
X3-LR8-700/1600-e0.1m35,G-p0.5-l1oct+jig0.25,amp,1250,32.69,28.82,81.3,65.8,46.6,33.41,20262927,1000
X3-LR8-700/1600-e0.1m35,G-p0.5-l1oct+jig0.25,amp,1600,33.16,29.44,86.0,65.8,46.6,33.84,20262927,1000
X3-LR8-700/1600-e0.1m35,G-p0.5-l1oct+jig0.25,amp,2000,33.50,29.98,89.9,65.8,46.6,34.16,20262927,1000
X3-LR8-700/1600-e0.1m35,G-p0.5-l1oct+jig0.25,amp,2500,33.34,30.20,91.7,65.8,46.6,34.12,20262927,1000
X3-LR8-700/1600-e0.1m35,G-p0.5-l1oct+jig0.25,amp,3150,33.79,30.15,91.3,65.8,46.6,33.47,20262927,1000
X3-LR8-700/1600-e0.1m35,G-p0.5-l1oct+jig0.25,amp,4000,32.65,29.95,89.4,65.8,46.6,33.35,20262927,1000
X3-LR8-700/2000-e1m30,G-p0.5-l1oct+jig0.25,amp,1000,30.91,27.76,60.7,44.9,24.3,31.94,20262927,1000
X3-LR8-700/2000-e1m30,G-p0.5-l1oct+jig0.25,amp,1250,31.73,28.23,70.8,44.9,24.3,32.49,20262927,1000
X3-LR8-700/2000-e1m30,G-p0.5-l1oct+jig0.25,amp,1600,32.23,28.64,78.9,44.9,24.3,32.91,20262927,1000
X3-LR8-700/2000-e1m30,G-p0.5-l1oct+jig0.25,amp,2000,32.12,29.03,80.4,44.9,24.3,32.90,20262927,1000
X3-LR8-700/2000-e1m30,G-p0.5-l1oct+jig0.25,amp,2500,32.36,29.39,83.6,44.9,24.3,33.16,20262927,1000
X3-LR8-700/2000-e1m30,G-p0.5-l1oct+jig0.25,amp,3150,33.48,29.77,88.1,44.9,24.3,33.18,20262927,1000
X3-LR8-700/2000-e1m30,G-p0.5-l1oct+jig0.25,amp,4000,32.45,29.70,87.2,44.9,24.3,33.17,20262927,1000
X3-LR8-800/1600-e0.1m35,G-p0.5-l1oct+jig0.25,amp,1000,31.88,28.51,76.3,64.1,45.3,32.74,20262927,1000
X3-LR8-800/1600-e0.1m35,G-p0.5-l1oct+jig0.25,amp,1250,32.71,28.76,81.4,64.1,45.3,33.39,20262927,1000
X3-LR8-800/1600-e0.1m35,G-p0.5-l1oct+jig0.25,amp,1600,33.21,29.45,86.3,64.1,45.3,33.89,20262927,1000
X3-LR8-800/1600-e0.1m35,G-p0.5-l1oct+jig0.25,amp,2000,33.51,29.98,89.8,64.1,45.3,34.14,20262927,1000
X3-LR8-800/1600-e0.1m35,G-p0.5-l1oct+jig0.25,amp,2500,33.37,30.17,91.5,64.1,45.3,34.10,20262927,1000
X3-LR8-800/1600-e0.1m35,G-p0.5-l1oct+jig0.25,amp,3150,33.76,30.10,91.1,64.1,45.3,33.45,20262927,1000
X3-LR8-800/1600-e0.1m35,G-p0.5-l1oct+jig0.25,amp,4000,32.68,29.95,89.6,64.1,45.3,33.38,20262927,1000
X3-LR4-700/1600-e0.1m35+5k,G-p0.5-l1oct+jig0.25,amp,1000,32.18,28.65,78.3,57.4,36.6,33.12,20262927,1000
X3-LR4-700/1600-e0.1m35+5k,G-p0.5-l1oct+jig0.25,amp,1250,32.59,28.61,79.9,57.4,36.6,33.27,20262927,1000
X3-LR4-700/1600-e0.1m35+5k,G-p0.5-l1oct+jig0.25,amp,1600,32.75,28.90,81.6,57.4,36.6,33.47,20262927,1000
X3-LR4-700/1600-e0.1m35+5k,G-p0.5-l1oct+jig0.25,amp,2000,32.98,28.91,83.9,57.4,36.6,33.51,20262927,1000
X3-LR4-700/1600-e0.1m35+5k,G-p0.5-l1oct+jig0.25,amp,2500,32.63,29.16,82.8,57.4,36.6,33.39,20262927,1000
X3-LR4-700/1600-e0.1m35+5k,G-p0.5-l1oct+jig0.25,amp,3150,33.11,29.01,83.7,57.4,36.6,32.64,20262927,1000
X3-LR4-700/1600-e0.1m35+5k,G-p0.5-l1oct+jig0.25,amp,4000,32.08,29.13,80.8,57.4,36.6,32.78,20262927,1000
DDC-BW30,G-p0.5-l1oct+jig0.25,amp,1000,27.96,24.78,20.7,0.0,0.0,28.87,20262927,1000
DDC-BW30,G-p0.5-l1oct+jig0.25,amp,1250,27.41,24.22,16.7,0.0,0.0,28.44,20262927,1000
DDC-BW30,G-p0.5-l1oct+jig0.25,amp,1600,26.83,23.72,12.9,0.0,0.0,27.90,20262927,1000
DDC-BW30,G-p0.5-l1oct+jig0.25,amp,2000,26.36,23.13,10.1,0.0,0.0,27.43,20262927,1000
DDC-BW30,G-p0.5-l1oct+jig0.25,amp,2500,25.04,21.67,5.4,0.0,0.0,26.00,20262927,1000
DDC-BW30,G-p0.5-l1oct+jig0.25,amp,3150,24.86,21.24,3.3,0.0,0.0,25.02,20262927,1000
DDC-BW30,G-p0.5-l1oct+jig0.25,amp,4000,8.04,7.44,0.0,0.0,0.0,8.43,20262927,1000
Legendre-only,G-p0.5-l1oct+jig0.25,amp,1000,30.69,27.93,63.4,49.0,25.5,31.37,20262927,1000
Legendre-only,G-p0.5-l1oct+jig0.25,amp,1250,30.54,27.34,59.6,49.0,25.5,31.40,20262927,1000
Legendre-only,G-p0.5-l1oct+jig0.25,amp,1600,32.00,28.50,77.8,49.0,25.5,32.89,20262927,1000
Legendre-only,G-p0.5-l1oct+jig0.25,amp,2000,32.82,28.95,83.3,49.0,25.5,33.47,20262927,1000
Legendre-only,G-p0.5-l1oct+jig0.25,amp,2500,32.78,29.36,85.9,49.0,25.5,33.58,20262927,1000
Legendre-only,G-p0.5-l1oct+jig0.25,amp,3150,33.39,29.21,85.0,49.0,25.5,32.86,20262927,1000
Legendre-only,G-p0.5-l1oct+jig0.25,amp,4000,32.28,29.28,83.6,49.0,25.5,32.99,20262927,1000
CBT-arc20,G-p0.5-l1oct+jig0.25,amp,1000,29.38,26.47,40.1,20.7,9.6,30.18,20262927,1000
CBT-arc20,G-p0.5-l1oct+jig0.25,amp,1250,29.96,26.70,49.2,20.7,9.6,30.74,20262927,1000
CBT-arc20,G-p0.5-l1oct+jig0.25,amp,1600,31.62,27.98,71.6,20.7,9.6,32.42,20262927,1000
CBT-arc20,G-p0.5-l1oct+jig0.25,amp,2000,32.26,28.73,79.5,20.7,9.6,33.02,20262927,1000
CBT-arc20,G-p0.5-l1oct+jig0.25,amp,2500,32.19,28.72,79.4,20.7,9.6,32.93,20262927,1000
CBT-arc20,G-p0.5-l1oct+jig0.25,amp,3150,32.47,28.28,78.3,20.7,9.6,31.98,20262927,1000
CBT-arc20,G-p0.5-l1oct+jig0.25,amp,4000,30.45,27.74,56.6,20.7,9.6,31.13,20262927,1000
CBT-arc20-int,G-p0.5-l1oct+jig0.25,amp,1000,29.71,26.85,44.7,0.0,0.0,30.46,20262927,1000
CBT-arc20-int,G-p0.5-l1oct+jig0.25,amp,1250,30.11,26.84,52.1,0.0,0.0,30.96,20262927,1000
CBT-arc20-int,G-p0.5-l1oct+jig0.25,amp,1600,30.15,26.56,51.9,0.0,0.0,31.10,20262927,1000
CBT-arc20-int,G-p0.5-l1oct+jig0.25,amp,2000,30.20,26.83,53.2,0.0,0.0,31.20,20262927,1000
CBT-arc20-int,G-p0.5-l1oct+jig0.25,amp,2500,25.58,23.32,3.0,0.0,0.0,26.68,20262927,1000
CBT-arc20-int,G-p0.5-l1oct+jig0.25,amp,3150,27.37,25.18,8.5,0.0,0.0,27.63,20262927,1000
CBT-arc20-int,G-p0.5-l1oct+jig0.25,amp,4000,23.16,21.43,0.0,0.0,0.0,24.06,20262927,1000
CBT-arc30,G-p0.5-l1oct+jig0.25,amp,1000,27.89,25.24,18.2,1.4,0.3,28.82,20262927,1000
CBT-arc30,G-p0.5-l1oct+jig0.25,amp,1250,28.95,25.98,35.5,1.4,0.3,29.88,20262927,1000
CBT-arc30,G-p0.5-l1oct+jig0.25,amp,1600,31.03,27.32,62.4,1.4,0.3,31.75,20262927,1000
CBT-arc30,G-p0.5-l1oct+jig0.25,amp,2000,31.59,28.12,73.4,1.4,0.3,32.41,20262927,1000
CBT-arc30,G-p0.5-l1oct+jig0.25,amp,2500,31.39,28.00,68.3,1.4,0.3,32.18,20262927,1000
CBT-arc30,G-p0.5-l1oct+jig0.25,amp,3150,31.29,27.41,66.5,1.4,0.3,30.92,20262927,1000
CBT-arc30,G-p0.5-l1oct+jig0.25,amp,4000,27.76,25.53,9.6,1.4,0.3,28.38,20262927,1000
Dolph-20,G-p0.5-l1oct+jig0.25,pair,1000,22.16,20.98,0.0,0.0,0.0,22.54,20262928,1000
Dolph-20,G-p0.5-l1oct+jig0.25,pair,1250,21.63,20.61,0.0,0.0,0.0,22.06,20262928,1000
Dolph-20,G-p0.5-l1oct+jig0.25,pair,1600,22.58,21.72,0.0,0.0,0.0,22.91,20262928,1000
Dolph-20,G-p0.5-l1oct+jig0.25,pair,2000,22.70,22.02,0.0,0.0,0.0,23.05,20262928,1000
Dolph-20,G-p0.5-l1oct+jig0.25,pair,2500,23.45,22.74,0.0,0.0,0.0,23.77,20262928,1000
Dolph-20,G-p0.5-l1oct+jig0.25,pair,3150,22.50,21.75,0.0,0.0,0.0,22.54,20262928,1000
Dolph-20,G-p0.5-l1oct+jig0.25,pair,4000,22.47,21.76,0.0,0.0,0.0,22.72,20262928,1000
Dolph-35,G-p0.5-l1oct+jig0.25,pair,1000,32.32,28.85,79.4,69.3,56.8,32.94,20262928,1000
Dolph-35,G-p0.5-l1oct+jig0.25,pair,1250,33.35,30.31,91.9,69.3,56.8,33.93,20262928,1000
Dolph-35,G-p0.5-l1oct+jig0.25,pair,1600,33.17,30.38,92.2,69.3,56.8,33.66,20262928,1000
Dolph-35,G-p0.5-l1oct+jig0.25,pair,2000,33.09,30.39,92.8,69.3,56.8,33.73,20262928,1000
Dolph-35,G-p0.5-l1oct+jig0.25,pair,2500,33.44,30.53,93.6,69.3,56.8,34.01,20262928,1000
Dolph-35,G-p0.5-l1oct+jig0.25,pair,3150,33.71,31.38,97.7,69.3,56.8,33.96,20262928,1000
Dolph-35,G-p0.5-l1oct+jig0.25,pair,4000,32.40,30.25,92.5,69.3,56.8,33.03,20262928,1000
D20q,G-p0.5-l1oct+jig0.25,pair,1000,22.16,20.98,0.0,0.0,0.0,22.54,20262928,1000
D20q,G-p0.5-l1oct+jig0.25,pair,1250,21.63,20.61,0.0,0.0,0.0,22.06,20262928,1000
D20q,G-p0.5-l1oct+jig0.25,pair,1600,22.58,21.72,0.0,0.0,0.0,22.91,20262928,1000
D20q,G-p0.5-l1oct+jig0.25,pair,2000,22.70,22.02,0.0,0.0,0.0,23.05,20262928,1000
D20q,G-p0.5-l1oct+jig0.25,pair,2500,23.45,22.74,0.0,0.0,0.0,23.77,20262928,1000
D20q,G-p0.5-l1oct+jig0.25,pair,3150,22.50,21.75,0.0,0.0,0.0,22.54,20262928,1000
D20q,G-p0.5-l1oct+jig0.25,pair,4000,22.47,21.76,0.0,0.0,0.0,22.72,20262928,1000
D35q,G-p0.5-l1oct+jig0.25,pair,1000,32.32,28.85,79.3,69.2,56.8,32.94,20262928,1000
D35q,G-p0.5-l1oct+jig0.25,pair,1250,33.35,30.31,91.9,69.2,56.8,33.93,20262928,1000
D35q,G-p0.5-l1oct+jig0.25,pair,1600,33.17,30.37,92.2,69.2,56.8,33.66,20262928,1000
D35q,G-p0.5-l1oct+jig0.25,pair,2000,33.09,30.39,92.8,69.2,56.8,33.73,20262928,1000
D35q,G-p0.5-l1oct+jig0.25,pair,2500,33.44,30.53,93.6,69.2,56.8,34.01,20262928,1000
D35q,G-p0.5-l1oct+jig0.25,pair,3150,33.71,31.38,97.7,69.2,56.8,33.96,20262928,1000
D35q,G-p0.5-l1oct+jig0.25,pair,4000,32.40,30.25,92.5,69.2,56.8,33.03,20262928,1000
RS-Aq,G-p0.5-l1oct+jig0.25,pair,1000,33.78,30.22,90.7,82.7,75.6,34.31,20262928,1000
RS-Aq,G-p0.5-l1oct+jig0.25,pair,1250,34.39,30.78,95.3,82.7,75.6,34.89,20262928,1000
RS-Aq,G-p0.5-l1oct+jig0.25,pair,1600,34.33,30.89,95.0,82.7,75.6,34.86,20262928,1000
RS-Aq,G-p0.5-l1oct+jig0.25,pair,2000,34.53,30.89,95.2,82.7,75.6,35.14,20262928,1000
RS-Aq,G-p0.5-l1oct+jig0.25,pair,2500,34.77,31.15,96.4,82.7,75.6,35.27,20262928,1000
RS-Aq,G-p0.5-l1oct+jig0.25,pair,3150,35.43,32.58,99.1,82.7,75.6,35.81,20262928,1000
RS-Aq,G-p0.5-l1oct+jig0.25,pair,4000,33.54,30.86,95.5,82.7,75.6,34.25,20262928,1000
RS-Bq,G-p0.5-l1oct+jig0.25,pair,1000,32.62,29.24,82.7,75.5,67.4,33.21,20262928,1000
RS-Bq,G-p0.5-l1oct+jig0.25,pair,1250,33.66,30.55,94.5,75.5,67.4,34.20,20262928,1000
RS-Bq,G-p0.5-l1oct+jig0.25,pair,1600,33.67,30.70,94.9,75.5,67.4,34.13,20262928,1000
RS-Bq,G-p0.5-l1oct+jig0.25,pair,2000,33.79,30.71,95.1,75.5,67.4,34.44,20262928,1000
RS-Bq,G-p0.5-l1oct+jig0.25,pair,2500,34.17,30.93,95.7,75.5,67.4,34.75,20262928,1000
RS-Bq,G-p0.5-l1oct+jig0.25,pair,3150,34.72,32.07,98.7,75.5,67.4,34.99,20262928,1000
RS-Bq,G-p0.5-l1oct+jig0.25,pair,4000,33.02,30.69,95.2,75.5,67.4,33.71,20262928,1000
X2-LR4-600-e3m30,G-p0.5-l1oct+jig0.25,pair,1000,31.64,28.41,73.9,67.8,59.2,32.44,20262928,1000
X2-LR4-600-e3m30,G-p0.5-l1oct+jig0.25,pair,1250,33.74,30.58,94.0,67.8,59.2,34.33,20262928,1000
X2-LR4-600-e3m30,G-p0.5-l1oct+jig0.25,pair,1600,33.82,30.78,94.7,67.8,59.2,34.28,20262928,1000
X2-LR4-600-e3m30,G-p0.5-l1oct+jig0.25,pair,2000,33.85,30.74,95.2,67.8,59.2,34.54,20262928,1000
X2-LR4-600-e3m30,G-p0.5-l1oct+jig0.25,pair,2500,34.21,30.89,95.7,67.8,59.2,34.76,20262928,1000
X2-LR4-600-e3m30,G-p0.5-l1oct+jig0.25,pair,3150,34.75,32.06,98.7,67.8,59.2,35.01,20262928,1000
X2-LR4-600-e3m30,G-p0.5-l1oct+jig0.25,pair,4000,33.12,30.71,95.2,67.8,59.2,33.81,20262928,1000
X2-LR4-700-e1m30,G-p0.5-l1oct+jig0.25,pair,1000,32.11,28.71,77.9,72.3,64.4,32.82,20262928,1000
X2-LR4-700-e1m30,G-p0.5-l1oct+jig0.25,pair,1250,34.28,30.80,94.7,72.3,64.4,34.82,20262928,1000
X2-LR4-700-e1m30,G-p0.5-l1oct+jig0.25,pair,1600,34.29,31.00,95.3,72.3,64.4,34.80,20262928,1000
X2-LR4-700-e1m30,G-p0.5-l1oct+jig0.25,pair,2000,34.41,30.94,95.7,72.3,64.4,35.06,20262928,1000
X2-LR4-700-e1m30,G-p0.5-l1oct+jig0.25,pair,2500,34.63,31.08,96.3,72.3,64.4,35.17,20262928,1000
X2-LR4-700-e1m30,G-p0.5-l1oct+jig0.25,pair,3150,35.25,32.48,99.1,72.3,64.4,35.63,20262928,1000
X2-LR4-700-e1m30,G-p0.5-l1oct+jig0.25,pair,4000,33.53,30.90,95.8,72.3,64.4,34.24,20262928,1000
X2-LR4-700-e3m30,G-p0.5-l1oct+jig0.25,pair,1000,31.26,28.10,67.2,62.2,54.0,32.02,20262928,1000
X2-LR4-700-e3m30,G-p0.5-l1oct+jig0.25,pair,1250,33.84,30.56,93.6,62.2,54.0,34.47,20262928,1000
X2-LR4-700-e3m30,G-p0.5-l1oct+jig0.25,pair,1600,34.06,30.90,94.8,62.2,54.0,34.53,20262928,1000
X2-LR4-700-e3m30,G-p0.5-l1oct+jig0.25,pair,2000,34.14,30.85,95.3,62.2,54.0,34.81,20262928,1000
X2-LR4-700-e3m30,G-p0.5-l1oct+jig0.25,pair,2500,34.42,30.98,95.8,62.2,54.0,34.96,20262928,1000
X2-LR4-700-e3m30,G-p0.5-l1oct+jig0.25,pair,3150,35.01,32.26,99.0,62.2,54.0,35.33,20262928,1000
X2-LR4-700-e3m30,G-p0.5-l1oct+jig0.25,pair,4000,33.37,30.81,95.4,62.2,54.0,34.05,20262928,1000
X2-LR4-800-e0.1m35,G-p0.5-l1oct+jig0.25,pair,1000,33.48,29.79,88.1,81.8,74.0,34.15,20262928,1000
X2-LR4-800-e0.1m35,G-p0.5-l1oct+jig0.25,pair,1250,34.89,31.14,96.2,81.8,74.0,35.49,20262928,1000
X2-LR4-800-e0.1m35,G-p0.5-l1oct+jig0.25,pair,1600,34.88,31.23,95.5,81.8,74.0,35.41,20262928,1000
X2-LR4-800-e0.1m35,G-p0.5-l1oct+jig0.25,pair,2000,34.90,31.11,96.0,81.8,74.0,35.58,20262928,1000
X2-LR4-800-e0.1m35,G-p0.5-l1oct+jig0.25,pair,2500,34.88,31.15,96.4,81.8,74.0,35.46,20262928,1000
X2-LR4-800-e0.1m35,G-p0.5-l1oct+jig0.25,pair,3150,35.70,32.72,99.2,81.8,74.0,36.08,20262928,1000
X2-LR4-800-e0.1m35,G-p0.5-l1oct+jig0.25,pair,4000,33.83,30.91,96.0,81.8,74.0,34.53,20262928,1000
X2-LR4-800-e1m30,G-p0.5-l1oct+jig0.25,pair,1000,31.26,28.19,67.9,63.3,55.4,32.01,20262928,1000
X2-LR4-800-e1m30,G-p0.5-l1oct+jig0.25,pair,1250,34.18,30.69,93.8,63.3,55.4,34.82,20262928,1000
X2-LR4-800-e1m30,G-p0.5-l1oct+jig0.25,pair,1600,34.52,31.06,95.1,63.3,55.4,35.03,20262928,1000
X2-LR4-800-e1m30,G-p0.5-l1oct+jig0.25,pair,2000,34.60,31.02,95.5,63.3,55.4,35.29,20262928,1000
X2-LR4-800-e1m30,G-p0.5-l1oct+jig0.25,pair,2500,34.75,31.13,96.4,63.3,55.4,35.31,20262928,1000
X2-LR4-800-e1m30,G-p0.5-l1oct+jig0.25,pair,3150,35.50,32.62,99.1,63.3,55.4,35.87,20262928,1000
X2-LR4-800-e1m30,G-p0.5-l1oct+jig0.25,pair,4000,33.73,30.92,95.9,63.3,55.4,34.41,20262928,1000
X2-LR4-800-e3m30,G-p0.5-l1oct+jig0.25,pair,1000,30.47,27.67,56.8,52.5,45.3,31.24,20262928,1000
X2-LR4-800-e3m30,G-p0.5-l1oct+jig0.25,pair,1250,33.78,30.44,92.5,52.5,45.3,34.44,20262928,1000
X2-LR4-800-e3m30,G-p0.5-l1oct+jig0.25,pair,1600,34.30,30.97,95.0,52.5,45.3,34.78,20262928,1000
X2-LR4-800-e3m30,G-p0.5-l1oct+jig0.25,pair,2000,34.41,30.91,95.6,52.5,45.3,35.09,20262928,1000
X2-LR4-800-e3m30,G-p0.5-l1oct+jig0.25,pair,2500,34.62,31.06,96.1,52.5,45.3,35.17,20262928,1000
X2-LR4-800-e3m30,G-p0.5-l1oct+jig0.25,pair,3150,35.31,32.50,99.1,52.5,45.3,35.67,20262928,1000
X2-LR4-800-e3m30,G-p0.5-l1oct+jig0.25,pair,4000,33.62,30.90,95.7,52.5,45.3,34.29,20262928,1000
X3-LR4-700/1600-e0.1m35,G-p0.5-l1oct+jig0.25,pair,1000,33.99,30.16,91.2,87.3,80.8,34.52,20262928,1000
X3-LR4-700/1600-e0.1m35,G-p0.5-l1oct+jig0.25,pair,1250,34.80,30.85,95.2,87.3,80.8,35.33,20262928,1000
X3-LR4-700/1600-e0.1m35,G-p0.5-l1oct+jig0.25,pair,1600,35.26,31.23,97.0,87.3,80.8,35.73,20262928,1000
X3-LR4-700/1600-e0.1m35,G-p0.5-l1oct+jig0.25,pair,2000,35.27,32.01,97.5,87.3,80.8,35.98,20262928,1000
X3-LR4-700/1600-e0.1m35,G-p0.5-l1oct+jig0.25,pair,2500,34.62,31.64,97.5,87.3,80.8,35.30,20262928,1000
X3-LR4-700/1600-e0.1m35,G-p0.5-l1oct+jig0.25,pair,3150,35.46,32.32,98.8,87.3,80.8,35.50,20262928,1000
X3-LR4-700/1600-e0.1m35,G-p0.5-l1oct+jig0.25,pair,4000,33.59,31.13,97.6,87.3,80.8,34.26,20262928,1000
X3-LR4-700/2000-e1m30,G-p0.5-l1oct+jig0.25,pair,1000,32.06,28.83,78.3,72.3,58.9,32.77,20262928,1000
X3-LR4-700/2000-e1m30,G-p0.5-l1oct+jig0.25,pair,1250,33.46,30.06,90.4,72.3,58.9,34.14,20262928,1000
X3-LR4-700/2000-e1m30,G-p0.5-l1oct+jig0.25,pair,1600,33.80,30.37,92.8,72.3,58.9,34.42,20262928,1000
X3-LR4-700/2000-e1m30,G-p0.5-l1oct+jig0.25,pair,2000,34.17,30.77,95.5,72.3,58.9,34.91,20262928,1000
X3-LR4-700/2000-e1m30,G-p0.5-l1oct+jig0.25,pair,2500,33.85,30.81,95.4,72.3,58.9,34.51,20262928,1000
X3-LR4-700/2000-e1m30,G-p0.5-l1oct+jig0.25,pair,3150,35.22,32.35,98.9,72.3,58.9,35.58,20262928,1000
X3-LR4-700/2000-e1m30,G-p0.5-l1oct+jig0.25,pair,4000,33.70,30.98,96.2,72.3,58.9,34.37,20262928,1000
X3-LR4-700/2000-e3m30,G-p0.5-l1oct+jig0.25,pair,1000,31.43,28.52,72.1,63.6,44.8,32.07,20262928,1000
X3-LR4-700/2000-e3m30,G-p0.5-l1oct+jig0.25,pair,1250,32.69,29.37,84.2,63.6,44.8,33.35,20262928,1000
X3-LR4-700/2000-e3m30,G-p0.5-l1oct+jig0.25,pair,1600,33.09,29.94,89.6,63.6,44.8,33.75,20262928,1000
X3-LR4-700/2000-e3m30,G-p0.5-l1oct+jig0.25,pair,2000,33.39,30.40,92.4,63.6,44.8,34.14,20262928,1000
X3-LR4-700/2000-e3m30,G-p0.5-l1oct+jig0.25,pair,2500,33.01,30.27,92.7,63.6,44.8,33.62,20262928,1000
X3-LR4-700/2000-e3m30,G-p0.5-l1oct+jig0.25,pair,3150,34.80,32.02,98.5,63.6,44.8,35.20,20262928,1000
X3-LR4-700/2000-e3m30,G-p0.5-l1oct+jig0.25,pair,4000,33.53,30.55,94.2,63.6,44.8,34.20,20262928,1000
X2-LR8-600-e3m30,G-p0.5-l1oct+jig0.25,pair,1000,31.89,28.60,76.5,69.6,61.3,32.60,20262928,1000
X2-LR8-600-e3m30,G-p0.5-l1oct+jig0.25,pair,1250,33.41,30.48,93.8,69.6,61.3,34.02,20262928,1000
X2-LR8-600-e3m30,G-p0.5-l1oct+jig0.25,pair,1600,33.44,30.63,94.2,69.6,61.3,33.93,20262928,1000
X2-LR8-600-e3m30,G-p0.5-l1oct+jig0.25,pair,2000,33.54,30.58,94.4,69.6,61.3,34.18,20262928,1000
X2-LR8-600-e3m30,G-p0.5-l1oct+jig0.25,pair,2500,33.92,30.78,95.6,69.6,61.3,34.47,20262928,1000
X2-LR8-600-e3m30,G-p0.5-l1oct+jig0.25,pair,3150,34.30,31.82,98.5,69.6,61.3,34.59,20262928,1000
X2-LR8-600-e3m30,G-p0.5-l1oct+jig0.25,pair,4000,32.81,30.55,94.8,69.6,61.3,33.46,20262928,1000
X2-LR8-700-e1m30,G-p0.5-l1oct+jig0.25,pair,1000,32.60,29.05,82.2,75.6,67.6,33.23,20262928,1000
X2-LR8-700-e1m30,G-p0.5-l1oct+jig0.25,pair,1250,33.93,30.67,94.9,75.6,67.6,34.48,20262928,1000
X2-LR8-700-e1m30,G-p0.5-l1oct+jig0.25,pair,1600,33.85,30.77,95.1,75.6,67.6,34.36,20262928,1000
X2-LR8-700-e1m30,G-p0.5-l1oct+jig0.25,pair,2000,33.99,30.79,95.4,75.6,67.6,34.64,20262928,1000
X2-LR8-700-e1m30,G-p0.5-l1oct+jig0.25,pair,2500,34.33,30.97,95.8,75.6,67.6,34.88,20262928,1000
X2-LR8-700-e1m30,G-p0.5-l1oct+jig0.25,pair,3150,34.90,32.17,98.9,75.6,67.6,35.19,20262928,1000
X2-LR8-700-e1m30,G-p0.5-l1oct+jig0.25,pair,4000,33.17,30.77,95.4,75.6,67.6,33.87,20262928,1000
X2-LR8-700-e3m30,G-p0.5-l1oct+jig0.25,pair,1000,31.74,28.44,74.8,68.1,60.3,32.47,20262928,1000
X2-LR8-700-e3m30,G-p0.5-l1oct+jig0.25,pair,1250,33.62,30.61,94.3,68.1,60.3,34.22,20262928,1000
X2-LR8-700-e3m30,G-p0.5-l1oct+jig0.25,pair,1600,33.65,30.70,94.6,68.1,60.3,34.10,20262928,1000
X2-LR8-700-e3m30,G-p0.5-l1oct+jig0.25,pair,2000,33.69,30.65,94.6,68.1,60.3,34.34,20262928,1000
X2-LR8-700-e3m30,G-p0.5-l1oct+jig0.25,pair,2500,34.02,30.83,95.7,68.1,60.3,34.60,20262928,1000
X2-LR8-700-e3m30,G-p0.5-l1oct+jig0.25,pair,3150,34.47,31.91,98.5,68.1,60.3,34.77,20262928,1000
X2-LR8-700-e3m30,G-p0.5-l1oct+jig0.25,pair,4000,32.92,30.61,95.1,68.1,60.3,33.60,20262928,1000
X2-LR8-800-e1m30,G-p0.5-l1oct+jig0.25,pair,1000,31.88,28.54,76.0,70.2,63.2,32.59,20262928,1000
X2-LR8-800-e1m30,G-p0.5-l1oct+jig0.25,pair,1250,34.31,30.84,95.3,70.2,63.2,34.88,20262928,1000
X2-LR8-800-e1m30,G-p0.5-l1oct+jig0.25,pair,1600,34.18,30.88,95.1,70.2,63.2,34.69,20262928,1000
X2-LR8-800-e1m30,G-p0.5-l1oct+jig0.25,pair,2000,34.27,30.90,95.5,70.2,63.2,34.94,20262928,1000
X2-LR8-800-e1m30,G-p0.5-l1oct+jig0.25,pair,2500,34.55,31.06,96.0,70.2,63.2,35.08,20262928,1000
X2-LR8-800-e1m30,G-p0.5-l1oct+jig0.25,pair,3150,35.13,32.39,99.0,70.2,63.2,35.47,20262928,1000
X2-LR8-800-e1m30,G-p0.5-l1oct+jig0.25,pair,4000,33.40,30.82,95.8,70.2,63.2,34.08,20262928,1000
X2-LR8-800-e3m30,G-p0.5-l1oct+jig0.25,pair,1000,30.91,27.87,62.7,58.1,51.0,31.72,20262928,1000
X2-LR8-800-e3m30,G-p0.5-l1oct+jig0.25,pair,1250,34.03,30.74,95.0,58.1,51.0,34.62,20262928,1000
X2-LR8-800-e3m30,G-p0.5-l1oct+jig0.25,pair,1600,33.99,30.85,94.9,58.1,51.0,34.46,20262928,1000
X2-LR8-800-e3m30,G-p0.5-l1oct+jig0.25,pair,2000,34.02,30.80,95.2,58.1,51.0,34.68,20262928,1000
X2-LR8-800-e3m30,G-p0.5-l1oct+jig0.25,pair,2500,34.30,30.93,95.8,58.1,51.0,34.85,20262928,1000
X2-LR8-800-e3m30,G-p0.5-l1oct+jig0.25,pair,3150,34.85,32.16,98.9,58.1,51.0,35.13,20262928,1000
X2-LR8-800-e3m30,G-p0.5-l1oct+jig0.25,pair,4000,33.18,30.72,95.2,58.1,51.0,33.87,20262928,1000
X3-LR8-700/1400-e0.1m35,G-p0.5-l1oct+jig0.25,pair,1000,33.91,30.23,91.4,87.8,80.7,34.48,20262928,1000
X3-LR8-700/1400-e0.1m35,G-p0.5-l1oct+jig0.25,pair,1250,34.79,31.12,95.0,87.8,80.7,35.27,20262928,1000
X3-LR8-700/1400-e0.1m35,G-p0.5-l1oct+jig0.25,pair,1600,35.40,31.34,97.0,87.8,80.7,35.82,20262928,1000
X3-LR8-700/1400-e0.1m35,G-p0.5-l1oct+jig0.25,pair,2000,35.35,32.04,97.6,87.8,80.7,35.95,20262928,1000
X3-LR8-700/1400-e0.1m35,G-p0.5-l1oct+jig0.25,pair,2500,34.67,31.57,97.3,87.8,80.7,35.31,20262928,1000
X3-LR8-700/1400-e0.1m35,G-p0.5-l1oct+jig0.25,pair,3150,35.59,32.41,98.9,87.8,80.7,35.68,20262928,1000
X3-LR8-700/1400-e0.1m35,G-p0.5-l1oct+jig0.25,pair,4000,33.80,31.29,97.7,87.8,80.7,34.51,20262928,1000
X3-LR8-700/1600-e0.1m35,G-p0.5-l1oct+jig0.25,pair,1000,34.02,29.88,89.3,86.3,79.5,34.52,20262928,1000
X3-LR8-700/1600-e0.1m35,G-p0.5-l1oct+jig0.25,pair,1250,34.48,30.95,95.0,86.3,79.5,35.13,20262928,1000
X3-LR8-700/1600-e0.1m35,G-p0.5-l1oct+jig0.25,pair,1600,35.00,31.12,96.6,86.3,79.5,35.59,20262928,1000
X3-LR8-700/1600-e0.1m35,G-p0.5-l1oct+jig0.25,pair,2000,35.27,32.02,98.2,86.3,79.5,36.02,20262928,1000
X3-LR8-700/1600-e0.1m35,G-p0.5-l1oct+jig0.25,pair,2500,34.85,31.66,97.9,86.3,79.5,35.54,20262928,1000
X3-LR8-700/1600-e0.1m35,G-p0.5-l1oct+jig0.25,pair,3150,35.61,32.45,99.0,86.3,79.5,35.70,20262928,1000
X3-LR8-700/1600-e0.1m35,G-p0.5-l1oct+jig0.25,pair,4000,33.66,31.25,98.3,86.3,79.5,34.41,20262928,1000
X3-LR8-700/2000-e1m30,G-p0.5-l1oct+jig0.25,pair,1000,32.32,28.81,80.2,74.5,58.9,32.98,20262928,1000
X3-LR8-700/2000-e1m30,G-p0.5-l1oct+jig0.25,pair,1250,33.37,29.83,88.4,74.5,58.9,34.02,20262928,1000
X3-LR8-700/2000-e1m30,G-p0.5-l1oct+jig0.25,pair,1600,33.77,30.61,93.7,74.5,58.9,34.45,20262928,1000
X3-LR8-700/2000-e1m30,G-p0.5-l1oct+jig0.25,pair,2000,33.56,30.79,96.3,74.5,58.9,34.31,20262928,1000
X3-LR8-700/2000-e1m30,G-p0.5-l1oct+jig0.25,pair,2500,33.59,30.80,95.0,74.5,58.9,34.33,20262928,1000
X3-LR8-700/2000-e1m30,G-p0.5-l1oct+jig0.25,pair,3150,35.36,32.22,98.8,74.5,58.9,35.53,20262928,1000
X3-LR8-700/2000-e1m30,G-p0.5-l1oct+jig0.25,pair,4000,33.46,30.91,96.5,74.5,58.9,34.22,20262928,1000
X3-LR8-800/1600-e0.1m35,G-p0.5-l1oct+jig0.25,pair,1000,33.46,29.60,87.5,84.3,78.4,33.97,20262928,1000
X3-LR8-800/1600-e0.1m35,G-p0.5-l1oct+jig0.25,pair,1250,34.47,31.00,95.2,84.3,78.4,35.21,20262928,1000
X3-LR8-800/1600-e0.1m35,G-p0.5-l1oct+jig0.25,pair,1600,35.15,31.24,96.9,84.3,78.4,35.72,20262928,1000
X3-LR8-800/1600-e0.1m35,G-p0.5-l1oct+jig0.25,pair,2000,35.36,31.97,98.0,84.3,78.4,36.04,20262928,1000
X3-LR8-800/1600-e0.1m35,G-p0.5-l1oct+jig0.25,pair,2500,34.85,31.65,97.9,84.3,78.4,35.55,20262928,1000
X3-LR8-800/1600-e0.1m35,G-p0.5-l1oct+jig0.25,pair,3150,35.63,32.45,99.1,84.3,78.4,35.72,20262928,1000
X3-LR8-800/1600-e0.1m35,G-p0.5-l1oct+jig0.25,pair,4000,33.69,31.31,98.1,84.3,78.4,34.46,20262928,1000
X3-LR4-700/1600-e0.1m35+5k,G-p0.5-l1oct+jig0.25,pair,1000,34.10,30.24,91.5,84.7,76.8,34.72,20262928,1000
X3-LR4-700/1600-e0.1m35+5k,G-p0.5-l1oct+jig0.25,pair,1250,34.95,31.23,96.0,84.7,76.8,35.55,20262928,1000
X3-LR4-700/1600-e0.1m35+5k,G-p0.5-l1oct+jig0.25,pair,1600,34.88,31.17,95.3,84.7,76.8,35.41,20262928,1000
X3-LR4-700/1600-e0.1m35+5k,G-p0.5-l1oct+jig0.25,pair,2000,34.93,31.09,96.2,84.7,76.8,35.60,20262928,1000
X3-LR4-700/1600-e0.1m35+5k,G-p0.5-l1oct+jig0.25,pair,2500,34.74,31.14,96.3,84.7,76.8,35.34,20262928,1000
X3-LR4-700/1600-e0.1m35+5k,G-p0.5-l1oct+jig0.25,pair,3150,35.56,32.68,99.1,84.7,76.8,35.96,20262928,1000
X3-LR4-700/1600-e0.1m35+5k,G-p0.5-l1oct+jig0.25,pair,4000,33.69,30.90,95.8,84.7,76.8,34.33,20262928,1000
DDC-BW30,G-p0.5-l1oct+jig0.25,pair,1000,29.13,26.13,37.1,0.0,0.0,29.85,20262928,1000
DDC-BW30,G-p0.5-l1oct+jig0.25,pair,1250,28.89,25.96,34.2,0.0,0.0,29.67,20262928,1000
DDC-BW30,G-p0.5-l1oct+jig0.25,pair,1600,28.52,25.60,30.6,0.0,0.0,29.36,20262928,1000
DDC-BW30,G-p0.5-l1oct+jig0.25,pair,2000,28.32,25.26,28.2,0.0,0.0,29.18,20262928,1000
DDC-BW30,G-p0.5-l1oct+jig0.25,pair,2500,27.30,24.43,15.6,0.0,0.0,28.38,20262928,1000
DDC-BW30,G-p0.5-l1oct+jig0.25,pair,3150,27.42,24.68,12.6,0.0,0.0,28.04,20262928,1000
DDC-BW30,G-p0.5-l1oct+jig0.25,pair,4000,8.25,7.84,0.0,0.0,0.0,8.48,20262928,1000
Legendre-only,G-p0.5-l1oct+jig0.25,pair,1000,32.10,29.40,83.6,77.5,62.0,32.48,20262928,1000
Legendre-only,G-p0.5-l1oct+jig0.25,pair,1250,32.08,29.02,80.5,77.5,62.0,32.71,20262928,1000
Legendre-only,G-p0.5-l1oct+jig0.25,pair,1600,33.89,30.53,93.7,77.5,62.0,34.53,20262928,1000
Legendre-only,G-p0.5-l1oct+jig0.25,pair,2000,34.79,31.12,96.1,77.5,62.0,35.43,20262928,1000
Legendre-only,G-p0.5-l1oct+jig0.25,pair,2500,34.92,31.38,97.1,77.5,62.0,35.56,20262928,1000
Legendre-only,G-p0.5-l1oct+jig0.25,pair,3150,35.88,32.83,99.3,77.5,62.0,36.19,20262928,1000
Legendre-only,G-p0.5-l1oct+jig0.25,pair,4000,33.82,31.05,96.5,77.5,62.0,34.53,20262928,1000
CBT-arc20,G-p0.5-l1oct+jig0.25,pair,1000,30.87,28.07,65.6,52.3,37.1,31.24,20262928,1000
CBT-arc20,G-p0.5-l1oct+jig0.25,pair,1250,31.41,28.37,72.4,52.3,37.1,32.02,20262928,1000
CBT-arc20,G-p0.5-l1oct+jig0.25,pair,1600,33.37,29.79,88.1,52.3,37.1,33.94,20262928,1000
CBT-arc20,G-p0.5-l1oct+jig0.25,pair,2000,34.32,30.56,93.7,52.3,37.1,34.84,20262928,1000
CBT-arc20,G-p0.5-l1oct+jig0.25,pair,2500,34.26,30.76,94.8,52.3,37.1,34.94,20262928,1000
CBT-arc20,G-p0.5-l1oct+jig0.25,pair,3150,34.93,31.91,98.3,52.3,37.1,35.27,20262928,1000
CBT-arc20,G-p0.5-l1oct+jig0.25,pair,4000,31.82,29.26,82.1,52.3,37.1,32.50,20262928,1000
CBT-arc20-int,G-p0.5-l1oct+jig0.25,pair,1000,31.15,28.37,71.7,0.0,0.0,31.54,20262928,1000
CBT-arc20-int,G-p0.5-l1oct+jig0.25,pair,1250,31.50,28.69,77.4,0.0,0.0,32.23,20262928,1000
CBT-arc20-int,G-p0.5-l1oct+jig0.25,pair,1600,31.74,28.17,71.6,0.0,0.0,32.18,20262928,1000
CBT-arc20-int,G-p0.5-l1oct+jig0.25,pair,2000,31.66,28.03,71.6,0.0,0.0,32.18,20262928,1000
CBT-arc20-int,G-p0.5-l1oct+jig0.25,pair,2500,26.43,24.13,7.9,0.0,0.0,27.07,20262928,1000
CBT-arc20-int,G-p0.5-l1oct+jig0.25,pair,3150,28.51,26.31,23.1,0.0,0.0,28.77,20262928,1000
CBT-arc20-int,G-p0.5-l1oct+jig0.25,pair,4000,23.75,22.09,0.0,0.0,0.0,24.29,20262928,1000
CBT-arc30,G-p0.5-l1oct+jig0.25,pair,1000,29.18,26.61,35.7,8.5,5.7,29.67,20262928,1000
CBT-arc30,G-p0.5-l1oct+jig0.25,pair,1250,30.47,27.58,56.4,8.5,5.7,31.04,20262928,1000
CBT-arc30,G-p0.5-l1oct+jig0.25,pair,1600,32.65,28.98,83.3,8.5,5.7,33.14,20262928,1000
CBT-arc30,G-p0.5-l1oct+jig0.25,pair,2000,33.56,29.85,88.7,8.5,5.7,34.10,20262928,1000
CBT-arc30,G-p0.5-l1oct+jig0.25,pair,2500,33.55,29.98,89.8,8.5,5.7,34.15,20262928,1000
CBT-arc30,G-p0.5-l1oct+jig0.25,pair,3150,33.76,30.74,95.3,8.5,5.7,34.17,20262928,1000
CBT-arc30,G-p0.5-l1oct+jig0.25,pair,4000,28.78,26.82,24.2,8.5,5.7,29.40,20262928,1000
Dolph-20,G-p0.5-l1oct+jig0.25,cplx,1000,21.93,20.97,0.0,0.0,0.0,22.50,20262929,1000
Dolph-20,G-p0.5-l1oct+jig0.25,cplx,1250,21.51,20.53,0.0,0.0,0.0,22.05,20262929,1000
Dolph-20,G-p0.5-l1oct+jig0.25,cplx,1600,22.45,21.60,0.0,0.0,0.0,22.92,20262929,1000
Dolph-20,G-p0.5-l1oct+jig0.25,cplx,2000,22.58,21.83,0.0,0.0,0.0,23.00,20262929,1000
Dolph-20,G-p0.5-l1oct+jig0.25,cplx,2500,23.33,22.51,0.0,0.0,0.0,23.74,20262929,1000
Dolph-20,G-p0.5-l1oct+jig0.25,cplx,3150,22.43,21.82,0.0,0.0,0.0,22.47,20262929,1000
Dolph-20,G-p0.5-l1oct+jig0.25,cplx,4000,22.47,21.96,0.0,0.0,0.0,22.76,20262929,1000
Dolph-35,G-p0.5-l1oct+jig0.25,cplx,1000,31.71,28.47,74.6,59.1,36.8,32.62,20262929,1000
Dolph-35,G-p0.5-l1oct+jig0.25,cplx,1250,32.61,29.26,83.7,59.1,36.8,33.09,20262929,1000
Dolph-35,G-p0.5-l1oct+jig0.25,cplx,1600,32.66,29.66,87.3,59.1,36.8,33.12,20262929,1000
Dolph-35,G-p0.5-l1oct+jig0.25,cplx,2000,32.36,29.63,85.6,59.1,36.8,33.00,20262929,1000
Dolph-35,G-p0.5-l1oct+jig0.25,cplx,2500,32.83,29.80,88.1,59.1,36.8,33.27,20262929,1000
Dolph-35,G-p0.5-l1oct+jig0.25,cplx,3150,32.52,28.99,82.2,59.1,36.8,32.20,20262929,1000
Dolph-35,G-p0.5-l1oct+jig0.25,cplx,4000,32.29,29.93,89.4,59.1,36.8,32.76,20262929,1000
D20q,G-p0.5-l1oct+jig0.25,cplx,1000,21.93,20.97,0.0,0.0,0.0,22.50,20262929,1000
D20q,G-p0.5-l1oct+jig0.25,cplx,1250,21.51,20.53,0.0,0.0,0.0,22.05,20262929,1000
D20q,G-p0.5-l1oct+jig0.25,cplx,1600,22.45,21.60,0.0,0.0,0.0,22.92,20262929,1000
D20q,G-p0.5-l1oct+jig0.25,cplx,2000,22.58,21.83,0.0,0.0,0.0,23.00,20262929,1000
D20q,G-p0.5-l1oct+jig0.25,cplx,2500,23.33,22.51,0.0,0.0,0.0,23.74,20262929,1000
D20q,G-p0.5-l1oct+jig0.25,cplx,3150,22.43,21.82,0.0,0.0,0.0,22.47,20262929,1000
D20q,G-p0.5-l1oct+jig0.25,cplx,4000,22.47,21.96,0.0,0.0,0.0,22.76,20262929,1000
D35q,G-p0.5-l1oct+jig0.25,cplx,1000,31.71,28.47,74.6,59.1,36.8,32.62,20262929,1000
D35q,G-p0.5-l1oct+jig0.25,cplx,1250,32.61,29.26,83.7,59.1,36.8,33.09,20262929,1000
D35q,G-p0.5-l1oct+jig0.25,cplx,1600,32.66,29.66,87.3,59.1,36.8,33.12,20262929,1000
D35q,G-p0.5-l1oct+jig0.25,cplx,2000,32.36,29.63,85.6,59.1,36.8,33.00,20262929,1000
D35q,G-p0.5-l1oct+jig0.25,cplx,2500,32.83,29.80,88.1,59.1,36.8,33.27,20262929,1000
D35q,G-p0.5-l1oct+jig0.25,cplx,3150,32.52,28.99,82.2,59.1,36.8,32.20,20262929,1000
D35q,G-p0.5-l1oct+jig0.25,cplx,4000,32.29,29.93,89.4,59.1,36.8,32.76,20262929,1000
RS-Aq,G-p0.5-l1oct+jig0.25,cplx,1000,33.47,29.66,87.3,75.1,54.8,33.75,20262929,1000
RS-Aq,G-p0.5-l1oct+jig0.25,cplx,1250,33.42,29.67,88.6,75.1,54.8,33.85,20262929,1000
RS-Aq,G-p0.5-l1oct+jig0.25,cplx,1600,33.65,30.11,90.7,75.1,54.8,34.01,20262929,1000
RS-Aq,G-p0.5-l1oct+jig0.25,cplx,2000,33.73,30.09,90.5,75.1,54.8,34.10,20262929,1000
RS-Aq,G-p0.5-l1oct+jig0.25,cplx,2500,33.89,30.31,91.9,75.1,54.8,34.20,20262929,1000
RS-Aq,G-p0.5-l1oct+jig0.25,cplx,3150,33.76,29.32,85.2,75.1,54.8,33.12,20262929,1000
RS-Aq,G-p0.5-l1oct+jig0.25,cplx,4000,33.51,30.51,93.5,75.1,54.8,33.87,20262929,1000
RS-Bq,G-p0.5-l1oct+jig0.25,cplx,1000,32.06,28.74,78.4,66.8,47.2,32.87,20262929,1000
RS-Bq,G-p0.5-l1oct+jig0.25,cplx,1250,32.97,29.55,86.2,66.8,47.2,33.34,20262929,1000
RS-Bq,G-p0.5-l1oct+jig0.25,cplx,1600,33.12,30.05,90.0,66.8,47.2,33.50,20262929,1000
RS-Bq,G-p0.5-l1oct+jig0.25,cplx,2000,33.13,30.07,90.4,66.8,47.2,33.62,20262929,1000
RS-Bq,G-p0.5-l1oct+jig0.25,cplx,2500,33.51,30.28,92.2,66.8,47.2,33.92,20262929,1000
RS-Bq,G-p0.5-l1oct+jig0.25,cplx,3150,33.41,29.37,85.9,66.8,47.2,32.90,20262929,1000
RS-Bq,G-p0.5-l1oct+jig0.25,cplx,4000,33.03,30.36,93.2,66.8,47.2,33.44,20262929,1000
X2-LR4-600-e3m30,G-p0.5-l1oct+jig0.25,cplx,1000,31.19,28.09,68.9,58.1,40.6,32.18,20262929,1000
X2-LR4-600-e3m30,G-p0.5-l1oct+jig0.25,cplx,1250,33.07,29.56,86.9,58.1,40.6,33.44,20262929,1000
X2-LR4-600-e3m30,G-p0.5-l1oct+jig0.25,cplx,1600,33.23,29.98,89.9,58.1,40.6,33.63,20262929,1000
X2-LR4-600-e3m30,G-p0.5-l1oct+jig0.25,cplx,2000,33.18,29.99,89.7,58.1,40.6,33.68,20262929,1000
X2-LR4-600-e3m30,G-p0.5-l1oct+jig0.25,cplx,2500,33.51,30.21,92.0,58.1,40.6,33.90,20262929,1000
X2-LR4-600-e3m30,G-p0.5-l1oct+jig0.25,cplx,3150,33.40,29.31,85.2,58.1,40.6,32.86,20262929,1000
X2-LR4-600-e3m30,G-p0.5-l1oct+jig0.25,cplx,4000,33.09,30.37,93.3,58.1,40.6,33.51,20262929,1000
X2-LR4-700-e1m30,G-p0.5-l1oct+jig0.25,cplx,1000,31.62,28.35,73.7,63.6,46.2,32.54,20262929,1000
X2-LR4-700-e1m30,G-p0.5-l1oct+jig0.25,cplx,1250,33.50,29.69,87.8,63.6,46.2,33.82,20262929,1000
X2-LR4-700-e1m30,G-p0.5-l1oct+jig0.25,cplx,1600,33.65,30.13,91.1,63.6,46.2,34.04,20262929,1000
X2-LR4-700-e1m30,G-p0.5-l1oct+jig0.25,cplx,2000,33.62,30.18,91.0,63.6,46.2,34.07,20262929,1000
X2-LR4-700-e1m30,G-p0.5-l1oct+jig0.25,cplx,2500,33.78,30.36,92.5,63.6,46.2,34.19,20262929,1000
X2-LR4-700-e1m30,G-p0.5-l1oct+jig0.25,cplx,3150,33.73,29.34,85.9,63.6,46.2,33.13,20262929,1000
X2-LR4-700-e1m30,G-p0.5-l1oct+jig0.25,cplx,4000,33.51,30.58,94.0,63.6,46.2,33.89,20262929,1000
X2-LR4-700-e3m30,G-p0.5-l1oct+jig0.25,cplx,1000,30.79,27.83,62.7,53.4,37.3,31.80,20262929,1000
X2-LR4-700-e3m30,G-p0.5-l1oct+jig0.25,cplx,1250,33.06,29.51,86.7,53.4,37.3,33.55,20262929,1000
X2-LR4-700-e3m30,G-p0.5-l1oct+jig0.25,cplx,1600,33.46,30.06,90.3,53.4,37.3,33.83,20262929,1000
X2-LR4-700-e3m30,G-p0.5-l1oct+jig0.25,cplx,2000,33.39,30.05,90.5,53.4,37.3,33.87,20262929,1000
X2-LR4-700-e3m30,G-p0.5-l1oct+jig0.25,cplx,2500,33.63,30.25,91.8,53.4,37.3,34.04,20262929,1000
X2-LR4-700-e3m30,G-p0.5-l1oct+jig0.25,cplx,3150,33.56,29.30,85.4,53.4,37.3,32.98,20262929,1000
X2-LR4-700-e3m30,G-p0.5-l1oct+jig0.25,cplx,4000,33.30,30.48,93.8,53.4,37.3,33.72,20262929,1000
X2-LR4-800-e0.1m35,G-p0.5-l1oct+jig0.25,cplx,1000,33.08,29.50,86.2,75.6,55.2,33.77,20262929,1000
X2-LR4-800-e0.1m35,G-p0.5-l1oct+jig0.25,cplx,1250,34.06,29.95,89.4,75.6,55.2,34.36,20262929,1000
X2-LR4-800-e0.1m35,G-p0.5-l1oct+jig0.25,cplx,1600,34.13,30.32,92.1,75.6,55.2,34.52,20262929,1000
X2-LR4-800-e0.1m35,G-p0.5-l1oct+jig0.25,cplx,2000,34.05,30.25,91.6,75.6,55.2,34.42,20262929,1000
X2-LR4-800-e0.1m35,G-p0.5-l1oct+jig0.25,cplx,2500,34.10,30.47,93.1,75.6,55.2,34.41,20262929,1000
X2-LR4-800-e0.1m35,G-p0.5-l1oct+jig0.25,cplx,3150,33.93,29.35,86.0,75.6,55.2,33.28,20262929,1000
X2-LR4-800-e0.1m35,G-p0.5-l1oct+jig0.25,cplx,4000,33.79,30.67,94.4,75.6,55.2,34.16,20262929,1000
X2-LR4-800-e1m30,G-p0.5-l1oct+jig0.25,cplx,1000,30.83,27.88,64.0,55.1,39.8,31.80,20262929,1000
X2-LR4-800-e1m30,G-p0.5-l1oct+jig0.25,cplx,1250,33.32,29.62,87.2,55.1,39.8,33.82,20262929,1000
X2-LR4-800-e1m30,G-p0.5-l1oct+jig0.25,cplx,1600,33.83,30.22,91.3,55.1,39.8,34.22,20262929,1000
X2-LR4-800-e1m30,G-p0.5-l1oct+jig0.25,cplx,2000,33.79,30.18,91.1,55.1,39.8,34.22,20262929,1000
X2-LR4-800-e1m30,G-p0.5-l1oct+jig0.25,cplx,2500,33.95,30.35,92.4,55.1,39.8,34.27,20262929,1000
X2-LR4-800-e1m30,G-p0.5-l1oct+jig0.25,cplx,3150,33.82,29.29,85.6,55.1,39.8,33.17,20262929,1000
X2-LR4-800-e1m30,G-p0.5-l1oct+jig0.25,cplx,4000,33.68,30.57,94.0,55.1,39.8,34.03,20262929,1000
X2-LR4-800-e3m30,G-p0.5-l1oct+jig0.25,cplx,1000,30.07,27.36,51.3,43.6,30.1,31.07,20262929,1000
X2-LR4-800-e3m30,G-p0.5-l1oct+jig0.25,cplx,1250,32.95,29.39,84.9,43.6,30.1,33.51,20262929,1000
X2-LR4-800-e3m30,G-p0.5-l1oct+jig0.25,cplx,1600,33.63,30.09,90.8,43.6,30.1,34.03,20262929,1000
X2-LR4-800-e3m30,G-p0.5-l1oct+jig0.25,cplx,2000,33.61,30.12,90.6,43.6,30.1,34.06,20262929,1000
X2-LR4-800-e3m30,G-p0.5-l1oct+jig0.25,cplx,2500,33.77,30.28,91.9,43.6,30.1,34.16,20262929,1000
X2-LR4-800-e3m30,G-p0.5-l1oct+jig0.25,cplx,3150,33.68,29.26,85.3,43.6,30.1,33.08,20262929,1000
X2-LR4-800-e3m30,G-p0.5-l1oct+jig0.25,cplx,4000,33.55,30.54,93.9,43.6,30.1,33.92,20262929,1000
X3-LR4-700/1600-e0.1m35,G-p0.5-l1oct+jig0.25,cplx,1000,34.03,30.07,90.6,84.5,70.0,34.32,20262929,1000
X3-LR4-700/1600-e0.1m35,G-p0.5-l1oct+jig0.25,cplx,1250,34.09,30.01,90.0,84.5,70.0,34.42,20262929,1000
X3-LR4-700/1600-e0.1m35,G-p0.5-l1oct+jig0.25,cplx,1600,34.55,30.75,94.2,84.5,70.0,34.86,20262929,1000
X3-LR4-700/1600-e0.1m35,G-p0.5-l1oct+jig0.25,cplx,2000,34.58,30.89,95.1,84.5,70.0,35.02,20262929,1000
X3-LR4-700/1600-e0.1m35,G-p0.5-l1oct+jig0.25,cplx,2500,34.66,31.32,96.8,84.5,70.0,35.08,20262929,1000
X3-LR4-700/1600-e0.1m35,G-p0.5-l1oct+jig0.25,cplx,3150,34.64,30.99,95.0,84.5,70.0,34.36,20262929,1000
X3-LR4-700/1600-e0.1m35,G-p0.5-l1oct+jig0.25,cplx,4000,33.97,31.46,97.0,84.5,70.0,34.45,20262929,1000
X3-LR4-700/2000-e1m30,G-p0.5-l1oct+jig0.25,cplx,1000,31.78,28.67,76.7,65.0,40.5,32.58,20262929,1000
X3-LR4-700/2000-e1m30,G-p0.5-l1oct+jig0.25,cplx,1250,32.51,29.01,81.1,65.0,40.5,33.24,20262929,1000
X3-LR4-700/2000-e1m30,G-p0.5-l1oct+jig0.25,cplx,1600,33.34,29.68,88.7,65.0,40.5,33.90,20262929,1000
X3-LR4-700/2000-e1m30,G-p0.5-l1oct+jig0.25,cplx,2000,33.34,29.91,88.9,65.0,40.5,33.96,20262929,1000
X3-LR4-700/2000-e1m30,G-p0.5-l1oct+jig0.25,cplx,2500,33.30,30.06,90.4,65.0,40.5,33.77,20262929,1000
X3-LR4-700/2000-e1m30,G-p0.5-l1oct+jig0.25,cplx,3150,33.63,29.56,86.7,65.0,40.5,33.25,20262929,1000
X3-LR4-700/2000-e1m30,G-p0.5-l1oct+jig0.25,cplx,4000,33.66,30.75,94.6,65.0,40.5,34.10,20262929,1000
X3-LR4-700/2000-e3m30,G-p0.5-l1oct+jig0.25,cplx,1000,30.94,28.16,66.6,53.2,25.8,31.85,20262929,1000
X3-LR4-700/2000-e3m30,G-p0.5-l1oct+jig0.25,cplx,1250,31.73,28.55,72.6,53.2,25.8,32.60,20262929,1000
X3-LR4-700/2000-e3m30,G-p0.5-l1oct+jig0.25,cplx,1600,32.62,29.30,83.4,53.2,25.8,33.31,20262929,1000
X3-LR4-700/2000-e3m30,G-p0.5-l1oct+jig0.25,cplx,2000,32.52,29.25,84.2,53.2,25.8,33.25,20262929,1000
X3-LR4-700/2000-e3m30,G-p0.5-l1oct+jig0.25,cplx,2500,32.38,29.44,84.9,53.2,25.8,32.88,20262929,1000
X3-LR4-700/2000-e3m30,G-p0.5-l1oct+jig0.25,cplx,3150,32.95,28.97,81.8,53.2,25.8,32.65,20262929,1000
X3-LR4-700/2000-e3m30,G-p0.5-l1oct+jig0.25,cplx,4000,33.32,30.36,92.6,53.2,25.8,33.79,20262929,1000
X2-LR8-600-e3m30,G-p0.5-l1oct+jig0.25,cplx,1000,31.40,28.27,71.5,59.2,40.7,32.32,20262929,1000
X2-LR8-600-e3m30,G-p0.5-l1oct+jig0.25,cplx,1250,32.82,29.47,86.2,59.2,40.7,33.20,20262929,1000
X2-LR8-600-e3m30,G-p0.5-l1oct+jig0.25,cplx,1600,32.96,29.85,89.0,59.2,40.7,33.35,20262929,1000
X2-LR8-600-e3m30,G-p0.5-l1oct+jig0.25,cplx,2000,32.87,29.90,89.1,59.2,40.7,33.41,20262929,1000
X2-LR8-600-e3m30,G-p0.5-l1oct+jig0.25,cplx,2500,33.29,30.13,91.9,59.2,40.7,33.70,20262929,1000
X2-LR8-600-e3m30,G-p0.5-l1oct+jig0.25,cplx,3150,33.10,29.27,84.6,59.2,40.7,32.67,20262929,1000
X2-LR8-600-e3m30,G-p0.5-l1oct+jig0.25,cplx,4000,32.78,30.21,92.2,59.2,40.7,33.20,20262929,1000
X2-LR8-700-e1m30,G-p0.5-l1oct+jig0.25,cplx,1000,32.00,28.69,77.6,66.8,47.6,32.90,20262929,1000
X2-LR8-700-e1m30,G-p0.5-l1oct+jig0.25,cplx,1250,33.18,29.68,87.2,66.8,47.6,33.56,20262929,1000
X2-LR8-700-e1m30,G-p0.5-l1oct+jig0.25,cplx,1600,33.30,30.09,90.6,66.8,47.6,33.68,20262929,1000
X2-LR8-700-e1m30,G-p0.5-l1oct+jig0.25,cplx,2000,33.31,30.11,90.7,66.8,47.6,33.77,20262929,1000
X2-LR8-700-e1m30,G-p0.5-l1oct+jig0.25,cplx,2500,33.62,30.32,92.3,66.8,47.6,34.01,20262929,1000
X2-LR8-700-e1m30,G-p0.5-l1oct+jig0.25,cplx,3150,33.52,29.36,85.7,66.8,47.6,32.97,20262929,1000
X2-LR8-700-e1m30,G-p0.5-l1oct+jig0.25,cplx,4000,33.18,30.47,93.5,66.8,47.6,33.57,20262929,1000
X2-LR8-700-e3m30,G-p0.5-l1oct+jig0.25,cplx,1000,31.22,28.10,69.4,57.4,39.6,32.21,20262929,1000
X2-LR8-700-e3m30,G-p0.5-l1oct+jig0.25,cplx,1250,32.98,29.53,86.4,57.4,39.6,33.35,20262929,1000
X2-LR8-700-e3m30,G-p0.5-l1oct+jig0.25,cplx,1600,33.09,29.91,89.3,57.4,39.6,33.49,20262929,1000
X2-LR8-700-e3m30,G-p0.5-l1oct+jig0.25,cplx,2000,32.99,29.96,89.2,57.4,39.6,33.53,20262929,1000
X2-LR8-700-e3m30,G-p0.5-l1oct+jig0.25,cplx,2500,33.40,30.17,91.9,57.4,39.6,33.79,20262929,1000
X2-LR8-700-e3m30,G-p0.5-l1oct+jig0.25,cplx,3150,33.23,29.29,84.7,57.4,39.6,32.75,20262929,1000
X2-LR8-700-e3m30,G-p0.5-l1oct+jig0.25,cplx,4000,32.89,30.26,92.4,57.4,39.6,33.32,20262929,1000
X2-LR8-800-e1m30,G-p0.5-l1oct+jig0.25,cplx,1000,31.37,28.20,70.8,60.4,44.0,32.32,20262929,1000
X2-LR8-800-e1m30,G-p0.5-l1oct+jig0.25,cplx,1250,33.53,29.80,87.8,60.4,44.0,33.87,20262929,1000
X2-LR8-800-e1m30,G-p0.5-l1oct+jig0.25,cplx,1600,33.62,30.19,91.3,60.4,44.0,33.94,20262929,1000
X2-LR8-800-e1m30,G-p0.5-l1oct+jig0.25,cplx,2000,33.53,30.17,90.7,60.4,44.0,33.98,20262929,1000
X2-LR8-800-e1m30,G-p0.5-l1oct+jig0.25,cplx,2500,33.73,30.34,92.1,60.4,44.0,34.13,20262929,1000
X2-LR8-800-e1m30,G-p0.5-l1oct+jig0.25,cplx,3150,33.62,29.31,85.8,60.4,44.0,33.07,20262929,1000
X2-LR8-800-e1m30,G-p0.5-l1oct+jig0.25,cplx,4000,33.36,30.52,93.8,60.4,44.0,33.75,20262929,1000
X2-LR8-800-e3m30,G-p0.5-l1oct+jig0.25,cplx,1000,30.46,27.65,57.6,48.9,34.8,31.52,20262929,1000
X2-LR8-800-e3m30,G-p0.5-l1oct+jig0.25,cplx,1250,33.35,29.63,87.6,48.9,34.8,33.66,20262929,1000
X2-LR8-800-e3m30,G-p0.5-l1oct+jig0.25,cplx,1600,33.40,30.05,90.4,48.9,34.8,33.76,20262929,1000
X2-LR8-800-e3m30,G-p0.5-l1oct+jig0.25,cplx,2000,33.28,30.06,90.2,48.9,34.8,33.78,20262929,1000
X2-LR8-800-e3m30,G-p0.5-l1oct+jig0.25,cplx,2500,33.56,30.23,91.8,48.9,34.8,33.96,20262929,1000
X2-LR8-800-e3m30,G-p0.5-l1oct+jig0.25,cplx,3150,33.46,29.29,85.2,48.9,34.8,32.90,20262929,1000
X2-LR8-800-e3m30,G-p0.5-l1oct+jig0.25,cplx,4000,33.15,30.40,93.4,48.9,34.8,33.55,20262929,1000
X3-LR8-700/1400-e0.1m35,G-p0.5-l1oct+jig0.25,cplx,1000,33.93,30.01,90.0,83.1,68.5,34.14,20262929,1000
X3-LR8-700/1400-e0.1m35,G-p0.5-l1oct+jig0.25,cplx,1250,34.10,30.20,91.2,83.1,68.5,34.49,20262929,1000
X3-LR8-700/1400-e0.1m35,G-p0.5-l1oct+jig0.25,cplx,1600,34.61,30.90,95.0,83.1,68.5,34.98,20262929,1000
X3-LR8-700/1400-e0.1m35,G-p0.5-l1oct+jig0.25,cplx,2000,34.53,30.93,94.5,83.1,68.5,34.95,20262929,1000
X3-LR8-700/1400-e0.1m35,G-p0.5-l1oct+jig0.25,cplx,2500,34.62,31.32,96.5,83.1,68.5,35.02,20262929,1000
X3-LR8-700/1400-e0.1m35,G-p0.5-l1oct+jig0.25,cplx,3150,34.50,30.64,93.5,83.1,68.5,34.16,20262929,1000
X3-LR8-700/1400-e0.1m35,G-p0.5-l1oct+jig0.25,cplx,4000,34.12,31.38,96.4,83.1,68.5,34.57,20262929,1000
X3-LR8-700/1600-e0.1m35,G-p0.5-l1oct+jig0.25,cplx,1000,33.95,30.09,90.3,84.0,69.7,34.30,20262929,1000
X3-LR8-700/1600-e0.1m35,G-p0.5-l1oct+jig0.25,cplx,1250,34.20,30.12,91.0,84.0,69.7,34.50,20262929,1000
X3-LR8-700/1600-e0.1m35,G-p0.5-l1oct+jig0.25,cplx,1600,34.43,30.75,94.6,84.0,69.7,34.82,20262929,1000
X3-LR8-700/1600-e0.1m35,G-p0.5-l1oct+jig0.25,cplx,2000,34.57,30.97,95.1,84.0,69.7,35.03,20262929,1000
X3-LR8-700/1600-e0.1m35,G-p0.5-l1oct+jig0.25,cplx,2500,34.79,31.44,96.6,84.0,69.7,35.15,20262929,1000
X3-LR8-700/1600-e0.1m35,G-p0.5-l1oct+jig0.25,cplx,3150,34.68,30.93,94.6,84.0,69.7,34.36,20262929,1000
X3-LR8-700/1600-e0.1m35,G-p0.5-l1oct+jig0.25,cplx,4000,34.08,31.41,96.6,84.0,69.7,34.54,20262929,1000
X3-LR8-700/2000-e1m30,G-p0.5-l1oct+jig0.25,cplx,1000,31.94,28.68,78.7,67.0,44.7,32.85,20262929,1000
X3-LR8-700/2000-e1m30,G-p0.5-l1oct+jig0.25,cplx,1250,32.67,29.09,81.2,67.0,44.7,33.29,20262929,1000
X3-LR8-700/2000-e1m30,G-p0.5-l1oct+jig0.25,cplx,1600,33.24,29.83,88.9,67.0,44.7,33.79,20262929,1000
X3-LR8-700/2000-e1m30,G-p0.5-l1oct+jig0.25,cplx,2000,32.88,29.68,87.5,67.0,44.7,33.54,20262929,1000
X3-LR8-700/2000-e1m30,G-p0.5-l1oct+jig0.25,cplx,2500,33.25,30.35,92.2,67.0,44.7,33.97,20262929,1000
X3-LR8-700/2000-e1m30,G-p0.5-l1oct+jig0.25,cplx,3150,34.32,30.49,92.9,67.0,44.7,33.99,20262929,1000
X3-LR8-700/2000-e1m30,G-p0.5-l1oct+jig0.25,cplx,4000,33.89,31.19,96.2,67.0,44.7,34.37,20262929,1000
X3-LR8-800/1600-e0.1m35,G-p0.5-l1oct+jig0.25,cplx,1000,33.36,29.83,88.3,82.2,68.4,33.76,20262929,1000
X3-LR8-800/1600-e0.1m35,G-p0.5-l1oct+jig0.25,cplx,1250,34.18,30.10,90.5,82.2,68.4,34.49,20262929,1000
X3-LR8-800/1600-e0.1m35,G-p0.5-l1oct+jig0.25,cplx,1600,34.56,30.82,94.9,82.2,68.4,34.90,20262929,1000
X3-LR8-800/1600-e0.1m35,G-p0.5-l1oct+jig0.25,cplx,2000,34.57,30.96,95.0,82.2,68.4,35.04,20262929,1000
X3-LR8-800/1600-e0.1m35,G-p0.5-l1oct+jig0.25,cplx,2500,34.71,31.43,96.6,82.2,68.4,35.12,20262929,1000
X3-LR8-800/1600-e0.1m35,G-p0.5-l1oct+jig0.25,cplx,3150,34.65,30.89,94.6,82.2,68.4,34.32,20262929,1000
X3-LR8-800/1600-e0.1m35,G-p0.5-l1oct+jig0.25,cplx,4000,34.11,31.44,96.8,82.2,68.4,34.56,20262929,1000
X3-LR4-700/1600-e0.1m35+5k,G-p0.5-l1oct+jig0.25,cplx,1000,33.89,29.98,89.8,77.6,56.9,34.30,20262929,1000
X3-LR4-700/1600-e0.1m35+5k,G-p0.5-l1oct+jig0.25,cplx,1250,34.03,29.92,89.3,77.6,56.9,34.36,20262929,1000
X3-LR4-700/1600-e0.1m35+5k,G-p0.5-l1oct+jig0.25,cplx,1600,34.15,30.44,92.4,77.6,56.9,34.57,20262929,1000
X3-LR4-700/1600-e0.1m35+5k,G-p0.5-l1oct+jig0.25,cplx,2000,34.05,30.16,90.8,77.6,56.9,34.46,20262929,1000
X3-LR4-700/1600-e0.1m35+5k,G-p0.5-l1oct+jig0.25,cplx,2500,33.94,30.37,92.4,77.6,56.9,34.32,20262929,1000
X3-LR4-700/1600-e0.1m35+5k,G-p0.5-l1oct+jig0.25,cplx,3150,33.81,29.52,86.2,77.6,56.9,33.27,20262929,1000
X3-LR4-700/1600-e0.1m35+5k,G-p0.5-l1oct+jig0.25,cplx,4000,33.55,30.63,94.3,77.6,56.9,33.98,20262929,1000
DDC-BW30,G-p0.5-l1oct+jig0.25,cplx,1000,28.32,25.79,22.3,0.0,0.0,29.40,20262929,1000
DDC-BW30,G-p0.5-l1oct+jig0.25,cplx,1250,27.85,25.24,17.7,0.0,0.0,29.00,20262929,1000
DDC-BW30,G-p0.5-l1oct+jig0.25,cplx,1600,27.30,24.56,17.0,0.0,0.0,28.51,20262929,1000
DDC-BW30,G-p0.5-l1oct+jig0.25,cplx,2000,26.89,24.04,12.7,0.0,0.0,28.01,20262929,1000
DDC-BW30,G-p0.5-l1oct+jig0.25,cplx,2500,25.36,22.18,4.5,0.0,0.0,26.27,20262929,1000
DDC-BW30,G-p0.5-l1oct+jig0.25,cplx,3150,24.86,21.35,3.4,0.0,0.0,25.12,20262929,1000
DDC-BW30,G-p0.5-l1oct+jig0.25,cplx,4000,8.06,7.43,0.0,0.0,0.0,8.44,20262929,1000
Legendre-only,G-p0.5-l1oct+jig0.25,cplx,1000,31.90,28.95,78.5,69.1,41.2,32.13,20262929,1000
Legendre-only,G-p0.5-l1oct+jig0.25,cplx,1250,31.30,28.24,68.9,69.1,41.2,32.12,20262929,1000
Legendre-only,G-p0.5-l1oct+jig0.25,cplx,1600,33.00,29.53,86.1,69.1,41.2,33.75,20262929,1000
Legendre-only,G-p0.5-l1oct+jig0.25,cplx,2000,34.03,30.26,91.8,69.1,41.2,34.42,20262929,1000
Legendre-only,G-p0.5-l1oct+jig0.25,cplx,2500,34.24,30.64,94.6,69.1,41.2,34.57,20262929,1000
Legendre-only,G-p0.5-l1oct+jig0.25,cplx,3150,34.14,29.69,88.5,69.1,41.2,33.54,20262929,1000
Legendre-only,G-p0.5-l1oct+jig0.25,cplx,4000,33.88,30.82,95.0,69.1,41.2,34.23,20262929,1000
CBT-arc20,G-p0.5-l1oct+jig0.25,cplx,1000,30.03,27.31,50.9,37.7,19.1,30.84,20262929,1000
CBT-arc20,G-p0.5-l1oct+jig0.25,cplx,1250,30.64,27.55,59.1,37.7,19.1,31.44,20262929,1000
CBT-arc20,G-p0.5-l1oct+jig0.25,cplx,1600,32.47,29.06,81.9,37.7,19.1,33.24,20262929,1000
CBT-arc20,G-p0.5-l1oct+jig0.25,cplx,2000,33.26,29.71,88.0,37.7,19.1,33.87,20262929,1000
CBT-arc20,G-p0.5-l1oct+jig0.25,cplx,2500,33.53,30.07,90.9,37.7,19.1,33.97,20262929,1000
CBT-arc20,G-p0.5-l1oct+jig0.25,cplx,3150,33.28,28.77,82.1,37.7,19.1,32.63,20262929,1000
CBT-arc20,G-p0.5-l1oct+jig0.25,cplx,4000,31.71,29.03,79.4,37.7,19.1,32.19,20262929,1000
CBT-arc20-int,G-p0.5-l1oct+jig0.25,cplx,1000,30.53,27.77,61.2,0.0,0.0,31.14,20262929,1000
CBT-arc20-int,G-p0.5-l1oct+jig0.25,cplx,1250,30.93,27.95,63.9,0.0,0.0,31.66,20262929,1000
CBT-arc20-int,G-p0.5-l1oct+jig0.25,cplx,1600,30.61,27.61,59.7,0.0,0.0,31.73,20262929,1000
CBT-arc20-int,G-p0.5-l1oct+jig0.25,cplx,2000,30.54,27.48,59.3,0.0,0.0,31.71,20262929,1000
CBT-arc20-int,G-p0.5-l1oct+jig0.25,cplx,2500,25.79,23.85,0.0,0.0,0.0,26.92,20262929,1000
CBT-arc20-int,G-p0.5-l1oct+jig0.25,cplx,3150,27.69,25.74,3.5,0.0,0.0,27.95,20262929,1000
CBT-arc20-int,G-p0.5-l1oct+jig0.25,cplx,4000,23.36,21.86,0.0,0.0,0.0,24.28,20262929,1000
CBT-arc30,G-p0.5-l1oct+jig0.25,cplx,1000,28.35,26.01,16.3,3.3,1.0,29.32,20262929,1000
CBT-arc30,G-p0.5-l1oct+jig0.25,cplx,1250,29.56,26.63,40.7,3.3,1.0,30.52,20262929,1000
CBT-arc30,G-p0.5-l1oct+jig0.25,cplx,1600,31.68,28.38,73.5,3.3,1.0,32.53,20262929,1000
CBT-arc30,G-p0.5-l1oct+jig0.25,cplx,2000,32.53,29.05,82.5,3.3,1.0,33.17,20262929,1000
CBT-arc30,G-p0.5-l1oct+jig0.25,cplx,2500,32.82,29.38,83.7,3.3,1.0,33.23,20262929,1000
CBT-arc30,G-p0.5-l1oct+jig0.25,cplx,3150,32.01,27.67,73.3,3.3,1.0,31.55,20262929,1000
CBT-arc30,G-p0.5-l1oct+jig0.25,cplx,4000,28.61,26.59,18.3,3.3,1.0,29.17,20262929,1000
Dolph-20,G-p0.5-l1oct+jig0.25,paircplx,1000,22.18,21.43,0.0,0.0,0.0,22.61,20262930,1000
Dolph-20,G-p0.5-l1oct+jig0.25,paircplx,1250,21.68,20.93,0.0,0.0,0.0,22.11,20262930,1000
Dolph-20,G-p0.5-l1oct+jig0.25,paircplx,1600,22.65,21.87,0.0,0.0,0.0,23.00,20262930,1000
Dolph-20,G-p0.5-l1oct+jig0.25,paircplx,2000,22.80,22.07,0.0,0.0,0.0,23.10,20262930,1000
Dolph-20,G-p0.5-l1oct+jig0.25,paircplx,2500,23.58,22.88,0.0,0.0,0.0,23.86,20262930,1000
Dolph-20,G-p0.5-l1oct+jig0.25,paircplx,3150,22.55,21.94,0.0,0.0,0.0,22.60,20262930,1000
Dolph-20,G-p0.5-l1oct+jig0.25,paircplx,4000,22.60,22.03,0.0,0.0,0.0,22.85,20262930,1000
Dolph-35,G-p0.5-l1oct+jig0.25,paircplx,1000,33.37,30.40,93.3,92.4,90.6,34.41,20262930,1000
Dolph-35,G-p0.5-l1oct+jig0.25,paircplx,1250,34.65,31.85,99.3,92.4,90.6,35.32,20262930,1000
Dolph-35,G-p0.5-l1oct+jig0.25,paircplx,1600,34.34,32.08,99.3,92.4,90.6,35.11,20262930,1000
Dolph-35,G-p0.5-l1oct+jig0.25,paircplx,2000,34.38,32.13,99.1,92.4,90.6,35.04,20262930,1000
Dolph-35,G-p0.5-l1oct+jig0.25,paircplx,2500,34.82,32.22,99.7,92.4,90.6,35.41,20262930,1000
Dolph-35,G-p0.5-l1oct+jig0.25,paircplx,3150,34.60,32.30,99.6,92.4,90.6,34.74,20262930,1000
Dolph-35,G-p0.5-l1oct+jig0.25,paircplx,4000,33.92,32.19,99.8,92.4,90.6,34.54,20262930,1000
D20q,G-p0.5-l1oct+jig0.25,paircplx,1000,22.18,21.43,0.0,0.0,0.0,22.61,20262930,1000
D20q,G-p0.5-l1oct+jig0.25,paircplx,1250,21.68,20.93,0.0,0.0,0.0,22.11,20262930,1000
D20q,G-p0.5-l1oct+jig0.25,paircplx,1600,22.65,21.87,0.0,0.0,0.0,23.00,20262930,1000
D20q,G-p0.5-l1oct+jig0.25,paircplx,2000,22.80,22.07,0.0,0.0,0.0,23.10,20262930,1000
D20q,G-p0.5-l1oct+jig0.25,paircplx,2500,23.58,22.88,0.0,0.0,0.0,23.86,20262930,1000
D20q,G-p0.5-l1oct+jig0.25,paircplx,3150,22.55,21.94,0.0,0.0,0.0,22.60,20262930,1000
D20q,G-p0.5-l1oct+jig0.25,paircplx,4000,22.60,22.03,0.0,0.0,0.0,22.85,20262930,1000
D35q,G-p0.5-l1oct+jig0.25,paircplx,1000,33.37,30.40,93.3,92.4,90.6,34.41,20262930,1000
D35q,G-p0.5-l1oct+jig0.25,paircplx,1250,34.65,31.85,99.3,92.4,90.6,35.32,20262930,1000
D35q,G-p0.5-l1oct+jig0.25,paircplx,1600,34.34,32.08,99.3,92.4,90.6,35.11,20262930,1000
D35q,G-p0.5-l1oct+jig0.25,paircplx,2000,34.37,32.13,99.1,92.4,90.6,35.04,20262930,1000
D35q,G-p0.5-l1oct+jig0.25,paircplx,2500,34.82,32.22,99.7,92.4,90.6,35.41,20262930,1000
D35q,G-p0.5-l1oct+jig0.25,paircplx,3150,34.60,32.30,99.6,92.4,90.6,34.74,20262930,1000
D35q,G-p0.5-l1oct+jig0.25,paircplx,4000,33.92,32.19,99.8,92.4,90.6,34.54,20262930,1000
RS-Aq,G-p0.5-l1oct+jig0.25,paircplx,1000,35.95,32.51,99.4,99.2,98.7,36.51,20262930,1000
RS-Aq,G-p0.5-l1oct+jig0.25,paircplx,1250,36.32,33.18,99.7,99.2,98.7,36.92,20262930,1000
RS-Aq,G-p0.5-l1oct+jig0.25,paircplx,1600,36.17,33.36,99.8,99.2,98.7,36.92,20262930,1000
RS-Aq,G-p0.5-l1oct+jig0.25,paircplx,2000,36.36,33.36,99.9,99.2,98.7,37.17,20262930,1000
RS-Aq,G-p0.5-l1oct+jig0.25,paircplx,2500,36.67,33.37,99.9,99.2,98.7,37.29,20262930,1000
RS-Aq,G-p0.5-l1oct+jig0.25,paircplx,3150,36.92,33.56,99.8,99.2,98.7,37.01,20262930,1000
RS-Aq,G-p0.5-l1oct+jig0.25,paircplx,4000,35.80,33.24,99.9,99.2,98.7,36.52,20262930,1000
RS-Bq,G-p0.5-l1oct+jig0.25,paircplx,1000,33.83,30.88,96.0,95.6,95.0,34.78,20262930,1000
RS-Bq,G-p0.5-l1oct+jig0.25,paircplx,1250,35.18,32.52,99.7,95.6,95.0,35.73,20262930,1000
RS-Bq,G-p0.5-l1oct+jig0.25,paircplx,1600,35.00,32.77,99.8,95.6,95.0,35.74,20262930,1000
RS-Bq,G-p0.5-l1oct+jig0.25,paircplx,2000,35.28,32.87,99.7,95.6,95.0,36.04,20262930,1000
RS-Bq,G-p0.5-l1oct+jig0.25,paircplx,2500,35.83,32.99,99.9,95.6,95.0,36.47,20262930,1000
RS-Bq,G-p0.5-l1oct+jig0.25,paircplx,3150,35.85,33.18,99.8,95.6,95.0,36.03,20262930,1000
RS-Bq,G-p0.5-l1oct+jig0.25,paircplx,4000,34.86,32.84,99.9,95.6,95.0,35.56,20262930,1000
X2-LR4-600-e3m30,G-p0.5-l1oct+jig0.25,paircplx,1000,32.64,29.91,89.2,88.9,88.1,33.69,20262930,1000
X2-LR4-600-e3m30,G-p0.5-l1oct+jig0.25,paircplx,1250,35.22,32.37,99.6,88.9,88.1,35.89,20262930,1000
X2-LR4-600-e3m30,G-p0.5-l1oct+jig0.25,paircplx,1600,35.21,32.82,99.8,88.9,88.1,35.97,20262930,1000
X2-LR4-600-e3m30,G-p0.5-l1oct+jig0.25,paircplx,2000,35.46,32.94,99.7,88.9,88.1,36.19,20262930,1000
X2-LR4-600-e3m30,G-p0.5-l1oct+jig0.25,paircplx,2500,35.87,32.98,99.9,88.9,88.1,36.49,20262930,1000
X2-LR4-600-e3m30,G-p0.5-l1oct+jig0.25,paircplx,3150,35.86,33.17,99.7,88.9,88.1,36.04,20262930,1000
X2-LR4-600-e3m30,G-p0.5-l1oct+jig0.25,paircplx,4000,35.00,32.90,99.9,88.9,88.1,35.72,20262930,1000
X2-LR4-700-e1m30,G-p0.5-l1oct+jig0.25,paircplx,1000,33.14,30.26,92.7,92.5,92.1,34.20,20262930,1000
X2-LR4-700-e1m30,G-p0.5-l1oct+jig0.25,paircplx,1250,35.96,32.74,99.8,92.5,92.1,36.64,20262930,1000
X2-LR4-700-e1m30,G-p0.5-l1oct+jig0.25,paircplx,1600,36.00,33.23,99.9,92.5,92.1,36.80,20262930,1000
X2-LR4-700-e1m30,G-p0.5-l1oct+jig0.25,paircplx,2000,36.22,33.32,99.8,92.5,92.1,37.01,20262930,1000
X2-LR4-700-e1m30,G-p0.5-l1oct+jig0.25,paircplx,2500,36.51,33.28,99.9,92.5,92.1,37.14,20262930,1000
X2-LR4-700-e1m30,G-p0.5-l1oct+jig0.25,paircplx,3150,36.68,33.49,99.8,92.5,92.1,36.82,20262930,1000
X2-LR4-700-e1m30,G-p0.5-l1oct+jig0.25,paircplx,4000,35.75,33.25,99.9,92.5,92.1,36.47,20262930,1000
X2-LR4-700-e3m30,G-p0.5-l1oct+jig0.25,paircplx,1000,32.10,29.55,84.3,84.0,83.2,33.14,20262930,1000
X2-LR4-700-e3m30,G-p0.5-l1oct+jig0.25,paircplx,1250,35.43,32.29,99.6,84.0,83.2,36.10,20262930,1000
X2-LR4-700-e3m30,G-p0.5-l1oct+jig0.25,paircplx,1600,35.59,32.98,99.8,84.0,83.2,36.38,20262930,1000
X2-LR4-700-e3m30,G-p0.5-l1oct+jig0.25,paircplx,2000,35.86,33.14,99.7,84.0,83.2,36.60,20262930,1000
X2-LR4-700-e3m30,G-p0.5-l1oct+jig0.25,paircplx,2500,36.19,33.10,99.9,84.0,83.2,36.81,20262930,1000
X2-LR4-700-e3m30,G-p0.5-l1oct+jig0.25,paircplx,3150,36.32,33.35,99.7,84.0,83.2,36.43,20262930,1000
X2-LR4-700-e3m30,G-p0.5-l1oct+jig0.25,paircplx,4000,35.40,33.11,99.9,84.0,83.2,36.13,20262930,1000
X2-LR4-800-e0.1m35,G-p0.5-l1oct+jig0.25,paircplx,1000,35.09,31.84,98.9,98.7,98.2,36.10,20262930,1000
X2-LR4-800-e0.1m35,G-p0.5-l1oct+jig0.25,paircplx,1250,36.95,33.36,99.8,98.7,98.2,37.78,20262930,1000
X2-LR4-800-e0.1m35,G-p0.5-l1oct+jig0.25,paircplx,1600,36.99,33.70,99.9,98.7,98.2,37.90,20262930,1000
X2-LR4-800-e0.1m35,G-p0.5-l1oct+jig0.25,paircplx,2000,37.07,33.66,99.9,98.7,98.2,37.88,20262930,1000
X2-LR4-800-e0.1m35,G-p0.5-l1oct+jig0.25,paircplx,2500,37.09,33.57,99.9,98.7,98.2,37.68,20262930,1000
X2-LR4-800-e0.1m35,G-p0.5-l1oct+jig0.25,paircplx,3150,37.38,33.76,99.8,98.7,98.2,37.43,20262930,1000
X2-LR4-800-e0.1m35,G-p0.5-l1oct+jig0.25,paircplx,4000,36.23,33.43,99.9,98.7,98.2,37.08,20262930,1000
X2-LR4-800-e1m30,G-p0.5-l1oct+jig0.25,paircplx,1000,32.10,29.57,84.8,84.5,84.0,33.11,20262930,1000
X2-LR4-800-e1m30,G-p0.5-l1oct+jig0.25,paircplx,1250,35.88,32.47,99.6,84.5,84.0,36.63,20262930,1000
X2-LR4-800-e1m30,G-p0.5-l1oct+jig0.25,paircplx,1600,36.36,33.39,100.0,84.5,84.0,37.22,20262930,1000
X2-LR4-800-e1m30,G-p0.5-l1oct+jig0.25,paircplx,2000,36.63,33.47,99.7,84.5,84.0,37.40,20262930,1000
X2-LR4-800-e1m30,G-p0.5-l1oct+jig0.25,paircplx,2500,36.75,33.39,99.9,84.5,84.0,37.39,20262930,1000
X2-LR4-800-e1m30,G-p0.5-l1oct+jig0.25,paircplx,3150,37.06,33.61,99.8,84.5,84.0,37.12,20262930,1000
X2-LR4-800-e1m30,G-p0.5-l1oct+jig0.25,paircplx,4000,36.05,33.36,99.9,84.5,84.0,36.82,20262930,1000
X2-LR4-800-e3m30,G-p0.5-l1oct+jig0.25,paircplx,1000,31.18,28.88,72.9,72.6,71.8,32.14,20262930,1000
X2-LR4-800-e3m30,G-p0.5-l1oct+jig0.25,paircplx,1250,35.22,32.00,99.2,72.6,71.8,36.03,20262930,1000
X2-LR4-800-e3m30,G-p0.5-l1oct+jig0.25,paircplx,1600,35.96,33.15,99.9,72.6,71.8,36.80,20262930,1000
X2-LR4-800-e3m30,G-p0.5-l1oct+jig0.25,paircplx,2000,36.27,33.34,99.7,72.6,71.8,37.06,20262930,1000
X2-LR4-800-e3m30,G-p0.5-l1oct+jig0.25,paircplx,2500,36.51,33.27,99.9,72.6,71.8,37.15,20262930,1000
X2-LR4-800-e3m30,G-p0.5-l1oct+jig0.25,paircplx,3150,36.75,33.48,99.8,72.6,71.8,36.85,20262930,1000
X2-LR4-800-e3m30,G-p0.5-l1oct+jig0.25,paircplx,4000,35.81,33.28,99.9,72.6,71.8,36.58,20262930,1000
X3-LR4-700/1600-e0.1m35,G-p0.5-l1oct+jig0.25,paircplx,1000,36.34,33.10,99.7,99.7,99.7,37.06,20262930,1000
X3-LR4-700/1600-e0.1m35,G-p0.5-l1oct+jig0.25,paircplx,1250,36.89,33.38,100.0,99.7,99.7,37.67,20262930,1000
X3-LR4-700/1600-e0.1m35,G-p0.5-l1oct+jig0.25,paircplx,1600,37.12,33.56,100.0,99.7,99.7,37.86,20262930,1000
X3-LR4-700/1600-e0.1m35,G-p0.5-l1oct+jig0.25,paircplx,2000,37.18,34.11,100.0,99.7,99.7,38.01,20262930,1000
X3-LR4-700/1600-e0.1m35,G-p0.5-l1oct+jig0.25,paircplx,2500,36.97,34.01,100.0,99.7,99.7,37.72,20262930,1000
X3-LR4-700/1600-e0.1m35,G-p0.5-l1oct+jig0.25,paircplx,3150,37.11,34.34,100.0,99.7,99.7,37.47,20262930,1000
X3-LR4-700/1600-e0.1m35,G-p0.5-l1oct+jig0.25,paircplx,4000,35.88,33.58,100.0,99.7,99.7,36.52,20262930,1000
X3-LR4-700/2000-e1m30,G-p0.5-l1oct+jig0.25,paircplx,1000,33.18,30.48,93.7,93.4,90.4,34.12,20262930,1000
X3-LR4-700/2000-e1m30,G-p0.5-l1oct+jig0.25,paircplx,1250,34.73,31.45,97.9,93.4,90.4,35.53,20262930,1000
X3-LR4-700/2000-e1m30,G-p0.5-l1oct+jig0.25,paircplx,1600,35.52,32.17,99.4,93.4,90.4,36.29,20262930,1000
X3-LR4-700/2000-e1m30,G-p0.5-l1oct+jig0.25,paircplx,2000,35.99,32.87,99.6,93.4,90.4,36.69,20262930,1000
X3-LR4-700/2000-e1m30,G-p0.5-l1oct+jig0.25,paircplx,2500,35.48,32.79,99.8,93.4,90.4,36.16,20262930,1000
X3-LR4-700/2000-e1m30,G-p0.5-l1oct+jig0.25,paircplx,3150,36.61,33.59,99.8,93.4,90.4,36.84,20262930,1000
X3-LR4-700/2000-e1m30,G-p0.5-l1oct+jig0.25,paircplx,4000,35.94,33.29,100.0,93.4,90.4,36.69,20262930,1000
X3-LR4-700/2000-e3m30,G-p0.5-l1oct+jig0.25,paircplx,1000,32.29,29.83,88.3,87.1,78.0,33.20,20262930,1000
X3-LR4-700/2000-e3m30,G-p0.5-l1oct+jig0.25,paircplx,1250,33.72,30.63,93.7,87.1,78.0,34.53,20262930,1000
X3-LR4-700/2000-e3m30,G-p0.5-l1oct+jig0.25,paircplx,1600,34.69,31.39,97.7,87.1,78.0,35.39,20262930,1000
X3-LR4-700/2000-e3m30,G-p0.5-l1oct+jig0.25,paircplx,2000,34.93,32.04,98.7,87.1,78.0,35.62,20262930,1000
X3-LR4-700/2000-e3m30,G-p0.5-l1oct+jig0.25,paircplx,2500,34.21,31.89,99.1,87.1,78.0,34.90,20262930,1000
X3-LR4-700/2000-e3m30,G-p0.5-l1oct+jig0.25,paircplx,3150,35.98,33.02,99.7,87.1,78.0,36.20,20262930,1000
X3-LR4-700/2000-e3m30,G-p0.5-l1oct+jig0.25,paircplx,4000,35.71,32.96,99.9,87.1,78.0,36.53,20262930,1000
X2-LR8-600-e3m30,G-p0.5-l1oct+jig0.25,paircplx,1000,32.92,30.15,91.3,91.0,90.3,33.93,20262930,1000
X2-LR8-600-e3m30,G-p0.5-l1oct+jig0.25,paircplx,1250,34.87,32.30,99.7,91.0,90.3,35.46,20262930,1000
X2-LR8-600-e3m30,G-p0.5-l1oct+jig0.25,paircplx,1600,34.73,32.57,99.7,91.0,90.3,35.45,20262930,1000
X2-LR8-600-e3m30,G-p0.5-l1oct+jig0.25,paircplx,2000,34.89,32.61,99.7,91.0,90.3,35.66,20262930,1000
X2-LR8-600-e3m30,G-p0.5-l1oct+jig0.25,paircplx,2500,35.49,32.71,99.8,91.0,90.3,36.06,20262930,1000
X2-LR8-600-e3m30,G-p0.5-l1oct+jig0.25,paircplx,3150,35.36,32.88,99.7,91.0,90.3,35.53,20262930,1000
X2-LR8-600-e3m30,G-p0.5-l1oct+jig0.25,paircplx,4000,34.49,32.63,99.9,91.0,90.3,35.17,20262930,1000
X2-LR8-700-e1m30,G-p0.5-l1oct+jig0.25,paircplx,1000,33.74,30.70,94.7,94.5,93.9,34.80,20262930,1000
X2-LR8-700-e1m30,G-p0.5-l1oct+jig0.25,paircplx,1250,35.60,32.73,99.7,94.5,93.9,36.16,20262930,1000
X2-LR8-700-e1m30,G-p0.5-l1oct+jig0.25,paircplx,1600,35.36,32.96,99.7,94.5,93.9,36.09,20262930,1000
X2-LR8-700-e1m30,G-p0.5-l1oct+jig0.25,paircplx,2000,35.62,33.03,99.8,94.5,93.9,36.35,20262930,1000
X2-LR8-700-e1m30,G-p0.5-l1oct+jig0.25,paircplx,2500,36.05,33.08,99.9,94.5,93.9,36.68,20262930,1000
X2-LR8-700-e1m30,G-p0.5-l1oct+jig0.25,paircplx,3150,36.11,33.31,99.8,94.5,93.9,36.27,20262930,1000
X2-LR8-700-e1m30,G-p0.5-l1oct+jig0.25,paircplx,4000,35.10,32.98,99.9,94.5,93.9,35.81,20262930,1000
X2-LR8-700-e3m30,G-p0.5-l1oct+jig0.25,paircplx,1000,32.69,29.97,89.6,89.3,88.7,33.75,20262930,1000
X2-LR8-700-e3m30,G-p0.5-l1oct+jig0.25,paircplx,1250,35.12,32.49,99.7,89.3,88.7,35.75,20262930,1000
X2-LR8-700-e3m30,G-p0.5-l1oct+jig0.25,paircplx,1600,34.98,32.73,99.8,89.3,88.7,35.71,20262930,1000
X2-LR8-700-e3m30,G-p0.5-l1oct+jig0.25,paircplx,2000,35.16,32.77,99.7,89.3,88.7,35.90,20262930,1000
X2-LR8-700-e3m30,G-p0.5-l1oct+jig0.25,paircplx,2500,35.65,32.84,99.9,89.3,88.7,36.25,20262930,1000
X2-LR8-700-e3m30,G-p0.5-l1oct+jig0.25,paircplx,3150,35.55,32.99,99.7,89.3,88.7,35.74,20262930,1000
X2-LR8-700-e3m30,G-p0.5-l1oct+jig0.25,paircplx,4000,34.67,32.75,99.9,89.3,88.7,35.38,20262930,1000
X2-LR8-800-e1m30,G-p0.5-l1oct+jig0.25,paircplx,1000,32.85,30.08,90.8,90.6,90.3,33.90,20262930,1000
X2-LR8-800-e1m30,G-p0.5-l1oct+jig0.25,paircplx,1250,36.17,33.08,99.8,90.6,90.3,36.79,20262930,1000
X2-LR8-800-e1m30,G-p0.5-l1oct+jig0.25,paircplx,1600,35.84,33.20,99.8,90.6,90.3,36.63,20262930,1000
X2-LR8-800-e1m30,G-p0.5-l1oct+jig0.25,paircplx,2000,36.04,33.27,99.8,90.6,90.3,36.80,20262930,1000
X2-LR8-800-e1m30,G-p0.5-l1oct+jig0.25,paircplx,2500,36.38,33.22,99.9,90.6,90.3,36.99,20262930,1000
X2-LR8-800-e1m30,G-p0.5-l1oct+jig0.25,paircplx,3150,36.49,33.46,99.9,90.6,90.3,36.62,20262930,1000
X2-LR8-800-e1m30,G-p0.5-l1oct+jig0.25,paircplx,4000,35.47,33.13,99.9,90.6,90.3,36.19,20262930,1000
X2-LR8-800-e3m30,G-p0.5-l1oct+jig0.25,paircplx,1000,31.73,29.28,80.9,80.6,80.0,32.77,20262930,1000
X2-LR8-800-e3m30,G-p0.5-l1oct+jig0.25,paircplx,1250,35.74,32.79,99.8,80.6,80.0,36.35,20262930,1000
X2-LR8-800-e3m30,G-p0.5-l1oct+jig0.25,paircplx,1600,35.48,32.96,99.8,80.6,80.0,36.26,20262930,1000
X2-LR8-800-e3m30,G-p0.5-l1oct+jig0.25,paircplx,2000,35.68,33.06,99.7,80.6,80.0,36.41,20262930,1000
X2-LR8-800-e3m30,G-p0.5-l1oct+jig0.25,paircplx,2500,35.99,33.04,99.9,80.6,80.0,36.63,20262930,1000
X2-LR8-800-e3m30,G-p0.5-l1oct+jig0.25,paircplx,3150,36.04,33.24,99.7,80.6,80.0,36.19,20262930,1000
X2-LR8-800-e3m30,G-p0.5-l1oct+jig0.25,paircplx,4000,35.09,32.98,99.9,80.6,80.0,35.82,20262930,1000
X3-LR8-700/1400-e0.1m35,G-p0.5-l1oct+jig0.25,paircplx,1000,36.13,32.88,99.4,99.4,99.4,36.76,20262930,1000
X3-LR8-700/1400-e0.1m35,G-p0.5-l1oct+jig0.25,paircplx,1250,36.80,33.59,100.0,99.4,99.4,37.57,20262930,1000
X3-LR8-700/1400-e0.1m35,G-p0.5-l1oct+jig0.25,paircplx,1600,37.17,33.81,100.0,99.4,99.4,38.02,20262930,1000
X3-LR8-700/1400-e0.1m35,G-p0.5-l1oct+jig0.25,paircplx,2000,37.20,34.02,100.0,99.4,99.4,37.94,20262930,1000
X3-LR8-700/1400-e0.1m35,G-p0.5-l1oct+jig0.25,paircplx,2500,36.95,34.08,100.0,99.4,99.4,37.76,20262930,1000
X3-LR8-700/1400-e0.1m35,G-p0.5-l1oct+jig0.25,paircplx,3150,37.23,34.35,100.0,99.4,99.4,37.53,20262930,1000
X3-LR8-700/1400-e0.1m35,G-p0.5-l1oct+jig0.25,paircplx,4000,36.19,33.69,100.0,99.4,99.4,36.90,20262930,1000
X3-LR8-700/1600-e0.1m35,G-p0.5-l1oct+jig0.25,paircplx,1000,36.29,32.44,99.7,99.7,99.4,36.98,20262930,1000
X3-LR8-700/1600-e0.1m35,G-p0.5-l1oct+jig0.25,paircplx,1250,36.73,33.13,99.7,99.7,99.4,37.49,20262930,1000
X3-LR8-700/1600-e0.1m35,G-p0.5-l1oct+jig0.25,paircplx,1600,36.90,33.35,100.0,99.7,99.4,37.64,20262930,1000
X3-LR8-700/1600-e0.1m35,G-p0.5-l1oct+jig0.25,paircplx,2000,37.33,34.28,100.0,99.7,99.4,38.14,20262930,1000
X3-LR8-700/1600-e0.1m35,G-p0.5-l1oct+jig0.25,paircplx,2500,37.01,34.06,100.0,99.7,99.4,37.77,20262930,1000
X3-LR8-700/1600-e0.1m35,G-p0.5-l1oct+jig0.25,paircplx,3150,37.31,34.29,100.0,99.7,99.4,37.52,20262930,1000
X3-LR8-700/1600-e0.1m35,G-p0.5-l1oct+jig0.25,paircplx,4000,35.97,33.56,100.0,99.7,99.4,36.69,20262930,1000
X3-LR8-700/2000-e1m30,G-p0.5-l1oct+jig0.25,paircplx,1000,33.92,31.13,96.6,95.3,93.3,34.83,20262930,1000
X3-LR8-700/2000-e1m30,G-p0.5-l1oct+jig0.25,paircplx,1250,35.03,31.89,99.0,95.3,93.3,35.89,20262930,1000
X3-LR8-700/2000-e1m30,G-p0.5-l1oct+jig0.25,paircplx,1600,35.25,32.30,99.3,95.3,93.3,36.13,20262930,1000
X3-LR8-700/2000-e1m30,G-p0.5-l1oct+jig0.25,paircplx,2000,34.86,32.34,98.9,95.3,93.3,35.65,20262930,1000
X3-LR8-700/2000-e1m30,G-p0.5-l1oct+jig0.25,paircplx,2500,35.03,32.72,99.8,95.3,93.3,35.91,20262930,1000
X3-LR8-700/2000-e1m30,G-p0.5-l1oct+jig0.25,paircplx,3150,36.95,33.86,99.9,95.3,93.3,37.17,20262930,1000
X3-LR8-700/2000-e1m30,G-p0.5-l1oct+jig0.25,paircplx,4000,35.54,33.18,99.8,95.3,93.3,36.35,20262930,1000
X3-LR8-800/1600-e0.1m35,G-p0.5-l1oct+jig0.25,paircplx,1000,35.38,31.95,99.2,99.2,98.9,36.02,20262930,1000
X3-LR8-800/1600-e0.1m35,G-p0.5-l1oct+jig0.25,paircplx,1250,36.78,33.23,99.7,99.2,98.9,37.58,20262930,1000
X3-LR8-800/1600-e0.1m35,G-p0.5-l1oct+jig0.25,paircplx,1600,37.19,33.44,100.0,99.2,98.9,37.88,20262930,1000
X3-LR8-800/1600-e0.1m35,G-p0.5-l1oct+jig0.25,paircplx,2000,37.33,34.28,100.0,99.2,98.9,38.16,20262930,1000
X3-LR8-800/1600-e0.1m35,G-p0.5-l1oct+jig0.25,paircplx,2500,36.99,34.07,100.0,99.2,98.9,37.76,20262930,1000
X3-LR8-800/1600-e0.1m35,G-p0.5-l1oct+jig0.25,paircplx,3150,37.29,34.26,100.0,99.2,98.9,37.51,20262930,1000
X3-LR8-800/1600-e0.1m35,G-p0.5-l1oct+jig0.25,paircplx,4000,36.01,33.62,100.0,99.2,98.9,36.75,20262930,1000
X3-LR4-700/1600-e0.1m35+5k,G-p0.5-l1oct+jig0.25,paircplx,1000,36.19,32.62,99.2,98.9,98.5,37.12,20262930,1000
X3-LR4-700/1600-e0.1m35+5k,G-p0.5-l1oct+jig0.25,paircplx,1250,37.07,33.41,99.8,98.9,98.5,37.87,20262930,1000
X3-LR4-700/1600-e0.1m35+5k,G-p0.5-l1oct+jig0.25,paircplx,1600,37.01,33.58,100.0,98.9,98.5,37.90,20262930,1000
X3-LR4-700/1600-e0.1m35+5k,G-p0.5-l1oct+jig0.25,paircplx,2000,37.12,33.67,99.7,98.9,98.5,37.87,20262930,1000
X3-LR4-700/1600-e0.1m35+5k,G-p0.5-l1oct+jig0.25,paircplx,2500,36.76,33.45,99.9,98.9,98.5,37.41,20262930,1000
X3-LR4-700/1600-e0.1m35+5k,G-p0.5-l1oct+jig0.25,paircplx,3150,37.07,33.78,99.9,98.9,98.5,37.24,20262930,1000
X3-LR4-700/1600-e0.1m35+5k,G-p0.5-l1oct+jig0.25,paircplx,4000,35.93,33.25,100.0,98.9,98.5,36.64,20262930,1000
DDC-BW30,G-p0.5-l1oct+jig0.25,paircplx,1000,29.69,27.38,43.8,0.0,0.0,30.58,20262930,1000
DDC-BW30,G-p0.5-l1oct+jig0.25,paircplx,1250,29.44,27.00,40.8,0.0,0.0,30.41,20262930,1000
DDC-BW30,G-p0.5-l1oct+jig0.25,paircplx,1600,29.18,26.54,38.3,0.0,0.0,30.14,20262930,1000
DDC-BW30,G-p0.5-l1oct+jig0.25,paircplx,2000,29.14,26.13,37.6,0.0,0.0,30.01,20262930,1000
DDC-BW30,G-p0.5-l1oct+jig0.25,paircplx,2500,27.67,24.83,19.8,0.0,0.0,28.81,20262930,1000
DDC-BW30,G-p0.5-l1oct+jig0.25,paircplx,3150,27.50,24.87,13.9,0.0,0.0,28.19,20262930,1000
DDC-BW30,G-p0.5-l1oct+jig0.25,paircplx,4000,8.24,7.83,0.0,0.0,0.0,8.47,20262930,1000
Legendre-only,G-p0.5-l1oct+jig0.25,paircplx,1000,33.35,31.30,97.7,97.7,91.4,33.76,20262930,1000
Legendre-only,G-p0.5-l1oct+jig0.25,paircplx,1250,33.04,30.49,93.6,97.7,91.4,33.87,20262930,1000
Legendre-only,G-p0.5-l1oct+jig0.25,paircplx,1600,35.52,32.36,99.0,97.7,91.4,36.31,20262930,1000
Legendre-only,G-p0.5-l1oct+jig0.25,paircplx,2000,36.95,33.50,100.0,97.7,91.4,37.59,20262930,1000
Legendre-only,G-p0.5-l1oct+jig0.25,paircplx,2500,37.06,33.75,99.9,97.7,91.4,37.76,20262930,1000
Legendre-only,G-p0.5-l1oct+jig0.25,paircplx,3150,37.55,34.05,99.9,97.7,91.4,37.64,20262930,1000
Legendre-only,G-p0.5-l1oct+jig0.25,paircplx,4000,36.19,33.43,100.0,97.7,91.4,36.97,20262930,1000
CBT-arc20,G-p0.5-l1oct+jig0.25,paircplx,1000,31.32,29.01,77.1,75.5,66.9,31.94,20262930,1000
CBT-arc20,G-p0.5-l1oct+jig0.25,paircplx,1250,31.99,29.54,85.3,75.5,66.9,32.87,20262930,1000
CBT-arc20,G-p0.5-l1oct+jig0.25,paircplx,1600,34.76,31.76,98.1,75.5,66.9,35.58,20262930,1000
CBT-arc20,G-p0.5-l1oct+jig0.25,paircplx,2000,36.23,32.84,99.3,75.5,66.9,36.91,20262930,1000
CBT-arc20,G-p0.5-l1oct+jig0.25,paircplx,2500,36.40,33.16,99.7,75.5,66.9,37.10,20262930,1000
CBT-arc20,G-p0.5-l1oct+jig0.25,paircplx,3150,36.44,33.02,99.4,75.5,66.9,36.65,20262930,1000
CBT-arc20,G-p0.5-l1oct+jig0.25,paircplx,4000,33.81,31.56,98.8,75.5,66.9,34.55,20262930,1000
CBT-arc20-int,G-p0.5-l1oct+jig0.25,paircplx,1000,31.83,29.49,85.1,0.0,0.0,32.36,20262930,1000
CBT-arc20-int,G-p0.5-l1oct+jig0.25,paircplx,1250,32.46,30.02,90.4,0.0,0.0,33.22,20262930,1000
CBT-arc20-int,G-p0.5-l1oct+jig0.25,paircplx,1600,32.25,29.82,87.6,0.0,0.0,33.24,20262930,1000
CBT-arc20-int,G-p0.5-l1oct+jig0.25,paircplx,2000,32.35,29.76,88.0,0.0,0.0,33.35,20262930,1000
CBT-arc20-int,G-p0.5-l1oct+jig0.25,paircplx,2500,26.71,25.05,0.9,0.0,0.0,27.43,20262930,1000
CBT-arc20-int,G-p0.5-l1oct+jig0.25,paircplx,3150,28.63,27.16,13.4,0.0,0.0,29.04,20262930,1000
CBT-arc20-int,G-p0.5-l1oct+jig0.25,paircplx,4000,24.01,22.83,0.0,0.0,0.0,24.63,20262930,1000
CBT-arc30,G-p0.5-l1oct+jig0.25,paircplx,1000,29.40,27.39,33.5,17.0,12.4,30.07,20262930,1000
CBT-arc30,G-p0.5-l1oct+jig0.25,paircplx,1250,30.85,28.55,67.0,17.0,12.4,31.66,20262930,1000
CBT-arc30,G-p0.5-l1oct+jig0.25,paircplx,1600,33.71,30.84,96.3,17.0,12.4,34.58,20262930,1000
CBT-arc30,G-p0.5-l1oct+jig0.25,paircplx,2000,35.29,32.14,98.1,17.0,12.4,36.01,20262930,1000
CBT-arc30,G-p0.5-l1oct+jig0.25,paircplx,2500,35.46,32.49,99.3,17.0,12.4,36.24,20262930,1000
CBT-arc30,G-p0.5-l1oct+jig0.25,paircplx,3150,35.22,31.94,98.3,17.0,12.4,35.48,20262930,1000
CBT-arc30,G-p0.5-l1oct+jig0.25,paircplx,4000,30.04,28.45,51.8,17.0,12.4,30.69,20262930,1000
