design,metric,freq_hz,value
D20q,R90_band,1000,22.728
D20q,sector60_90_worst_band,1000,21.179
D20q,err_floor_band,1000,33.411
D20q,onaxis_fulldrive_vs_D20_band,1000,-0.000
D20q,R90_band,1250,22.248
D20q,sector60_90_worst_band,1250,22.248
D20q,err_floor_band,1250,33.401
D20q,onaxis_fulldrive_vs_D20_band,1250,-0.000
D20q,R90_band,1600,23.138
D20q,sector60_90_worst_band,1600,22.778
D20q,err_floor_band,1600,33.384
D20q,onaxis_fulldrive_vs_D20_band,1600,-0.000
D20q,R90_band,2000,23.244
D20q,sector60_90_worst_band,2000,22.570
D20q,err_floor_band,2000,33.359
D20q,onaxis_fulldrive_vs_D20_band,2000,-0.000
D20q,R90_band,2500,24.066
D20q,sector60_90_worst_band,2500,22.173
D20q,err_floor_band,2500,33.320
D20q,onaxis_fulldrive_vs_D20_band,2500,-0.000
D20q,R90_band,3150,22.727
D20q,sector60_90_worst_band,3150,22.339
D20q,err_floor_band,3150,33.258
D20q,onaxis_fulldrive_vs_D20_band,3150,-0.000
D20q,R90_band,4000,23.021
D20q,sector60_90_worst_band,4000,22.677
D20q,err_floor_band,4000,33.156
D20q,onaxis_fulldrive_vs_D20_band,4000,-0.000
D20q,JYT_500_30_single,500,5.857
D20q,JYT_500_30_inband_min,500,4.524
D20q,JYT_500_90_single,500,23.098
D20q,JYT_500_90_inband_min,500,20.042
D20q,JYT_1000_30_single,1000,23.098
D20q,JYT_1000_30_inband_min,1000,20.042
D20q,JYT_1000_90_single,1000,22.404
D20q,JYT_1000_90_inband_min,1000,20.003
D20q,JYT_2000_30_single,2000,22.404
D20q,JYT_2000_30_inband_min,2000,20.003
D20q,JYT_2000_90_single,2000,23.010
D20q,JYT_2000_90_inband_min,2000,20.011
D20q,JYT_4000_30_single,4000,23.010
D20q,JYT_4000_30_inband_min,4000,20.011
D20q,JYT_4000_90_single,4000,26.029
D20q,JYT_4000_90_inband_min,4000,20.002
D20q,BW_1k_deg,1000,29.269
D20q,BW_2k_deg,2000,14.515
D20q,JYT_worst_grade,0,2
D35q,R90_band,1000,36.943
D35q,sector60_90_worst_band,1000,36.943
D35q,err_floor_band,1000,32.663
D35q,onaxis_fulldrive_vs_D20_band,1000,-2.475
D35q,R90_band,1250,38.506
D35q,sector60_90_worst_band,1250,37.502
D35q,err_floor_band,1250,32.653
D35q,onaxis_fulldrive_vs_D20_band,1250,-2.475
D35q,R90_band,1600,38.062
D35q,sector60_90_worst_band,1600,37.573
D35q,err_floor_band,1600,32.636
D35q,onaxis_fulldrive_vs_D20_band,1600,-2.475
D35q,R90_band,2000,37.804
D35q,sector60_90_worst_band,2000,37.385
D35q,err_floor_band,2000,32.611
D35q,onaxis_fulldrive_vs_D20_band,2000,-2.475
D35q,R90_band,2500,39.027
D35q,sector60_90_worst_band,2500,37.149
D35q,err_floor_band,2500,32.572
D35q,onaxis_fulldrive_vs_D20_band,2500,-2.475
D35q,R90_band,3150,37.810
D35q,sector60_90_worst_band,3150,37.347
D35q,err_floor_band,3150,32.510
D35q,onaxis_fulldrive_vs_D20_band,3150,-2.475
D35q,R90_band,4000,37.779
D35q,sector60_90_worst_band,4000,37.600
D35q,err_floor_band,4000,32.408
D35q,onaxis_fulldrive_vs_D20_band,4000,-2.475
D35q,JYT_500_30_single,500,3.542
D35q,JYT_500_30_inband_min,500,2.784
D35q,JYT_500_90_single,500,17.107
D35q,JYT_500_90_inband_min,500,12.729
D35q,JYT_1000_30_single,1000,17.107
D35q,JYT_1000_30_inband_min,1000,12.729
D35q,JYT_1000_90_single,1000,35.220
D35q,JYT_1000_90_inband_min,1000,34.999
D35q,JYT_2000_30_single,2000,35.220
D35q,JYT_2000_30_inband_min,2000,34.999
D35q,JYT_2000_90_single,2000,41.431
D35q,JYT_2000_90_inband_min,2000,35.009
D35q,JYT_4000_30_single,4000,41.431
D35q,JYT_4000_30_inband_min,4000,35.009
D35q,JYT_4000_90_single,4000,38.432
D35q,JYT_4000_90_inband_min,4000,34.998
D35q,BW_1k_deg,1000,37.358
D35q,BW_2k_deg,2000,18.429
D35q,JYT_worst_grade,0,2
RS-Aq,R90_band,1000,42.224
RS-Aq,sector60_90_worst_band,1000,36.228
RS-Aq,err_floor_band,1000,32.460
RS-Aq,onaxis_fulldrive_vs_D20_band,1000,-2.831
RS-Aq,R90_band,1250,43.279
RS-Aq,sector60_90_worst_band,1250,41.888
RS-Aq,err_floor_band,1250,32.451
RS-Aq,onaxis_fulldrive_vs_D20_band,1250,-2.831
RS-Aq,R90_band,1600,43.333
RS-Aq,sector60_90_worst_band,1600,42.720
RS-Aq,err_floor_band,1600,32.433
RS-Aq,onaxis_fulldrive_vs_D20_band,1600,-2.831
RS-Aq,R90_band,2000,44.398
RS-Aq,sector60_90_worst_band,2000,44.196
RS-Aq,err_floor_band,2000,32.408
RS-Aq,onaxis_fulldrive_vs_D20_band,2000,-2.831
RS-Aq,R90_band,2500,46.792
RS-Aq,sector60_90_worst_band,2500,45.084
RS-Aq,err_floor_band,2500,32.370
RS-Aq,onaxis_fulldrive_vs_D20_band,2500,-2.831
RS-Aq,R90_band,3150,46.153
RS-Aq,sector60_90_worst_band,3150,45.584
RS-Aq,err_floor_band,3150,32.307
RS-Aq,onaxis_fulldrive_vs_D20_band,3150,-2.831
RS-Aq,R90_band,4000,45.041
RS-Aq,sector60_90_worst_band,4000,45.041
RS-Aq,err_floor_band,4000,32.206
RS-Aq,onaxis_fulldrive_vs_D20_band,4000,-2.831
RS-Aq,JYT_500_30_single,500,3.207
RS-Aq,JYT_500_30_inband_min,500,2.524
RS-Aq,JYT_500_90_single,500,15.058
RS-Aq,JYT_500_90_inband_min,500,11.329
RS-Aq,JYT_1000_30_single,1000,15.058
RS-Aq,JYT_1000_30_inband_min,1000,11.329
RS-Aq,JYT_1000_90_single,1000,45.840
RS-Aq,JYT_1000_90_inband_min,1000,38.972
RS-Aq,JYT_2000_30_single,2000,45.840
RS-Aq,JYT_2000_30_inband_min,2000,38.972
RS-Aq,JYT_2000_90_single,2000,68.542
RS-Aq,JYT_2000_90_inband_min,2000,41.434
RS-Aq,JYT_4000_30_single,4000,68.542
RS-Aq,JYT_4000_30_inband_min,4000,41.434
RS-Aq,JYT_4000_90_single,4000,44.020
RS-Aq,JYT_4000_90_inband_min,4000,41.469
RS-Aq,BW_1k_deg,1000,39.261
RS-Aq,BW_2k_deg,2000,19.341
RS-Aq,JYT_worst_grade,0,2
RS-Bq,R90_band,1000,37.597
RS-Bq,sector60_90_worst_band,1000,35.518
RS-Bq,err_floor_band,1000,32.689
RS-Bq,onaxis_fulldrive_vs_D20_band,1000,-2.297
RS-Bq,R90_band,1250,39.379
RS-Bq,sector60_90_worst_band,1250,37.166
RS-Bq,err_floor_band,1250,32.679
RS-Bq,onaxis_fulldrive_vs_D20_band,1250,-2.297
RS-Bq,R90_band,1600,39.399
RS-Bq,sector60_90_worst_band,1600,38.518
RS-Bq,err_floor_band,1600,32.661
RS-Bq,onaxis_fulldrive_vs_D20_band,1600,-2.297
RS-Bq,R90_band,2000,39.992
RS-Bq,sector60_90_worst_band,2000,39.637
RS-Bq,err_floor_band,2000,32.637
RS-Bq,onaxis_fulldrive_vs_D20_band,2000,-2.297
RS-Bq,R90_band,2500,41.895
RS-Bq,sector60_90_worst_band,2500,40.081
RS-Bq,err_floor_band,2500,32.598
RS-Bq,onaxis_fulldrive_vs_D20_band,2500,-2.297
RS-Bq,R90_band,3150,40.975
RS-Bq,sector60_90_worst_band,3150,40.429
RS-Bq,err_floor_band,3150,32.535
RS-Bq,onaxis_fulldrive_vs_D20_band,3150,-2.297
RS-Bq,R90_band,4000,40.324
RS-Bq,sector60_90_worst_band,4000,40.324
RS-Bq,err_floor_band,4000,32.434
RS-Bq,onaxis_fulldrive_vs_D20_band,4000,-2.297
RS-Bq,JYT_500_30_single,500,3.571
RS-Bq,JYT_500_30_inband_min,500,2.804
RS-Bq,JYT_500_90_single,500,17.796
RS-Bq,JYT_500_90_inband_min,500,13.055
RS-Bq,JYT_1000_30_single,1000,17.796
RS-Bq,JYT_1000_30_inband_min,1000,13.055
RS-Bq,JYT_1000_90_single,1000,36.515
RS-Bq,JYT_1000_90_inband_min,1000,35.024
RS-Bq,JYT_2000_30_single,2000,36.515
RS-Bq,JYT_2000_30_inband_min,2000,35.024
RS-Bq,JYT_2000_90_single,2000,49.725
RS-Bq,JYT_2000_90_inband_min,2000,36.971
RS-Bq,JYT_4000_30_single,4000,49.725
RS-Bq,JYT_4000_30_inband_min,4000,36.971
RS-Bq,JYT_4000_90_single,4000,39.973
RS-Bq,JYT_4000_90_inband_min,4000,36.969
RS-Bq,BW_1k_deg,1000,37.154
RS-Bq,BW_2k_deg,2000,18.331
RS-Bq,JYT_worst_grade,0,2
X2-LR4-600-e0.1m35,R90_band,1000,44.987
X2-LR4-600-e0.1m35,sector60_90_worst_band,1000,37.163
X2-LR4-600-e0.1m35,err_floor_band,1000,32.601
X2-LR4-600-e0.1m35,onaxis_fulldrive_vs_D20_band,1000,-2.785
X2-LR4-600-e0.1m35,R90_band,1250,46.420
X2-LR4-600-e0.1m35,sector60_90_worst_band,1250,44.992
X2-LR4-600-e0.1m35,err_floor_band,1250,32.498
X2-LR4-600-e0.1m35,onaxis_fulldrive_vs_D20_band,1250,-2.785
X2-LR4-600-e0.1m35,R90_band,1600,45.971
X2-LR4-600-e0.1m35,sector60_90_worst_band,1600,45.755
X2-LR4-600-e0.1m35,err_floor_band,1600,32.434
X2-LR4-600-e0.1m35,onaxis_fulldrive_vs_D20_band,1600,-2.785
X2-LR4-600-e0.1m35,R90_band,2000,46.804
X2-LR4-600-e0.1m35,sector60_90_worst_band,2000,46.676
X2-LR4-600-e0.1m35,err_floor_band,2000,32.392
X2-LR4-600-e0.1m35,onaxis_fulldrive_vs_D20_band,2000,-2.785
X2-LR4-600-e0.1m35,R90_band,2500,49.088
X2-LR4-600-e0.1m35,sector60_90_worst_band,2500,47.506
X2-LR4-600-e0.1m35,err_floor_band,2500,32.346
X2-LR4-600-e0.1m35,onaxis_fulldrive_vs_D20_band,2500,-2.785
X2-LR4-600-e0.1m35,R90_band,3150,48.559
X2-LR4-600-e0.1m35,sector60_90_worst_band,3150,48.068
X2-LR4-600-e0.1m35,err_floor_band,3150,32.280
X2-LR4-600-e0.1m35,onaxis_fulldrive_vs_D20_band,3150,-2.785
X2-LR4-600-e0.1m35,R90_band,4000,48.017
X2-LR4-600-e0.1m35,sector60_90_worst_band,4000,48.017
X2-LR4-600-e0.1m35,err_floor_band,4000,32.178
X2-LR4-600-e0.1m35,onaxis_fulldrive_vs_D20_band,4000,-2.785
X2-LR4-600-e0.1m35,JYT_500_30_single,500,4.884
X2-LR4-600-e0.1m35,JYT_500_30_inband_min,500,4.005
X2-LR4-600-e0.1m35,JYT_500_90_single,500,39.290
X2-LR4-600-e0.1m35,JYT_500_90_inband_min,500,24.044
X2-LR4-600-e0.1m35,JYT_1000_30_single,1000,16.467
X2-LR4-600-e0.1m35,JYT_1000_30_inband_min,1000,12.840
X2-LR4-600-e0.1m35,JYT_1000_90_single,1000,44.252
X2-LR4-600-e0.1m35,JYT_1000_90_inband_min,1000,42.354
X2-LR4-600-e0.1m35,JYT_2000_30_single,2000,52.955
X2-LR4-600-e0.1m35,JYT_2000_30_inband_min,2000,33.563
X2-LR4-600-e0.1m35,JYT_2000_90_single,2000,68.452
X2-LR4-600-e0.1m35,JYT_2000_90_inband_min,2000,43.890
X2-LR4-600-e0.1m35,JYT_4000_30_single,4000,76.637
X2-LR4-600-e0.1m35,JYT_4000_30_inband_min,4000,44.821
X2-LR4-600-e0.1m35,JYT_4000_90_single,4000,46.702
X2-LR4-600-e0.1m35,JYT_4000_90_inband_min,4000,44.848
X2-LR4-600-e0.1m35,BW_1k_deg,1000,37.975
X2-LR4-600-e0.1m35,BW_2k_deg,2000,19.420
X2-LR4-600-e0.1m35,JYT_worst_grade,0,2
X2-LR4-600-e1m30,R90_band,1000,37.504
X2-LR4-600-e1m30,sector60_90_worst_band,1000,37.504
X2-LR4-600-e1m30,err_floor_band,1000,32.745
X2-LR4-600-e1m30,onaxis_fulldrive_vs_D20_band,1000,-2.450
X2-LR4-600-e1m30,R90_band,1250,41.046
X2-LR4-600-e1m30,sector60_90_worst_band,1250,39.045
X2-LR4-600-e1m30,err_floor_band,1250,32.658
X2-LR4-600-e1m30,onaxis_fulldrive_vs_D20_band,1250,-2.450
X2-LR4-600-e1m30,R90_band,1600,41.156
X2-LR4-600-e1m30,sector60_90_worst_band,1600,40.484
X2-LR4-600-e1m30,err_floor_band,1600,32.601
X2-LR4-600-e1m30,onaxis_fulldrive_vs_D20_band,1600,-2.450
X2-LR4-600-e1m30,R90_band,2000,41.769
X2-LR4-600-e1m30,sector60_90_worst_band,2000,41.453
X2-LR4-600-e1m30,err_floor_band,2000,32.562
X2-LR4-600-e1m30,onaxis_fulldrive_vs_D20_band,2000,-2.450
X2-LR4-600-e1m30,R90_band,2500,43.721
X2-LR4-600-e1m30,sector60_90_worst_band,2500,41.959
X2-LR4-600-e1m30,err_floor_band,2500,32.517
X2-LR4-600-e1m30,onaxis_fulldrive_vs_D20_band,2500,-2.450
X2-LR4-600-e1m30,R90_band,3150,42.884
X2-LR4-600-e1m30,sector60_90_worst_band,3150,42.368
X2-LR4-600-e1m30,err_floor_band,3150,32.452
X2-LR4-600-e1m30,onaxis_fulldrive_vs_D20_band,3150,-2.450
X2-LR4-600-e1m30,R90_band,4000,42.459
X2-LR4-600-e1m30,sector60_90_worst_band,4000,42.459
X2-LR4-600-e1m30,err_floor_band,4000,32.350
X2-LR4-600-e1m30,onaxis_fulldrive_vs_D20_band,4000,-2.450
X2-LR4-600-e1m30,JYT_500_30_single,500,4.990
X2-LR4-600-e1m30,JYT_500_30_inband_min,500,4.062
X2-LR4-600-e1m30,JYT_500_90_single,500,88.754
X2-LR4-600-e1m30,JYT_500_90_inband_min,500,25.258
X2-LR4-600-e1m30,JYT_1000_30_single,1000,18.378
X2-LR4-600-e1m30,JYT_1000_30_inband_min,1000,14.030
X2-LR4-600-e1m30,JYT_1000_90_single,1000,36.066
X2-LR4-600-e1m30,JYT_1000_90_inband_min,1000,35.958
X2-LR4-600-e1m30,JYT_2000_30_single,2000,41.409
X2-LR4-600-e1m30,JYT_2000_30_inband_min,2000,37.524
X2-LR4-600-e1m30,JYT_2000_90_single,2000,51.276
X2-LR4-600-e1m30,JYT_2000_90_inband_min,2000,38.702
X2-LR4-600-e1m30,JYT_4000_30_single,4000,53.062
X2-LR4-600-e1m30,JYT_4000_30_inband_min,4000,39.325
X2-LR4-600-e1m30,JYT_4000_90_single,4000,41.953
X2-LR4-600-e1m30,JYT_4000_90_inband_min,4000,39.352
X2-LR4-600-e1m30,BW_1k_deg,1000,36.653
X2-LR4-600-e1m30,BW_2k_deg,2000,18.660
X2-LR4-600-e1m30,JYT_worst_grade,0,2
X2-LR4-600-e3m30,R90_band,1000,35.700
X2-LR4-600-e3m30,sector60_90_worst_band,1000,35.700
X2-LR4-600-e3m30,err_floor_band,1000,32.775
X2-LR4-600-e3m30,onaxis_fulldrive_vs_D20_band,1000,-2.412
X2-LR4-600-e3m30,R90_band,1250,39.753
X2-LR4-600-e3m30,sector60_90_worst_band,1250,37.578
X2-LR4-600-e3m30,err_floor_band,1250,32.691
X2-LR4-600-e3m30,onaxis_fulldrive_vs_D20_band,1250,-2.412
X2-LR4-600-e3m30,R90_band,1600,39.988
X2-LR4-600-e3m30,sector60_90_worst_band,1600,39.285
X2-LR4-600-e3m30,err_floor_band,1600,32.637
X2-LR4-600-e3m30,onaxis_fulldrive_vs_D20_band,1600,-2.412
X2-LR4-600-e3m30,R90_band,2000,40.398
X2-LR4-600-e3m30,sector60_90_worst_band,2000,40.037
X2-LR4-600-e3m30,err_floor_band,2000,32.598
X2-LR4-600-e3m30,onaxis_fulldrive_vs_D20_band,2000,-2.412
X2-LR4-600-e3m30,R90_band,2500,42.056
X2-LR4-600-e3m30,sector60_90_worst_band,2500,40.277
X2-LR4-600-e3m30,err_floor_band,2500,32.553
X2-LR4-600-e3m30,onaxis_fulldrive_vs_D20_band,2500,-2.412
X2-LR4-600-e3m30,R90_band,3150,41.071
X2-LR4-600-e3m30,sector60_90_worst_band,3150,40.577
X2-LR4-600-e3m30,err_floor_band,3150,32.488
X2-LR4-600-e3m30,onaxis_fulldrive_vs_D20_band,3150,-2.412
X2-LR4-600-e3m30,R90_band,4000,40.877
X2-LR4-600-e3m30,sector60_90_worst_band,4000,40.846
X2-LR4-600-e3m30,err_floor_band,4000,32.386
X2-LR4-600-e3m30,onaxis_fulldrive_vs_D20_band,4000,-2.412
X2-LR4-600-e3m30,JYT_500_30_single,500,5.014
X2-LR4-600-e3m30,JYT_500_30_inband_min,500,4.076
X2-LR4-600-e3m30,JYT_500_90_single,500,54.105
X2-LR4-600-e3m30,JYT_500_90_inband_min,500,25.518
X2-LR4-600-e3m30,JYT_1000_30_single,1000,18.766
X2-LR4-600-e3m30,JYT_1000_30_inband_min,1000,14.283
X2-LR4-600-e3m30,JYT_1000_90_single,1000,34.323
X2-LR4-600-e3m30,JYT_1000_90_inband_min,1000,34.323
X2-LR4-600-e3m30,JYT_2000_30_single,2000,38.118
X2-LR4-600-e3m30,JYT_2000_30_inband_min,2000,36.225
X2-LR4-600-e3m30,JYT_2000_90_single,2000,47.309
X2-LR4-600-e3m30,JYT_2000_90_inband_min,2000,37.441
X2-LR4-600-e3m30,JYT_4000_30_single,4000,48.370
X2-LR4-600-e3m30,JYT_4000_30_inband_min,4000,37.963
X2-LR4-600-e3m30,JYT_4000_90_single,4000,40.772
X2-LR4-600-e3m30,JYT_4000_90_inband_min,4000,37.979
X2-LR4-600-e3m30,BW_1k_deg,1000,36.374
X2-LR4-600-e3m30,BW_2k_deg,2000,18.501
X2-LR4-600-e3m30,JYT_worst_grade,0,1
X2-LR4-700-e0.1m35,R90_band,1000,43.950
X2-LR4-700-e0.1m35,sector60_90_worst_band,1000,38.007
X2-LR4-700-e0.1m35,err_floor_band,1000,32.698
X2-LR4-700-e0.1m35,onaxis_fulldrive_vs_D20_band,1000,-2.725
X2-LR4-700-e0.1m35,R90_band,1250,48.625
X2-LR4-700-e0.1m35,sector60_90_worst_band,1250,47.904
X2-LR4-700-e0.1m35,err_floor_band,1250,32.542
X2-LR4-700-e0.1m35,onaxis_fulldrive_vs_D20_band,1250,-2.725
X2-LR4-700-e0.1m35,R90_band,1600,48.348
X2-LR4-700-e0.1m35,sector60_90_worst_band,1600,48.334
X2-LR4-700-e0.1m35,err_floor_band,1600,32.443
X2-LR4-700-e0.1m35,onaxis_fulldrive_vs_D20_band,1600,-2.725
X2-LR4-700-e0.1m35,R90_band,2000,48.954
X2-LR4-700-e0.1m35,sector60_90_worst_band,2000,48.888
X2-LR4-700-e0.1m35,err_floor_band,2000,32.387
X2-LR4-700-e0.1m35,onaxis_fulldrive_vs_D20_band,2000,-2.725
X2-LR4-700-e0.1m35,R90_band,2500,51.122
X2-LR4-700-e0.1m35,sector60_90_worst_band,2500,49.689
X2-LR4-700-e0.1m35,err_floor_band,2500,32.335
X2-LR4-700-e0.1m35,onaxis_fulldrive_vs_D20_band,2500,-2.725
X2-LR4-700-e0.1m35,R90_band,3150,50.737
X2-LR4-700-e0.1m35,sector60_90_worst_band,3150,50.351
X2-LR4-700-e0.1m35,err_floor_band,3150,32.267
X2-LR4-700-e0.1m35,onaxis_fulldrive_vs_D20_band,3150,-2.725
X2-LR4-700-e0.1m35,R90_band,4000,50.989
X2-LR4-700-e0.1m35,sector60_90_worst_band,4000,50.806
X2-LR4-700-e0.1m35,err_floor_band,4000,32.163
X2-LR4-700-e0.1m35,onaxis_fulldrive_vs_D20_band,4000,-2.725
X2-LR4-700-e0.1m35,JYT_500_30_single,500,5.220
X2-LR4-700-e0.1m35,JYT_500_30_inband_min,500,4.203
X2-LR4-700-e0.1m35,JYT_500_90_single,500,34.527
X2-LR4-700-e0.1m35,JYT_500_90_inband_min,500,27.052
X2-LR4-700-e0.1m35,JYT_1000_30_single,1000,17.700
X2-LR4-700-e0.1m35,JYT_1000_30_inband_min,1000,13.994
X2-LR4-700-e0.1m35,JYT_1000_90_single,1000,42.632
X2-LR4-700-e0.1m35,JYT_1000_90_inband_min,1000,42.620
X2-LR4-700-e0.1m35,JYT_2000_30_single,2000,42.193
X2-LR4-700-e0.1m35,JYT_2000_30_inband_min,2000,30.916
X2-LR4-700-e0.1m35,JYT_2000_90_single,2000,66.418
X2-LR4-700-e0.1m35,JYT_2000_90_inband_min,2000,46.058
X2-LR4-700-e0.1m35,JYT_4000_30_single,4000,66.121
X2-LR4-700-e0.1m35,JYT_4000_30_inband_min,4000,48.278
X2-LR4-700-e0.1m35,JYT_4000_90_single,4000,49.356
X2-LR4-700-e0.1m35,JYT_4000_90_inband_min,4000,48.220
X2-LR4-700-e0.1m35,BW_1k_deg,1000,37.067
X2-LR4-700-e0.1m35,BW_2k_deg,2000,19.439
X2-LR4-700-e0.1m35,JYT_worst_grade,0,2
X2-LR4-700-e1m30,R90_band,1000,36.546
X2-LR4-700-e1m30,sector60_90_worst_band,1000,36.546
X2-LR4-700-e1m30,err_floor_band,1000,32.785
X2-LR4-700-e1m30,onaxis_fulldrive_vs_D20_band,1000,-2.571
X2-LR4-700-e1m30,R90_band,1250,41.930
X2-LR4-700-e1m30,sector60_90_worst_band,1250,40.518
X2-LR4-700-e1m30,err_floor_band,1250,32.646
X2-LR4-700-e1m30,onaxis_fulldrive_vs_D20_band,1250,-2.571
X2-LR4-700-e1m30,R90_band,1600,42.615
X2-LR4-700-e1m30,sector60_90_worst_band,1600,42.104
X2-LR4-700-e1m30,err_floor_band,1600,32.557
X2-LR4-700-e1m30,onaxis_fulldrive_vs_D20_band,1600,-2.571
X2-LR4-700-e1m30,R90_band,2000,43.311
X2-LR4-700-e1m30,sector60_90_worst_band,2000,43.025
X2-LR4-700-e1m30,err_floor_band,2000,32.504
X2-LR4-700-e1m30,onaxis_fulldrive_vs_D20_band,2000,-2.571
X2-LR4-700-e1m30,R90_band,2500,45.326
X2-LR4-700-e1m30,sector60_90_worst_band,2500,43.624
X2-LR4-700-e1m30,err_floor_band,2500,32.453
X2-LR4-700-e1m30,onaxis_fulldrive_vs_D20_band,2500,-2.571
X2-LR4-700-e1m30,R90_band,3150,44.588
X2-LR4-700-e1m30,sector60_90_worst_band,3150,44.109
X2-LR4-700-e1m30,err_floor_band,3150,32.386
X2-LR4-700-e1m30,onaxis_fulldrive_vs_D20_band,3150,-2.571
X2-LR4-700-e1m30,R90_band,4000,44.467
X2-LR4-700-e1m30,sector60_90_worst_band,4000,44.447
X2-LR4-700-e1m30,err_floor_band,4000,32.282
X2-LR4-700-e1m30,onaxis_fulldrive_vs_D20_band,4000,-2.571
X2-LR4-700-e1m30,JYT_500_30_single,500,5.269
X2-LR4-700-e1m30,JYT_500_30_inband_min,500,4.228
X2-LR4-700-e1m30,JYT_500_90_single,500,32.778
X2-LR4-700-e1m30,JYT_500_90_inband_min,500,26.202
X2-LR4-700-e1m30,JYT_1000_30_single,1000,18.867
X2-LR4-700-e1m30,JYT_1000_30_inband_min,1000,14.734
X2-LR4-700-e1m30,JYT_1000_90_single,1000,35.489
X2-LR4-700-e1m30,JYT_1000_90_inband_min,1000,35.200
X2-LR4-700-e1m30,JYT_2000_30_single,2000,48.539
X2-LR4-700-e1m30,JYT_2000_30_inband_min,2000,36.322
X2-LR4-700-e1m30,JYT_2000_90_single,2000,52.228
X2-LR4-700-e1m30,JYT_2000_90_inband_min,2000,40.163
X2-LR4-700-e1m30,JYT_4000_30_single,4000,56.466
X2-LR4-700-e1m30,JYT_4000_30_inband_min,4000,41.607
X2-LR4-700-e1m30,JYT_4000_90_single,4000,43.820
X2-LR4-700-e1m30,JYT_4000_90_inband_min,4000,41.703
X2-LR4-700-e1m30,BW_1k_deg,1000,36.271
X2-LR4-700-e1m30,BW_2k_deg,2000,18.917
X2-LR4-700-e1m30,JYT_worst_grade,0,1
X2-LR4-700-e3m30,R90_band,1000,34.844
X2-LR4-700-e3m30,sector60_90_worst_band,1000,34.844
X2-LR4-700-e3m30,err_floor_band,1000,32.810
X2-LR4-700-e3m30,onaxis_fulldrive_vs_D20_band,1000,-2.544
X2-LR4-700-e3m30,R90_band,1250,40.303
X2-LR4-700-e3m30,sector60_90_worst_band,1250,38.679
X2-LR4-700-e3m30,err_floor_band,1250,32.676
X2-LR4-700-e3m30,onaxis_fulldrive_vs_D20_band,1250,-2.544
X2-LR4-700-e3m30,R90_band,1600,41.145
X2-LR4-700-e3m30,sector60_90_worst_band,1600,40.533
X2-LR4-700-e3m30,err_floor_band,1600,32.590
X2-LR4-700-e3m30,onaxis_fulldrive_vs_D20_band,1600,-2.544
X2-LR4-700-e3m30,R90_band,2000,41.702
X2-LR4-700-e3m30,sector60_90_worst_band,2000,41.359
X2-LR4-700-e3m30,err_floor_band,2000,32.538
X2-LR4-700-e3m30,onaxis_fulldrive_vs_D20_band,2000,-2.544
X2-LR4-700-e3m30,R90_band,2500,43.470
X2-LR4-700-e3m30,sector60_90_worst_band,2500,41.729
X2-LR4-700-e3m30,err_floor_band,2500,32.488
X2-LR4-700-e3m30,onaxis_fulldrive_vs_D20_band,2500,-2.544
X2-LR4-700-e3m30,R90_band,3150,42.577
X2-LR4-700-e3m30,sector60_90_worst_band,3150,42.107
X2-LR4-700-e3m30,err_floor_band,3150,32.421
X2-LR4-700-e3m30,onaxis_fulldrive_vs_D20_band,3150,-2.544
X2-LR4-700-e3m30,R90_band,4000,42.578
X2-LR4-700-e3m30,sector60_90_worst_band,4000,42.463
X2-LR4-700-e3m30,err_floor_band,4000,32.317
X2-LR4-700-e3m30,onaxis_fulldrive_vs_D20_band,4000,-2.544
X2-LR4-700-e3m30,JYT_500_30_single,500,5.284
X2-LR4-700-e3m30,JYT_500_30_inband_min,500,4.236
X2-LR4-700-e3m30,JYT_500_90_single,500,32.371
X2-LR4-700-e3m30,JYT_500_90_inband_min,500,26.022
X2-LR4-700-e3m30,JYT_1000_30_single,1000,19.201
X2-LR4-700-e3m30,JYT_1000_30_inband_min,1000,14.955
X2-LR4-700-e3m30,JYT_1000_90_single,1000,33.866
X2-LR4-700-e3m30,JYT_1000_90_inband_min,1000,33.430
X2-LR4-700-e3m30,JYT_2000_30_single,2000,41.981
X2-LR4-700-e3m30,JYT_2000_30_inband_min,2000,38.178
X2-LR4-700-e3m30,JYT_2000_90_single,2000,48.391
X2-LR4-700-e3m30,JYT_2000_90_inband_min,2000,38.648
X2-LR4-700-e3m30,JYT_4000_30_single,4000,50.812
X2-LR4-700-e3m30,JYT_4000_30_inband_min,4000,39.832
X2-LR4-700-e3m30,JYT_4000_90_single,4000,42.351
X2-LR4-700-e3m30,JYT_4000_90_inband_min,4000,39.844
X2-LR4-700-e3m30,BW_1k_deg,1000,36.035
X2-LR4-700-e3m30,BW_2k_deg,2000,18.764
X2-LR4-700-e3m30,JYT_worst_grade,0,1
X2-LR4-800-e0.1m35,R90_band,1000,40.655
X2-LR4-800-e0.1m35,sector60_90_worst_band,1000,39.310
X2-LR4-800-e0.1m35,err_floor_band,1000,32.820
X2-LR4-800-e0.1m35,onaxis_fulldrive_vs_D20_band,1000,-2.602
X2-LR4-800-e0.1m35,R90_band,1250,48.694
X2-LR4-800-e0.1m35,sector60_90_worst_band,1250,48.694
X2-LR4-800-e0.1m35,err_floor_band,1250,32.613
X2-LR4-800-e0.1m35,onaxis_fulldrive_vs_D20_band,1250,-2.602
X2-LR4-800-e0.1m35,R90_band,1600,51.996
X2-LR4-800-e0.1m35,sector60_90_worst_band,1600,51.996
X2-LR4-800-e0.1m35,err_floor_band,1600,32.470
X2-LR4-800-e0.1m35,onaxis_fulldrive_vs_D20_band,1600,-2.602
X2-LR4-800-e0.1m35,R90_band,2000,52.494
X2-LR4-800-e0.1m35,sector60_90_worst_band,2000,52.494
X2-LR4-800-e0.1m35,err_floor_band,2000,32.393
X2-LR4-800-e0.1m35,onaxis_fulldrive_vs_D20_band,2000,-2.602
X2-LR4-800-e0.1m35,R90_band,2500,54.491
X2-LR4-800-e0.1m35,sector60_90_worst_band,2500,53.408
X2-LR4-800-e0.1m35,err_floor_band,2500,32.332
X2-LR4-800-e0.1m35,onaxis_fulldrive_vs_D20_band,2500,-2.602
X2-LR4-800-e0.1m35,R90_band,3150,54.498
X2-LR4-800-e0.1m35,sector60_90_worst_band,3150,54.406
X2-LR4-800-e0.1m35,err_floor_band,3150,32.260
X2-LR4-800-e0.1m35,onaxis_fulldrive_vs_D20_band,3150,-2.602
X2-LR4-800-e0.1m35,R90_band,4000,56.775
X2-LR4-800-e0.1m35,sector60_90_worst_band,4000,55.613
X2-LR4-800-e0.1m35,err_floor_band,4000,32.154
X2-LR4-800-e0.1m35,onaxis_fulldrive_vs_D20_band,4000,-2.602
X2-LR4-800-e0.1m35,JYT_500_30_single,500,5.441
X2-LR4-800-e0.1m35,JYT_500_30_inband_min,500,4.321
X2-LR4-800-e0.1m35,JYT_500_90_single,500,28.482
X2-LR4-800-e0.1m35,JYT_500_90_inband_min,500,23.875
X2-LR4-800-e0.1m35,JYT_1000_30_single,1000,19.680
X2-LR4-800-e0.1m35,JYT_1000_30_inband_min,1000,15.600
X2-LR4-800-e0.1m35,JYT_1000_90_single,1000,40.341
X2-LR4-800-e0.1m35,JYT_1000_90_inband_min,1000,38.122
X2-LR4-800-e0.1m35,JYT_2000_30_single,2000,36.384
X2-LR4-800-e0.1m35,JYT_2000_30_inband_min,2000,28.224
X2-LR4-800-e0.1m35,JYT_2000_90_single,2000,62.508
X2-LR4-800-e0.1m35,JYT_2000_90_inband_min,2000,49.475
X2-LR4-800-e0.1m35,JYT_4000_30_single,4000,60.887
X2-LR4-800-e0.1m35,JYT_4000_30_inband_min,4000,54.772
X2-LR4-800-e0.1m35,JYT_4000_90_single,4000,54.776
X2-LR4-800-e0.1m35,JYT_4000_90_inband_min,4000,52.903
X2-LR4-800-e0.1m35,BW_1k_deg,1000,35.926
X2-LR4-800-e0.1m35,BW_2k_deg,2000,19.399
X2-LR4-800-e0.1m35,JYT_worst_grade,0,1
X2-LR4-800-e1m30,R90_band,1000,34.816
X2-LR4-800-e1m30,sector60_90_worst_band,1000,34.816
X2-LR4-800-e1m30,err_floor_band,1000,32.839
X2-LR4-800-e1m30,onaxis_fulldrive_vs_D20_band,1000,-2.732
X2-LR4-800-e1m30,R90_band,1250,41.920
X2-LR4-800-e1m30,sector60_90_worst_band,1250,41.920
X2-LR4-800-e1m30,err_floor_band,1250,32.640
X2-LR4-800-e1m30,onaxis_fulldrive_vs_D20_band,1250,-2.732
X2-LR4-800-e1m30,R90_band,1600,44.614
X2-LR4-800-e1m30,sector60_90_worst_band,1600,44.328
X2-LR4-800-e1m30,err_floor_band,1600,32.503
X2-LR4-800-e1m30,onaxis_fulldrive_vs_D20_band,1600,-2.732
X2-LR4-800-e1m30,R90_band,2000,45.667
X2-LR4-800-e1m30,sector60_90_worst_band,2000,45.424
X2-LR4-800-e1m30,err_floor_band,2000,32.428
X2-LR4-800-e1m30,onaxis_fulldrive_vs_D20_band,2000,-2.732
X2-LR4-800-e1m30,R90_band,2500,47.861
X2-LR4-800-e1m30,sector60_90_worst_band,2500,46.280
X2-LR4-800-e1m30,err_floor_band,2500,32.367
X2-LR4-800-e1m30,onaxis_fulldrive_vs_D20_band,2500,-2.732
X2-LR4-800-e1m30,R90_band,3150,47.355
X2-LR4-800-e1m30,sector60_90_worst_band,3150,46.969
X2-LR4-800-e1m30,err_floor_band,3150,32.295
X2-LR4-800-e1m30,onaxis_fulldrive_vs_D20_band,3150,-2.732
X2-LR4-800-e1m30,R90_band,4000,48.006
X2-LR4-800-e1m30,sector60_90_worst_band,4000,47.616
X2-LR4-800-e1m30,err_floor_band,4000,32.190
X2-LR4-800-e1m30,onaxis_fulldrive_vs_D20_band,4000,-2.732
X2-LR4-800-e1m30,JYT_500_30_single,500,5.451
X2-LR4-800-e1m30,JYT_500_30_inband_min,500,4.327
X2-LR4-800-e1m30,JYT_500_90_single,500,28.495
X2-LR4-800-e1m30,JYT_500_90_inband_min,500,24.004
X2-LR4-800-e1m30,JYT_1000_30_single,1000,19.655
X2-LR4-800-e1m30,JYT_1000_30_inband_min,1000,15.686
X2-LR4-800-e1m30,JYT_1000_90_single,1000,34.473
X2-LR4-800-e1m30,JYT_1000_90_inband_min,1000,32.463
X2-LR4-800-e1m30,JYT_2000_30_single,2000,52.361
X2-LR4-800-e1m30,JYT_2000_30_inband_min,2000,33.743
X2-LR4-800-e1m30,JYT_2000_90_single,2000,52.908
X2-LR4-800-e1m30,JYT_2000_90_inband_min,2000,42.307
X2-LR4-800-e1m30,JYT_4000_30_single,4000,63.793
X2-LR4-800-e1m30,JYT_4000_30_inband_min,4000,45.643
X2-LR4-800-e1m30,JYT_4000_90_single,4000,47.105
X2-LR4-800-e1m30,JYT_4000_90_inband_min,4000,44.984
X2-LR4-800-e1m30,BW_1k_deg,1000,35.733
X2-LR4-800-e1m30,BW_2k_deg,2000,19.259
X2-LR4-800-e1m30,JYT_worst_grade,0,1
X2-LR4-800-e3m30,R90_band,1000,33.446
X2-LR4-800-e3m30,sector60_90_worst_band,1000,33.446
X2-LR4-800-e3m30,err_floor_band,1000,32.858
X2-LR4-800-e3m30,onaxis_fulldrive_vs_D20_band,1000,-2.721
X2-LR4-800-e3m30,R90_band,1250,40.141
X2-LR4-800-e3m30,sector60_90_worst_band,1250,39.902
X2-LR4-800-e3m30,err_floor_band,1250,32.665
X2-LR4-800-e3m30,onaxis_fulldrive_vs_D20_band,1250,-2.721
X2-LR4-800-e3m30,R90_band,1600,42.665
X2-LR4-800-e3m30,sector60_90_worst_band,1600,42.147
X2-LR4-800-e3m30,err_floor_band,1600,32.532
X2-LR4-800-e3m30,onaxis_fulldrive_vs_D20_band,1600,-2.721
X2-LR4-800-e3m30,R90_band,2000,43.632
X2-LR4-800-e3m30,sector60_90_worst_band,2000,43.304
X2-LR4-800-e3m30,err_floor_band,2000,32.459
X2-LR4-800-e3m30,onaxis_fulldrive_vs_D20_band,2000,-2.721
X2-LR4-800-e3m30,R90_band,2500,45.646
X2-LR4-800-e3m30,sector60_90_worst_band,2500,43.979
X2-LR4-800-e3m30,err_floor_band,2500,32.399
X2-LR4-800-e3m30,onaxis_fulldrive_vs_D20_band,2500,-2.721
X2-LR4-800-e3m30,R90_band,3150,44.959
X2-LR4-800-e3m30,sector60_90_worst_band,3150,44.544
X2-LR4-800-e3m30,err_floor_band,3150,32.327
X2-LR4-800-e3m30,onaxis_fulldrive_vs_D20_band,3150,-2.721
X2-LR4-800-e3m30,R90_band,4000,45.432
X2-LR4-800-e3m30,sector60_90_worst_band,4000,45.110
X2-LR4-800-e3m30,err_floor_band,4000,32.222
X2-LR4-800-e3m30,onaxis_fulldrive_vs_D20_band,4000,-2.721
X2-LR4-800-e3m30,JYT_500_30_single,500,5.460
X2-LR4-800-e3m30,JYT_500_30_inband_min,500,4.331
X2-LR4-800-e3m30,JYT_500_90_single,500,28.366
X2-LR4-800-e3m30,JYT_500_90_inband_min,500,23.941
X2-LR4-800-e3m30,JYT_1000_30_single,1000,19.911
X2-LR4-800-e3m30,JYT_1000_30_inband_min,1000,15.859
X2-LR4-800-e3m30,JYT_1000_90_single,1000,33.070
X2-LR4-800-e3m30,JYT_1000_90_inband_min,1000,31.141
X2-LR4-800-e3m30,JYT_2000_30_single,2000,53.384
X2-LR4-800-e3m30,JYT_2000_30_inband_min,2000,36.809
X2-LR4-800-e3m30,JYT_2000_90_single,2000,49.541
X2-LR4-800-e3m30,JYT_2000_90_inband_min,2000,40.360
X2-LR4-800-e3m30,JYT_4000_30_single,4000,55.176
X2-LR4-800-e3m30,JYT_4000_30_inband_min,4000,42.975
X2-LR4-800-e3m30,JYT_4000_90_single,4000,45.004
X2-LR4-800-e3m30,JYT_4000_90_inband_min,4000,42.456
X2-LR4-800-e3m30,BW_1k_deg,1000,35.553
X2-LR4-800-e3m30,BW_2k_deg,2000,19.120
X2-LR4-800-e3m30,JYT_worst_grade,0,1
X3-LR4-700/1400-e0.1m35,R90_band,1000,44.584
X3-LR4-700/1400-e0.1m35,sector60_90_worst_band,1000,44.584
X3-LR4-700/1400-e0.1m35,err_floor_band,1000,32.776
X3-LR4-700/1400-e0.1m35,onaxis_fulldrive_vs_D20_band,1000,-2.132
X3-LR4-700/1400-e0.1m35,R90_band,1250,46.988
X3-LR4-700/1400-e0.1m35,sector60_90_worst_band,1250,46.374
X3-LR4-700/1400-e0.1m35,err_floor_band,1250,32.841
X3-LR4-700/1400-e0.1m35,onaxis_fulldrive_vs_D20_band,1250,-2.132
X3-LR4-700/1400-e0.1m35,R90_band,1600,47.867
X3-LR4-700/1400-e0.1m35,sector60_90_worst_band,1600,45.043
X3-LR4-700/1400-e0.1m35,err_floor_band,1600,32.989
X3-LR4-700/1400-e0.1m35,onaxis_fulldrive_vs_D20_band,1600,-2.132
X3-LR4-700/1400-e0.1m35,R90_band,2000,51.088
X3-LR4-700/1400-e0.1m35,sector60_90_worst_band,2000,45.583
X3-LR4-700/1400-e0.1m35,err_floor_band,2000,33.062
X3-LR4-700/1400-e0.1m35,onaxis_fulldrive_vs_D20_band,2000,-2.132
X3-LR4-700/1400-e0.1m35,R90_band,2500,48.667
X3-LR4-700/1400-e0.1m35,sector60_90_worst_band,2500,48.667
X3-LR4-700/1400-e0.1m35,err_floor_band,2500,33.062
X3-LR4-700/1400-e0.1m35,onaxis_fulldrive_vs_D20_band,2500,-2.132
X3-LR4-700/1400-e0.1m35,R90_band,3150,49.193
X3-LR4-700/1400-e0.1m35,sector60_90_worst_band,3150,49.193
X3-LR4-700/1400-e0.1m35,err_floor_band,3150,33.012
X3-LR4-700/1400-e0.1m35,onaxis_fulldrive_vs_D20_band,3150,-2.132
X3-LR4-700/1400-e0.1m35,R90_band,4000,44.699
X3-LR4-700/1400-e0.1m35,sector60_90_worst_band,4000,44.699
X3-LR4-700/1400-e0.1m35,err_floor_band,4000,32.915
X3-LR4-700/1400-e0.1m35,onaxis_fulldrive_vs_D20_band,4000,-2.132
X3-LR4-700/1400-e0.1m35,JYT_500_30_single,500,5.227
X3-LR4-700/1400-e0.1m35,JYT_500_30_inband_min,500,4.207
X3-LR4-700/1400-e0.1m35,JYT_500_90_single,500,37.702
X3-LR4-700/1400-e0.1m35,JYT_500_90_inband_min,500,27.914
X3-LR4-700/1400-e0.1m35,JYT_1000_30_single,1000,19.263
X3-LR4-700/1400-e0.1m35,JYT_1000_30_inband_min,1000,14.493
X3-LR4-700/1400-e0.1m35,JYT_1000_90_single,1000,56.755
X3-LR4-700/1400-e0.1m35,JYT_1000_90_inband_min,1000,39.104
X3-LR4-700/1400-e0.1m35,JYT_2000_30_single,2000,32.079
X3-LR4-700/1400-e0.1m35,JYT_2000_30_inband_min,2000,26.011
X3-LR4-700/1400-e0.1m35,JYT_2000_90_single,2000,50.115
X3-LR4-700/1400-e0.1m35,JYT_2000_90_inband_min,2000,47.518
X3-LR4-700/1400-e0.1m35,JYT_4000_30_single,4000,40.040
X3-LR4-700/1400-e0.1m35,JYT_4000_30_inband_min,4000,39.170
X3-LR4-700/1400-e0.1m35,JYT_4000_90_single,4000,45.619
X3-LR4-700/1400-e0.1m35,JYT_4000_90_inband_min,4000,38.904
X3-LR4-700/1400-e0.1m35,BW_1k_deg,1000,35.711
X3-LR4-700/1400-e0.1m35,BW_2k_deg,2000,16.232
X3-LR4-700/1400-e0.1m35,JYT_worst_grade,0,1
X3-LR4-700/1400-e1m30,R90_band,1000,37.742
X3-LR4-700/1400-e1m30,sector60_90_worst_band,1000,37.741
X3-LR4-700/1400-e1m30,err_floor_band,1000,32.776
X3-LR4-700/1400-e1m30,onaxis_fulldrive_vs_D20_band,1000,-3.046
X3-LR4-700/1400-e1m30,R90_band,1250,39.614
X3-LR4-700/1400-e1m30,sector60_90_worst_band,1250,39.614
X3-LR4-700/1400-e1m30,err_floor_band,1250,32.664
X3-LR4-700/1400-e1m30,onaxis_fulldrive_vs_D20_band,1250,-3.046
X3-LR4-700/1400-e1m30,R90_band,1600,40.812
X3-LR4-700/1400-e1m30,sector60_90_worst_band,1600,40.812
X3-LR4-700/1400-e1m30,err_floor_band,1600,32.559
X3-LR4-700/1400-e1m30,onaxis_fulldrive_vs_D20_band,1600,-3.046
X3-LR4-700/1400-e1m30,R90_band,2000,42.341
X3-LR4-700/1400-e1m30,sector60_90_worst_band,2000,42.341
X3-LR4-700/1400-e1m30,err_floor_band,2000,32.453
X3-LR4-700/1400-e1m30,onaxis_fulldrive_vs_D20_band,2000,-3.046
X3-LR4-700/1400-e1m30,R90_band,2500,43.211
X3-LR4-700/1400-e1m30,sector60_90_worst_band,2500,43.211
X3-LR4-700/1400-e1m30,err_floor_band,2500,32.353
X3-LR4-700/1400-e1m30,onaxis_fulldrive_vs_D20_band,2500,-3.046
X3-LR4-700/1400-e1m30,R90_band,3150,48.343
X3-LR4-700/1400-e1m30,sector60_90_worst_band,3150,48.343
X3-LR4-700/1400-e1m30,err_floor_band,3150,32.256
X3-LR4-700/1400-e1m30,onaxis_fulldrive_vs_D20_band,3150,-3.046
X3-LR4-700/1400-e1m30,R90_band,4000,45.616
X3-LR4-700/1400-e1m30,sector60_90_worst_band,4000,45.545
X3-LR4-700/1400-e1m30,err_floor_band,4000,32.139
X3-LR4-700/1400-e1m30,onaxis_fulldrive_vs_D20_band,4000,-3.046
X3-LR4-700/1400-e1m30,JYT_500_30_single,500,5.445
X3-LR4-700/1400-e1m30,JYT_500_30_inband_min,500,4.319
X3-LR4-700/1400-e1m30,JYT_500_90_single,500,28.957
X3-LR4-700/1400-e1m30,JYT_500_90_inband_min,500,24.198
X3-LR4-700/1400-e1m30,JYT_1000_30_single,1000,22.062
X3-LR4-700/1400-e1m30,JYT_1000_30_inband_min,1000,17.020
X3-LR4-700/1400-e1m30,JYT_1000_90_single,1000,39.910
X3-LR4-700/1400-e1m30,JYT_1000_90_inband_min,1000,33.789
X3-LR4-700/1400-e1m30,JYT_2000_30_single,2000,41.040
X3-LR4-700/1400-e1m30,JYT_2000_30_inband_min,2000,36.427
X3-LR4-700/1400-e1m30,JYT_2000_90_single,2000,39.653
X3-LR4-700/1400-e1m30,JYT_2000_90_inband_min,2000,38.989
X3-LR4-700/1400-e1m30,JYT_4000_30_single,4000,42.173
X3-LR4-700/1400-e1m30,JYT_4000_30_inband_min,4000,40.712
X3-LR4-700/1400-e1m30,JYT_4000_90_single,4000,47.084
X3-LR4-700/1400-e1m30,JYT_4000_90_inband_min,4000,40.148
X3-LR4-700/1400-e1m30,BW_1k_deg,1000,34.380
X3-LR4-700/1400-e1m30,BW_2k_deg,2000,19.094
X3-LR4-700/1400-e1m30,JYT_worst_grade,0,1
X3-LR4-700/1400-e3m30,R90_band,1000,35.888
X3-LR4-700/1400-e3m30,sector60_90_worst_band,1000,35.770
X3-LR4-700/1400-e3m30,err_floor_band,1000,32.701
X3-LR4-700/1400-e3m30,onaxis_fulldrive_vs_D20_band,1000,-3.451
X3-LR4-700/1400-e3m30,R90_band,1250,37.230
X3-LR4-700/1400-e3m30,sector60_90_worst_band,1250,37.230
X3-LR4-700/1400-e3m30,err_floor_band,1250,32.592
X3-LR4-700/1400-e3m30,onaxis_fulldrive_vs_D20_band,1250,-3.451
X3-LR4-700/1400-e3m30,R90_band,1600,38.184
X3-LR4-700/1400-e3m30,sector60_90_worst_band,1600,38.184
X3-LR4-700/1400-e3m30,err_floor_band,1600,32.473
X3-LR4-700/1400-e3m30,onaxis_fulldrive_vs_D20_band,1600,-3.451
X3-LR4-700/1400-e3m30,R90_band,2000,39.191
X3-LR4-700/1400-e3m30,sector60_90_worst_band,2000,39.191
X3-LR4-700/1400-e3m30,err_floor_band,2000,32.334
X3-LR4-700/1400-e3m30,onaxis_fulldrive_vs_D20_band,2000,-3.451
X3-LR4-700/1400-e3m30,R90_band,2500,40.144
X3-LR4-700/1400-e3m30,sector60_90_worst_band,2500,40.144
X3-LR4-700/1400-e3m30,err_floor_band,2500,32.204
X3-LR4-700/1400-e3m30,onaxis_fulldrive_vs_D20_band,2500,-3.451
X3-LR4-700/1400-e3m30,R90_band,3150,45.871
X3-LR4-700/1400-e3m30,sector60_90_worst_band,3150,45.857
X3-LR4-700/1400-e3m30,err_floor_band,3150,32.089
X3-LR4-700/1400-e3m30,onaxis_fulldrive_vs_D20_band,3150,-3.451
X3-LR4-700/1400-e3m30,R90_band,4000,46.722
X3-LR4-700/1400-e3m30,sector60_90_worst_band,4000,46.615
X3-LR4-700/1400-e3m30,err_floor_band,4000,31.963
X3-LR4-700/1400-e3m30,onaxis_fulldrive_vs_D20_band,4000,-3.451
X3-LR4-700/1400-e3m30,JYT_500_30_single,500,5.507
X3-LR4-700/1400-e3m30,JYT_500_30_inband_min,500,4.351
X3-LR4-700/1400-e3m30,JYT_500_90_single,500,27.866
X3-LR4-700/1400-e3m30,JYT_500_90_inband_min,500,23.535
X3-LR4-700/1400-e3m30,JYT_1000_30_single,1000,23.143
X3-LR4-700/1400-e3m30,JYT_1000_30_inband_min,1000,17.878
X3-LR4-700/1400-e3m30,JYT_1000_90_single,1000,38.797
X3-LR4-700/1400-e3m30,JYT_1000_90_inband_min,1000,31.744
X3-LR4-700/1400-e3m30,JYT_2000_30_single,2000,47.594
X3-LR4-700/1400-e3m30,JYT_2000_30_inband_min,2000,40.830
X3-LR4-700/1400-e3m30,JYT_2000_90_single,2000,37.229
X3-LR4-700/1400-e3m30,JYT_2000_90_inband_min,2000,35.936
X3-LR4-700/1400-e3m30,JYT_4000_30_single,4000,43.231
X3-LR4-700/1400-e3m30,JYT_4000_30_inband_min,4000,42.280
X3-LR4-700/1400-e3m30,JYT_4000_90_single,4000,49.033
X3-LR4-700/1400-e3m30,JYT_4000_90_inband_min,4000,41.585
X3-LR4-700/1400-e3m30,BW_1k_deg,1000,33.885
X3-LR4-700/1400-e3m30,BW_2k_deg,2000,19.589
X3-LR4-700/1400-e3m30,JYT_worst_grade,0,1
X3-LR4-700/1600-e0.1m35,R90_band,1000,44.873
X3-LR4-700/1600-e0.1m35,sector60_90_worst_band,1000,44.873
X3-LR4-700/1600-e0.1m35,err_floor_band,1000,32.759
X3-LR4-700/1600-e0.1m35,onaxis_fulldrive_vs_D20_band,1000,-2.164
X3-LR4-700/1600-e0.1m35,R90_band,1250,47.048
X3-LR4-700/1600-e0.1m35,sector60_90_worst_band,1250,47.048
X3-LR4-700/1600-e0.1m35,err_floor_band,1250,32.785
X3-LR4-700/1600-e0.1m35,onaxis_fulldrive_vs_D20_band,1250,-2.164
X3-LR4-700/1600-e0.1m35,R90_band,1600,47.805
X3-LR4-700/1600-e0.1m35,sector60_90_worst_band,1600,46.701
X3-LR4-700/1600-e0.1m35,err_floor_band,1600,32.945
X3-LR4-700/1600-e0.1m35,onaxis_fulldrive_vs_D20_band,1600,-2.164
X3-LR4-700/1600-e0.1m35,R90_band,2000,51.437
X3-LR4-700/1600-e0.1m35,sector60_90_worst_band,2000,46.769
X3-LR4-700/1600-e0.1m35,err_floor_band,2000,33.059
X3-LR4-700/1600-e0.1m35,onaxis_fulldrive_vs_D20_band,2000,-2.164
X3-LR4-700/1600-e0.1m35,R90_band,2500,48.788
X3-LR4-700/1600-e0.1m35,sector60_90_worst_band,2500,48.788
X3-LR4-700/1600-e0.1m35,err_floor_band,2500,33.082
X3-LR4-700/1600-e0.1m35,onaxis_fulldrive_vs_D20_band,2500,-2.164
X3-LR4-700/1600-e0.1m35,R90_band,3150,48.767
X3-LR4-700/1600-e0.1m35,sector60_90_worst_band,3150,48.767
X3-LR4-700/1600-e0.1m35,err_floor_band,3150,33.038
X3-LR4-700/1600-e0.1m35,onaxis_fulldrive_vs_D20_band,3150,-2.164
X3-LR4-700/1600-e0.1m35,R90_band,4000,44.422
X3-LR4-700/1600-e0.1m35,sector60_90_worst_band,4000,44.422
X3-LR4-700/1600-e0.1m35,err_floor_band,4000,32.941
X3-LR4-700/1600-e0.1m35,onaxis_fulldrive_vs_D20_band,4000,-2.164
X3-LR4-700/1600-e0.1m35,JYT_500_30_single,500,5.224
X3-LR4-700/1600-e0.1m35,JYT_500_30_inband_min,500,4.205
X3-LR4-700/1600-e0.1m35,JYT_500_90_single,500,36.834
X3-LR4-700/1600-e0.1m35,JYT_500_90_inband_min,500,28.056
X3-LR4-700/1600-e0.1m35,JYT_1000_30_single,1000,18.690
X3-LR4-700/1600-e0.1m35,JYT_1000_30_inband_min,1000,14.290
X3-LR4-700/1600-e0.1m35,JYT_1000_90_single,1000,50.805
X3-LR4-700/1600-e0.1m35,JYT_1000_90_inband_min,1000,39.761
X3-LR4-700/1600-e0.1m35,JYT_2000_30_single,2000,32.199
X3-LR4-700/1600-e0.1m35,JYT_2000_30_inband_min,2000,25.469
X3-LR4-700/1600-e0.1m35,JYT_2000_90_single,2000,49.712
X3-LR4-700/1600-e0.1m35,JYT_2000_90_inband_min,2000,47.893
X3-LR4-700/1600-e0.1m35,JYT_4000_30_single,4000,39.904
X3-LR4-700/1600-e0.1m35,JYT_4000_30_inband_min,4000,39.287
X3-LR4-700/1600-e0.1m35,JYT_4000_90_single,4000,45.536
X3-LR4-700/1600-e0.1m35,JYT_4000_90_inband_min,4000,38.817
X3-LR4-700/1600-e0.1m35,BW_1k_deg,1000,36.093
X3-LR4-700/1600-e0.1m35,BW_2k_deg,2000,16.224
X3-LR4-700/1600-e0.1m35,JYT_worst_grade,0,1
X3-LR4-700/1600-e1m30,R90_band,1000,37.249
X3-LR4-700/1600-e1m30,sector60_90_worst_band,1000,37.244
X3-LR4-700/1600-e1m30,err_floor_band,1000,32.818
X3-LR4-700/1600-e1m30,onaxis_fulldrive_vs_D20_band,1000,-2.895
X3-LR4-700/1600-e1m30,R90_band,1250,39.318
X3-LR4-700/1600-e1m30,sector60_90_worst_band,1250,39.318
X3-LR4-700/1600-e1m30,err_floor_band,1250,32.698
X3-LR4-700/1600-e1m30,onaxis_fulldrive_vs_D20_band,1250,-2.895
X3-LR4-700/1600-e1m30,R90_band,1600,40.817
X3-LR4-700/1600-e1m30,sector60_90_worst_band,1600,40.817
X3-LR4-700/1600-e1m30,err_floor_band,1600,32.600
X3-LR4-700/1600-e1m30,onaxis_fulldrive_vs_D20_band,1600,-2.895
X3-LR4-700/1600-e1m30,R90_band,2000,42.054
X3-LR4-700/1600-e1m30,sector60_90_worst_band,2000,42.054
X3-LR4-700/1600-e1m30,err_floor_band,2000,32.507
X3-LR4-700/1600-e1m30,onaxis_fulldrive_vs_D20_band,2000,-2.895
X3-LR4-700/1600-e1m30,R90_band,2500,42.198
X3-LR4-700/1600-e1m30,sector60_90_worst_band,2500,42.198
X3-LR4-700/1600-e1m30,err_floor_band,2500,32.410
X3-LR4-700/1600-e1m30,onaxis_fulldrive_vs_D20_band,2500,-2.895
X3-LR4-700/1600-e1m30,R90_band,3150,46.696
X3-LR4-700/1600-e1m30,sector60_90_worst_band,3150,46.696
X3-LR4-700/1600-e1m30,err_floor_band,3150,32.310
X3-LR4-700/1600-e1m30,onaxis_fulldrive_vs_D20_band,3150,-2.895
X3-LR4-700/1600-e1m30,R90_band,4000,45.670
X3-LR4-700/1600-e1m30,sector60_90_worst_band,4000,45.538
X3-LR4-700/1600-e1m30,err_floor_band,4000,32.191
X3-LR4-700/1600-e1m30,onaxis_fulldrive_vs_D20_band,4000,-2.895
X3-LR4-700/1600-e1m30,JYT_500_30_single,500,5.400
X3-LR4-700/1600-e1m30,JYT_500_30_inband_min,500,4.295
X3-LR4-700/1600-e1m30,JYT_500_90_single,500,29.835
X3-LR4-700/1600-e1m30,JYT_500_90_inband_min,500,24.719
X3-LR4-700/1600-e1m30,JYT_1000_30_single,1000,21.503
X3-LR4-700/1600-e1m30,JYT_1000_30_inband_min,1000,16.523
X3-LR4-700/1600-e1m30,JYT_1000_90_single,1000,38.239
X3-LR4-700/1600-e1m30,JYT_1000_90_inband_min,1000,33.681
X3-LR4-700/1600-e1m30,JYT_2000_30_single,2000,41.368
X3-LR4-700/1600-e1m30,JYT_2000_30_inband_min,2000,35.940
X3-LR4-700/1600-e1m30,JYT_2000_90_single,2000,38.938
X3-LR4-700/1600-e1m30,JYT_2000_90_inband_min,2000,38.540
X3-LR4-700/1600-e1m30,JYT_4000_30_single,4000,42.000
X3-LR4-700/1600-e1m30,JYT_4000_30_inband_min,4000,40.894
X3-LR4-700/1600-e1m30,JYT_4000_90_single,4000,47.172
X3-LR4-700/1600-e1m30,JYT_4000_90_inband_min,4000,40.303
X3-LR4-700/1600-e1m30,BW_1k_deg,1000,34.663
X3-LR4-700/1600-e1m30,BW_2k_deg,2000,18.843
X3-LR4-700/1600-e1m30,JYT_worst_grade,0,1
X3-LR4-700/1600-e3m30,R90_band,1000,35.499
X3-LR4-700/1600-e3m30,sector60_90_worst_band,1000,35.373
X3-LR4-700/1600-e3m30,err_floor_band,1000,32.794
X3-LR4-700/1600-e3m30,onaxis_fulldrive_vs_D20_band,1000,-3.511
X3-LR4-700/1600-e3m30,R90_band,1250,37.084
X3-LR4-700/1600-e3m30,sector60_90_worst_band,1250,37.084
X3-LR4-700/1600-e3m30,err_floor_band,1250,32.656
X3-LR4-700/1600-e3m30,onaxis_fulldrive_vs_D20_band,1250,-3.511
X3-LR4-700/1600-e3m30,R90_band,1600,38.316
X3-LR4-700/1600-e3m30,sector60_90_worst_band,1600,38.316
X3-LR4-700/1600-e3m30,err_floor_band,1600,32.513
X3-LR4-700/1600-e3m30,onaxis_fulldrive_vs_D20_band,1600,-3.511
X3-LR4-700/1600-e3m30,R90_band,2000,39.011
X3-LR4-700/1600-e3m30,sector60_90_worst_band,2000,39.011
X3-LR4-700/1600-e3m30,err_floor_band,2000,32.360
X3-LR4-700/1600-e3m30,onaxis_fulldrive_vs_D20_band,2000,-3.511
X3-LR4-700/1600-e3m30,R90_band,2500,39.231
X3-LR4-700/1600-e3m30,sector60_90_worst_band,2500,39.231
X3-LR4-700/1600-e3m30,err_floor_band,2500,32.209
X3-LR4-700/1600-e3m30,onaxis_fulldrive_vs_D20_band,2500,-3.511
X3-LR4-700/1600-e3m30,R90_band,3150,44.379
X3-LR4-700/1600-e3m30,sector60_90_worst_band,3150,44.338
X3-LR4-700/1600-e3m30,err_floor_band,3150,32.076
X3-LR4-700/1600-e3m30,onaxis_fulldrive_vs_D20_band,3150,-3.511
X3-LR4-700/1600-e3m30,R90_band,4000,46.902
X3-LR4-700/1600-e3m30,sector60_90_worst_band,4000,46.711
X3-LR4-700/1600-e3m30,err_floor_band,4000,31.941
X3-LR4-700/1600-e3m30,onaxis_fulldrive_vs_D20_band,4000,-3.511
X3-LR4-700/1600-e3m30,JYT_500_30_single,500,5.453
X3-LR4-700/1600-e3m30,JYT_500_30_inband_min,500,4.323
X3-LR4-700/1600-e3m30,JYT_500_90_single,500,28.744
X3-LR4-700/1600-e3m30,JYT_500_90_inband_min,500,24.061
X3-LR4-700/1600-e3m30,JYT_1000_30_single,1000,22.522
X3-LR4-700/1600-e3m30,JYT_1000_30_inband_min,1000,17.286
X3-LR4-700/1600-e3m30,JYT_1000_90_single,1000,36.889
X3-LR4-700/1600-e3m30,JYT_1000_90_inband_min,1000,31.769
X3-LR4-700/1600-e3m30,JYT_2000_30_single,2000,47.412
X3-LR4-700/1600-e3m30,JYT_2000_30_inband_min,2000,41.048
X3-LR4-700/1600-e3m30,JYT_2000_90_single,2000,36.475
X3-LR4-700/1600-e3m30,JYT_2000_90_inband_min,2000,35.621
X3-LR4-700/1600-e3m30,JYT_4000_30_single,4000,43.052
X3-LR4-700/1600-e3m30,JYT_4000_30_inband_min,4000,42.607
X3-LR4-700/1600-e3m30,JYT_4000_90_single,4000,50.429
X3-LR4-700/1600-e3m30,JYT_4000_90_inband_min,4000,41.834
X3-LR4-700/1600-e3m30,BW_1k_deg,1000,34.182
X3-LR4-700/1600-e3m30,BW_2k_deg,2000,19.453
X3-LR4-700/1600-e3m30,JYT_worst_grade,0,1
X3-LR4-700/2000-e0.1m35,R90_band,1000,45.442
X3-LR4-700/2000-e0.1m35,sector60_90_worst_band,1000,44.187
X3-LR4-700/2000-e0.1m35,err_floor_band,1000,32.727
X3-LR4-700/2000-e0.1m35,onaxis_fulldrive_vs_D20_band,1000,-2.276
X3-LR4-700/2000-e0.1m35,R90_band,1250,47.431
X3-LR4-700/2000-e0.1m35,sector60_90_worst_band,1250,47.431
X3-LR4-700/2000-e0.1m35,err_floor_band,1250,32.686
X3-LR4-700/2000-e0.1m35,onaxis_fulldrive_vs_D20_band,1250,-2.276
X3-LR4-700/2000-e0.1m35,R90_band,1600,48.309
X3-LR4-700/2000-e0.1m35,sector60_90_worst_band,1600,48.309
X3-LR4-700/2000-e0.1m35,err_floor_band,1600,32.813
X3-LR4-700/2000-e0.1m35,onaxis_fulldrive_vs_D20_band,1600,-2.276
X3-LR4-700/2000-e0.1m35,R90_band,2000,51.149
X3-LR4-700/2000-e0.1m35,sector60_90_worst_band,2000,50.162
X3-LR4-700/2000-e0.1m35,err_floor_band,2000,32.988
X3-LR4-700/2000-e0.1m35,onaxis_fulldrive_vs_D20_band,2000,-2.276
X3-LR4-700/2000-e0.1m35,R90_band,2500,48.762
X3-LR4-700/2000-e0.1m35,sector60_90_worst_band,2500,48.762
X3-LR4-700/2000-e0.1m35,err_floor_band,2500,33.081
X3-LR4-700/2000-e0.1m35,onaxis_fulldrive_vs_D20_band,2500,-2.276
X3-LR4-700/2000-e0.1m35,R90_band,3150,48.006
X3-LR4-700/2000-e0.1m35,sector60_90_worst_band,3150,48.006
X3-LR4-700/2000-e0.1m35,err_floor_band,3150,33.057
X3-LR4-700/2000-e0.1m35,onaxis_fulldrive_vs_D20_band,3150,-2.276
X3-LR4-700/2000-e0.1m35,R90_band,4000,43.806
X3-LR4-700/2000-e0.1m35,sector60_90_worst_band,4000,43.806
X3-LR4-700/2000-e0.1m35,err_floor_band,4000,32.953
X3-LR4-700/2000-e0.1m35,onaxis_fulldrive_vs_D20_band,4000,-2.276
X3-LR4-700/2000-e0.1m35,JYT_500_30_single,500,5.217
X3-LR4-700/2000-e0.1m35,JYT_500_30_inband_min,500,4.202
X3-LR4-700/2000-e0.1m35,JYT_500_90_single,500,36.111
X3-LR4-700/2000-e0.1m35,JYT_500_90_inband_min,500,28.170
X3-LR4-700/2000-e0.1m35,JYT_1000_30_single,1000,17.974
X3-LR4-700/2000-e0.1m35,JYT_1000_30_inband_min,1000,14.025
X3-LR4-700/2000-e0.1m35,JYT_1000_90_single,1000,47.160
X3-LR4-700/2000-e0.1m35,JYT_1000_90_inband_min,1000,41.410
X3-LR4-700/2000-e0.1m35,JYT_2000_30_single,2000,32.294
X3-LR4-700/2000-e0.1m35,JYT_2000_30_inband_min,2000,24.883
X3-LR4-700/2000-e0.1m35,JYT_2000_90_single,2000,49.486
X3-LR4-700/2000-e0.1m35,JYT_2000_90_inband_min,2000,47.698
X3-LR4-700/2000-e0.1m35,JYT_4000_30_single,4000,39.966
X3-LR4-700/2000-e0.1m35,JYT_4000_30_inband_min,4000,39.775
X3-LR4-700/2000-e0.1m35,JYT_4000_90_single,4000,46.205
X3-LR4-700/2000-e0.1m35,JYT_4000_90_inband_min,4000,35.312
X3-LR4-700/2000-e0.1m35,BW_1k_deg,1000,36.625
X3-LR4-700/2000-e0.1m35,BW_2k_deg,2000,16.617
X3-LR4-700/2000-e0.1m35,JYT_worst_grade,0,2
X3-LR4-700/2000-e1m30,R90_band,1000,36.548
X3-LR4-700/2000-e1m30,sector60_90_worst_band,1000,36.545
X3-LR4-700/2000-e1m30,err_floor_band,1000,32.854
X3-LR4-700/2000-e1m30,onaxis_fulldrive_vs_D20_band,1000,-2.189
X3-LR4-700/2000-e1m30,R90_band,1250,38.979
X3-LR4-700/2000-e1m30,sector60_90_worst_band,1250,38.979
X3-LR4-700/2000-e1m30,err_floor_band,1250,32.741
X3-LR4-700/2000-e1m30,onaxis_fulldrive_vs_D20_band,1250,-2.189
X3-LR4-700/2000-e1m30,R90_band,1600,40.926
X3-LR4-700/2000-e1m30,sector60_90_worst_band,1600,40.926
X3-LR4-700/2000-e1m30,err_floor_band,1600,32.672
X3-LR4-700/2000-e1m30,onaxis_fulldrive_vs_D20_band,1600,-2.189
X3-LR4-700/2000-e1m30,R90_band,2000,42.018
X3-LR4-700/2000-e1m30,sector60_90_worst_band,2000,42.018
X3-LR4-700/2000-e1m30,err_floor_band,2000,32.627
X3-LR4-700/2000-e1m30,onaxis_fulldrive_vs_D20_band,2000,-2.189
X3-LR4-700/2000-e1m30,R90_band,2500,41.073
X3-LR4-700/2000-e1m30,sector60_90_worst_band,2500,41.073
X3-LR4-700/2000-e1m30,err_floor_band,2500,32.570
X3-LR4-700/2000-e1m30,onaxis_fulldrive_vs_D20_band,2500,-2.189
X3-LR4-700/2000-e1m30,R90_band,3150,44.425
X3-LR4-700/2000-e1m30,sector60_90_worst_band,3150,44.423
X3-LR4-700/2000-e1m30,err_floor_band,3150,32.491
X3-LR4-700/2000-e1m30,onaxis_fulldrive_vs_D20_band,3150,-2.189
X3-LR4-700/2000-e1m30,R90_band,4000,45.916
X3-LR4-700/2000-e1m30,sector60_90_worst_band,4000,45.659
X3-LR4-700/2000-e1m30,err_floor_band,4000,32.379
X3-LR4-700/2000-e1m30,onaxis_fulldrive_vs_D20_band,4000,-2.189
X3-LR4-700/2000-e1m30,JYT_500_30_single,500,5.349
X3-LR4-700/2000-e1m30,JYT_500_30_inband_min,500,4.269
X3-LR4-700/2000-e1m30,JYT_500_90_single,500,30.950
X3-LR4-700/2000-e1m30,JYT_500_90_inband_min,500,25.360
X3-LR4-700/2000-e1m30,JYT_1000_30_single,1000,20.670
X3-LR4-700/2000-e1m30,JYT_1000_30_inband_min,1000,15.888
X3-LR4-700/2000-e1m30,JYT_1000_90_single,1000,36.512
X3-LR4-700/2000-e1m30,JYT_1000_90_inband_min,1000,33.566
X3-LR4-700/2000-e1m30,JYT_2000_30_single,2000,43.632
X3-LR4-700/2000-e1m30,JYT_2000_30_inband_min,2000,35.128
X3-LR4-700/2000-e1m30,JYT_2000_90_single,2000,38.181
X3-LR4-700/2000-e1m30,JYT_2000_90_inband_min,2000,38.181
X3-LR4-700/2000-e1m30,JYT_4000_30_single,4000,41.586
X3-LR4-700/2000-e1m30,JYT_4000_30_inband_min,4000,41.203
X3-LR4-700/2000-e1m30,JYT_4000_90_single,4000,48.529
X3-LR4-700/2000-e1m30,JYT_4000_90_inband_min,4000,40.440
X3-LR4-700/2000-e1m30,BW_1k_deg,1000,35.105
X3-LR4-700/2000-e1m30,BW_2k_deg,2000,18.315
X3-LR4-700/2000-e1m30,JYT_worst_grade,0,1
X3-LR4-700/2000-e3m30,R90_band,1000,34.880
X3-LR4-700/2000-e3m30,sector60_90_worst_band,1000,34.779
X3-LR4-700/2000-e3m30,err_floor_band,1000,32.876
X3-LR4-700/2000-e3m30,onaxis_fulldrive_vs_D20_band,1000,-3.352
X3-LR4-700/2000-e3m30,R90_band,1250,36.943
X3-LR4-700/2000-e3m30,sector60_90_worst_band,1250,36.943
X3-LR4-700/2000-e3m30,err_floor_band,1250,32.742
X3-LR4-700/2000-e3m30,onaxis_fulldrive_vs_D20_band,1250,-3.352
X3-LR4-700/2000-e3m30,R90_band,1600,38.639
X3-LR4-700/2000-e3m30,sector60_90_worst_band,1600,38.639
X3-LR4-700/2000-e3m30,err_floor_band,1600,32.610
X3-LR4-700/2000-e3m30,onaxis_fulldrive_vs_D20_band,1600,-3.352
X3-LR4-700/2000-e3m30,R90_band,2000,39.170
X3-LR4-700/2000-e3m30,sector60_90_worst_band,2000,39.170
X3-LR4-700/2000-e3m30,err_floor_band,2000,32.470
X3-LR4-700/2000-e3m30,onaxis_fulldrive_vs_D20_band,2000,-3.352
X3-LR4-700/2000-e3m30,R90_band,2500,38.237
X3-LR4-700/2000-e3m30,sector60_90_worst_band,2500,38.237
X3-LR4-700/2000-e3m30,err_floor_band,2500,32.310
X3-LR4-700/2000-e3m30,onaxis_fulldrive_vs_D20_band,2500,-3.352
X3-LR4-700/2000-e3m30,R90_band,3150,42.250
X3-LR4-700/2000-e3m30,sector60_90_worst_band,3150,42.198
X3-LR4-700/2000-e3m30,err_floor_band,3150,32.152
X3-LR4-700/2000-e3m30,onaxis_fulldrive_vs_D20_band,3150,-3.352
X3-LR4-700/2000-e3m30,R90_band,4000,46.936
X3-LR4-700/2000-e3m30,sector60_90_worst_band,4000,46.614
X3-LR4-700/2000-e3m30,err_floor_band,4000,31.996
X3-LR4-700/2000-e3m30,onaxis_fulldrive_vs_D20_band,4000,-3.352
X3-LR4-700/2000-e3m30,JYT_500_30_single,500,5.393
X3-LR4-700/2000-e3m30,JYT_500_30_inband_min,500,4.292
X3-LR4-700/2000-e3m30,JYT_500_90_single,500,29.908
X3-LR4-700/2000-e3m30,JYT_500_90_inband_min,500,24.751
X3-LR4-700/2000-e3m30,JYT_1000_30_single,1000,21.575
X3-LR4-700/2000-e3m30,JYT_1000_30_inband_min,1000,16.523
X3-LR4-700/2000-e3m30,JYT_1000_90_single,1000,35.012
X3-LR4-700/2000-e3m30,JYT_1000_90_inband_min,1000,31.768
X3-LR4-700/2000-e3m30,JYT_2000_30_single,2000,47.283
X3-LR4-700/2000-e3m30,JYT_2000_30_inband_min,2000,40.736
X3-LR4-700/2000-e3m30,JYT_2000_90_single,2000,35.540
X3-LR4-700/2000-e3m30,JYT_2000_90_inband_min,2000,35.429
X3-LR4-700/2000-e3m30,JYT_4000_30_single,4000,42.617
X3-LR4-700/2000-e3m30,JYT_4000_30_inband_min,4000,42.617
X3-LR4-700/2000-e3m30,JYT_4000_90_single,4000,55.238
X3-LR4-700/2000-e3m30,JYT_4000_90_inband_min,4000,41.838
X3-LR4-700/2000-e3m30,BW_1k_deg,1000,34.647
X3-LR4-700/2000-e3m30,BW_2k_deg,2000,18.963
X3-LR4-700/2000-e3m30,JYT_worst_grade,0,1
X3-LR4-800/1600-e0.1m35,R90_band,1000,42.214
X3-LR4-800/1600-e0.1m35,sector60_90_worst_band,1000,42.214
X3-LR4-800/1600-e0.1m35,err_floor_band,1000,32.792
X3-LR4-800/1600-e0.1m35,onaxis_fulldrive_vs_D20_band,1000,-2.110
X3-LR4-800/1600-e0.1m35,R90_band,1250,46.452
X3-LR4-800/1600-e0.1m35,sector60_90_worst_band,1250,46.452
X3-LR4-800/1600-e0.1m35,err_floor_band,1250,32.759
X3-LR4-800/1600-e0.1m35,onaxis_fulldrive_vs_D20_band,1250,-2.110
X3-LR4-800/1600-e0.1m35,R90_band,1600,49.137
X3-LR4-800/1600-e0.1m35,sector60_90_worst_band,1600,45.805
X3-LR4-800/1600-e0.1m35,err_floor_band,1600,32.907
X3-LR4-800/1600-e0.1m35,onaxis_fulldrive_vs_D20_band,1600,-2.110
X3-LR4-800/1600-e0.1m35,R90_band,2000,52.786
X3-LR4-800/1600-e0.1m35,sector60_90_worst_band,2000,45.576
X3-LR4-800/1600-e0.1m35,err_floor_band,2000,33.043
X3-LR4-800/1600-e0.1m35,onaxis_fulldrive_vs_D20_band,2000,-2.110
X3-LR4-800/1600-e0.1m35,R90_band,2500,49.374
X3-LR4-800/1600-e0.1m35,sector60_90_worst_band,2500,49.374
X3-LR4-800/1600-e0.1m35,err_floor_band,2500,33.087
X3-LR4-800/1600-e0.1m35,onaxis_fulldrive_vs_D20_band,2500,-2.110
X3-LR4-800/1600-e0.1m35,R90_band,3150,48.401
X3-LR4-800/1600-e0.1m35,sector60_90_worst_band,3150,48.401
X3-LR4-800/1600-e0.1m35,err_floor_band,3150,33.054
X3-LR4-800/1600-e0.1m35,onaxis_fulldrive_vs_D20_band,3150,-2.110
X3-LR4-800/1600-e0.1m35,R90_band,4000,44.379
X3-LR4-800/1600-e0.1m35,sector60_90_worst_band,4000,44.379
X3-LR4-800/1600-e0.1m35,err_floor_band,4000,32.961
X3-LR4-800/1600-e0.1m35,onaxis_fulldrive_vs_D20_band,4000,-2.110
X3-LR4-800/1600-e0.1m35,JYT_500_30_single,500,5.401
X3-LR4-800/1600-e0.1m35,JYT_500_30_inband_min,500,4.302
X3-LR4-800/1600-e0.1m35,JYT_500_90_single,500,30.220
X3-LR4-800/1600-e0.1m35,JYT_500_90_inband_min,500,25.398
X3-LR4-800/1600-e0.1m35,JYT_1000_30_single,1000,19.110
X3-LR4-800/1600-e0.1m35,JYT_1000_30_inband_min,1000,14.974
X3-LR4-800/1600-e0.1m35,JYT_1000_90_single,1000,49.168
X3-LR4-800/1600-e0.1m35,JYT_1000_90_inband_min,1000,36.844
X3-LR4-800/1600-e0.1m35,JYT_2000_30_single,2000,31.485
X3-LR4-800/1600-e0.1m35,JYT_2000_30_inband_min,2000,25.142
X3-LR4-800/1600-e0.1m35,JYT_2000_90_single,2000,53.511
X3-LR4-800/1600-e0.1m35,JYT_2000_90_inband_min,2000,49.180
X3-LR4-800/1600-e0.1m35,JYT_4000_30_single,4000,40.110
X3-LR4-800/1600-e0.1m35,JYT_4000_30_inband_min,4000,39.177
X3-LR4-800/1600-e0.1m35,JYT_4000_90_single,4000,44.549
X3-LR4-800/1600-e0.1m35,JYT_4000_90_inband_min,4000,38.899
X3-LR4-800/1600-e0.1m35,BW_1k_deg,1000,35.875
X3-LR4-800/1600-e0.1m35,BW_2k_deg,2000,16.326
X3-LR4-800/1600-e0.1m35,JYT_worst_grade,0,1
X3-LR4-800/1600-e1m30,R90_band,1000,36.073
X3-LR4-800/1600-e1m30,sector60_90_worst_band,1000,36.069
X3-LR4-800/1600-e1m30,err_floor_band,1000,32.852
X3-LR4-800/1600-e1m30,onaxis_fulldrive_vs_D20_band,1000,-2.949
X3-LR4-800/1600-e1m30,R90_band,1250,39.510
X3-LR4-800/1600-e1m30,sector60_90_worst_band,1250,39.510
X3-LR4-800/1600-e1m30,err_floor_band,1250,32.682
X3-LR4-800/1600-e1m30,onaxis_fulldrive_vs_D20_band,1250,-2.949
X3-LR4-800/1600-e1m30,R90_band,1600,41.761
X3-LR4-800/1600-e1m30,sector60_90_worst_band,1600,41.761
X3-LR4-800/1600-e1m30,err_floor_band,1600,32.564
X3-LR4-800/1600-e1m30,onaxis_fulldrive_vs_D20_band,1600,-2.949
X3-LR4-800/1600-e1m30,R90_band,2000,43.245
X3-LR4-800/1600-e1m30,sector60_90_worst_band,2000,43.245
X3-LR4-800/1600-e1m30,err_floor_band,2000,32.480
X3-LR4-800/1600-e1m30,onaxis_fulldrive_vs_D20_band,2000,-2.949
X3-LR4-800/1600-e1m30,R90_band,2500,43.073
X3-LR4-800/1600-e1m30,sector60_90_worst_band,2500,43.073
X3-LR4-800/1600-e1m30,err_floor_band,2500,32.399
X3-LR4-800/1600-e1m30,onaxis_fulldrive_vs_D20_band,2500,-2.949
X3-LR4-800/1600-e1m30,R90_band,3150,46.679
X3-LR4-800/1600-e1m30,sector60_90_worst_band,3150,46.679
X3-LR4-800/1600-e1m30,err_floor_band,3150,32.311
X3-LR4-800/1600-e1m30,onaxis_fulldrive_vs_D20_band,3150,-2.949
X3-LR4-800/1600-e1m30,R90_band,4000,45.719
X3-LR4-800/1600-e1m30,sector60_90_worst_band,4000,45.626
X3-LR4-800/1600-e1m30,err_floor_band,4000,32.196
X3-LR4-800/1600-e1m30,onaxis_fulldrive_vs_D20_band,4000,-2.949
X3-LR4-800/1600-e1m30,JYT_500_30_single,500,5.514
X3-LR4-800/1600-e1m30,JYT_500_30_inband_min,500,4.358
X3-LR4-800/1600-e1m30,JYT_500_90_single,500,27.555
X3-LR4-800/1600-e1m30,JYT_500_90_inband_min,500,23.413
X3-LR4-800/1600-e1m30,JYT_1000_30_single,1000,21.512
X3-LR4-800/1600-e1m30,JYT_1000_30_inband_min,1000,16.896
X3-LR4-800/1600-e1m30,JYT_1000_90_single,1000,37.585
X3-LR4-800/1600-e1m30,JYT_1000_90_inband_min,1000,32.095
X3-LR4-800/1600-e1m30,JYT_2000_30_single,2000,40.400
X3-LR4-800/1600-e1m30,JYT_2000_30_inband_min,2000,35.273
X3-LR4-800/1600-e1m30,JYT_2000_90_single,2000,40.113
X3-LR4-800/1600-e1m30,JYT_2000_90_inband_min,2000,39.755
X3-LR4-800/1600-e1m30,JYT_4000_30_single,4000,42.571
X3-LR4-800/1600-e1m30,JYT_4000_30_inband_min,4000,40.831
X3-LR4-800/1600-e1m30,JYT_4000_90_single,4000,46.141
X3-LR4-800/1600-e1m30,JYT_4000_90_inband_min,4000,40.200
X3-LR4-800/1600-e1m30,BW_1k_deg,1000,34.662
X3-LR4-800/1600-e1m30,BW_2k_deg,2000,18.970
X3-LR4-800/1600-e1m30,JYT_worst_grade,0,1
X3-LR4-800/1600-e3m30,R90_band,1000,34.454
X3-LR4-800/1600-e3m30,sector60_90_worst_band,1000,34.350
X3-LR4-800/1600-e3m30,err_floor_band,1000,32.848
X3-LR4-800/1600-e3m30,onaxis_fulldrive_vs_D20_band,1000,-3.595
X3-LR4-800/1600-e3m30,R90_band,1250,37.280
X3-LR4-800/1600-e3m30,sector60_90_worst_band,1250,37.280
X3-LR4-800/1600-e3m30,err_floor_band,1250,32.654
X3-LR4-800/1600-e3m30,onaxis_fulldrive_vs_D20_band,1250,-3.595
X3-LR4-800/1600-e3m30,R90_band,1600,39.185
X3-LR4-800/1600-e3m30,sector60_90_worst_band,1600,39.185
X3-LR4-800/1600-e3m30,err_floor_band,1600,32.479
X3-LR4-800/1600-e3m30,onaxis_fulldrive_vs_D20_band,1600,-3.595
X3-LR4-800/1600-e3m30,R90_band,2000,40.028
X3-LR4-800/1600-e3m30,sector60_90_worst_band,2000,40.028
X3-LR4-800/1600-e3m30,err_floor_band,2000,32.325
X3-LR4-800/1600-e3m30,onaxis_fulldrive_vs_D20_band,2000,-3.595
X3-LR4-800/1600-e3m30,R90_band,2500,40.066
X3-LR4-800/1600-e3m30,sector60_90_worst_band,2500,40.066
X3-LR4-800/1600-e3m30,err_floor_band,2500,32.185
X3-LR4-800/1600-e3m30,onaxis_fulldrive_vs_D20_band,2500,-3.595
X3-LR4-800/1600-e3m30,R90_band,3150,44.633
X3-LR4-800/1600-e3m30,sector60_90_worst_band,3150,44.605
X3-LR4-800/1600-e3m30,err_floor_band,3150,32.060
X3-LR4-800/1600-e3m30,onaxis_fulldrive_vs_D20_band,3150,-3.595
X3-LR4-800/1600-e3m30,R90_band,4000,47.378
X3-LR4-800/1600-e3m30,sector60_90_worst_band,4000,47.234
X3-LR4-800/1600-e3m30,err_floor_band,4000,31.928
X3-LR4-800/1600-e3m30,onaxis_fulldrive_vs_D20_band,4000,-3.595
X3-LR4-800/1600-e3m30,JYT_500_30_single,500,5.551
X3-LR4-800/1600-e3m30,JYT_500_30_inband_min,500,4.376
X3-LR4-800/1600-e3m30,JYT_500_90_single,500,26.955
X3-LR4-800/1600-e3m30,JYT_500_90_inband_min,500,22.996
X3-LR4-800/1600-e3m30,JYT_1000_30_single,1000,22.493
X3-LR4-800/1600-e3m30,JYT_1000_30_inband_min,1000,17.616
X3-LR4-800/1600-e3m30,JYT_1000_90_single,1000,36.015
X3-LR4-800/1600-e3m30,JYT_1000_90_inband_min,1000,30.487
X3-LR4-800/1600-e3m30,JYT_2000_30_single,2000,45.853
X3-LR4-800/1600-e3m30,JYT_2000_30_inband_min,2000,40.214
X3-LR4-800/1600-e3m30,JYT_2000_90_single,2000,37.463
X3-LR4-800/1600-e3m30,JYT_2000_90_inband_min,2000,36.641
X3-LR4-800/1600-e3m30,JYT_4000_30_single,4000,43.801
X3-LR4-800/1600-e3m30,JYT_4000_30_inband_min,4000,42.923
X3-LR4-800/1600-e3m30,JYT_4000_90_single,4000,49.350
X3-LR4-800/1600-e3m30,JYT_4000_90_inband_min,4000,42.165
X3-LR4-800/1600-e3m30,BW_1k_deg,1000,34.208
X3-LR4-800/1600-e3m30,BW_2k_deg,2000,19.626
X3-LR4-800/1600-e3m30,JYT_worst_grade,0,1
X2-LR8-600-e0.1m35,R90_band,1000,43.151
X2-LR8-600-e0.1m35,sector60_90_worst_band,1000,36.359
X2-LR8-600-e0.1m35,err_floor_band,1000,32.486
X2-LR8-600-e0.1m35,onaxis_fulldrive_vs_D20_band,1000,-2.816
X2-LR8-600-e0.1m35,R90_band,1250,43.736
X2-LR8-600-e0.1m35,sector60_90_worst_band,1250,42.439
X2-LR8-600-e0.1m35,err_floor_band,1250,32.454
X2-LR8-600-e0.1m35,onaxis_fulldrive_vs_D20_band,1250,-2.816
X2-LR8-600-e0.1m35,R90_band,1600,43.662
X2-LR8-600-e0.1m35,sector60_90_worst_band,1600,43.125
X2-LR8-600-e0.1m35,err_floor_band,1600,32.432
X2-LR8-600-e0.1m35,onaxis_fulldrive_vs_D20_band,1600,-2.816
X2-LR8-600-e0.1m35,R90_band,2000,44.687
X2-LR8-600-e0.1m35,sector60_90_worst_band,2000,44.497
X2-LR8-600-e0.1m35,err_floor_band,2000,32.407
X2-LR8-600-e0.1m35,onaxis_fulldrive_vs_D20_band,2000,-2.816
X2-LR8-600-e0.1m35,R90_band,2500,47.065
X2-LR8-600-e0.1m35,sector60_90_worst_band,2500,45.366
X2-LR8-600-e0.1m35,err_floor_band,2500,32.368
X2-LR8-600-e0.1m35,onaxis_fulldrive_vs_D20_band,2500,-2.816
X2-LR8-600-e0.1m35,R90_band,3150,46.427
X2-LR8-600-e0.1m35,sector60_90_worst_band,3150,45.862
X2-LR8-600-e0.1m35,err_floor_band,3150,32.305
X2-LR8-600-e0.1m35,onaxis_fulldrive_vs_D20_band,3150,-2.816
X2-LR8-600-e0.1m35,R90_band,4000,45.333
X2-LR8-600-e0.1m35,sector60_90_worst_band,4000,45.333
X2-LR8-600-e0.1m35,err_floor_band,4000,32.204
X2-LR8-600-e0.1m35,onaxis_fulldrive_vs_D20_band,4000,-2.816
X2-LR8-600-e0.1m35,JYT_500_30_single,500,5.291
X2-LR8-600-e0.1m35,JYT_500_30_inband_min,500,4.336
X2-LR8-600-e0.1m35,JYT_500_90_single,500,32.558
X2-LR8-600-e0.1m35,JYT_500_90_inband_min,500,30.286
X2-LR8-600-e0.1m35,JYT_1000_30_single,1000,15.271
X2-LR8-600-e0.1m35,JYT_1000_30_inband_min,1000,11.688
X2-LR8-600-e0.1m35,JYT_1000_90_single,1000,45.969
X2-LR8-600-e0.1m35,JYT_1000_90_inband_min,1000,40.019
X2-LR8-600-e0.1m35,JYT_2000_30_single,2000,48.281
X2-LR8-600-e0.1m35,JYT_2000_30_inband_min,2000,37.738
X2-LR8-600-e0.1m35,JYT_2000_90_single,2000,70.021
X2-LR8-600-e0.1m35,JYT_2000_90_inband_min,2000,41.742
X2-LR8-600-e0.1m35,JYT_4000_30_single,4000,70.143
X2-LR8-600-e0.1m35,JYT_4000_30_inband_min,4000,41.751
X2-LR8-600-e0.1m35,JYT_4000_90_single,4000,44.276
X2-LR8-600-e0.1m35,JYT_4000_90_inband_min,4000,41.781
X2-LR8-600-e0.1m35,BW_1k_deg,1000,39.054
X2-LR8-600-e0.1m35,BW_2k_deg,2000,19.349
X2-LR8-600-e0.1m35,JYT_worst_grade,0,2
X2-LR8-600-e1m30,R90_band,1000,37.665
X2-LR8-600-e1m30,sector60_90_worst_band,1000,36.160
X2-LR8-600-e1m30,err_floor_band,1000,32.700
X2-LR8-600-e1m30,onaxis_fulldrive_vs_D20_band,1000,-2.314
X2-LR8-600-e1m30,R90_band,1250,39.660
X2-LR8-600-e1m30,sector60_90_worst_band,1250,37.481
X2-LR8-600-e1m30,err_floor_band,1250,32.673
X2-LR8-600-e1m30,onaxis_fulldrive_vs_D20_band,1250,-2.314
X2-LR8-600-e1m30,R90_band,1600,39.627
X2-LR8-600-e1m30,sector60_90_worst_band,1600,38.780
X2-LR8-600-e1m30,err_floor_band,1600,32.652
X2-LR8-600-e1m30,onaxis_fulldrive_vs_D20_band,1600,-2.314
X2-LR8-600-e1m30,R90_band,2000,40.203
X2-LR8-600-e1m30,sector60_90_worst_band,2000,39.856
X2-LR8-600-e1m30,err_floor_band,2000,32.627
X2-LR8-600-e1m30,onaxis_fulldrive_vs_D20_band,2000,-2.314
X2-LR8-600-e1m30,R90_band,2500,42.107
X2-LR8-600-e1m30,sector60_90_worst_band,2500,40.294
X2-LR8-600-e1m30,err_floor_band,2500,32.588
X2-LR8-600-e1m30,onaxis_fulldrive_vs_D20_band,2500,-2.314
X2-LR8-600-e1m30,R90_band,3150,41.191
X2-LR8-600-e1m30,sector60_90_worst_band,3150,40.645
X2-LR8-600-e1m30,err_floor_band,3150,32.526
X2-LR8-600-e1m30,onaxis_fulldrive_vs_D20_band,3150,-2.314
X2-LR8-600-e1m30,R90_band,4000,40.540
X2-LR8-600-e1m30,sector60_90_worst_band,4000,40.540
X2-LR8-600-e1m30,err_floor_band,4000,32.424
X2-LR8-600-e1m30,onaxis_fulldrive_vs_D20_band,4000,-2.314
X2-LR8-600-e1m30,JYT_500_30_single,500,5.374
X2-LR8-600-e1m30,JYT_500_30_inband_min,500,4.364
X2-LR8-600-e1m30,JYT_500_90_single,500,29.854
X2-LR8-600-e1m30,JYT_500_90_inband_min,500,27.130
X2-LR8-600-e1m30,JYT_1000_30_single,1000,17.892
X2-LR8-600-e1m30,JYT_1000_30_inband_min,1000,13.336
X2-LR8-600-e1m30,JYT_1000_90_single,1000,36.480
X2-LR8-600-e1m30,JYT_1000_90_inband_min,1000,35.269
X2-LR8-600-e1m30,JYT_2000_30_single,2000,37.086
X2-LR8-600-e1m30,JYT_2000_30_inband_min,2000,35.389
X2-LR8-600-e1m30,JYT_2000_90_single,2000,50.036
X2-LR8-600-e1m30,JYT_2000_90_inband_min,2000,37.193
X2-LR8-600-e1m30,JYT_4000_30_single,4000,50.048
X2-LR8-600-e1m30,JYT_4000_30_inband_min,4000,37.200
X2-LR8-600-e1m30,JYT_4000_90_single,4000,40.165
X2-LR8-600-e1m30,JYT_4000_90_inband_min,4000,37.198
X2-LR8-600-e1m30,BW_1k_deg,1000,37.072
X2-LR8-600-e1m30,BW_2k_deg,2000,18.374
X2-LR8-600-e1m30,JYT_worst_grade,0,2
X2-LR8-600-e3m30,R90_band,1000,36.076
X2-LR8-600-e3m30,sector60_90_worst_band,1000,36.076
X2-LR8-600-e3m30,err_floor_band,1000,32.736
X2-LR8-600-e3m30,onaxis_fulldrive_vs_D20_band,1000,-2.265
X2-LR8-600-e3m30,R90_band,1250,38.761
X2-LR8-600-e3m30,sector60_90_worst_band,1250,36.331
X2-LR8-600-e3m30,err_floor_band,1250,32.709
X2-LR8-600-e3m30,onaxis_fulldrive_vs_D20_band,1250,-2.265
X2-LR8-600-e3m30,R90_band,1600,38.741
X2-LR8-600-e3m30,sector60_90_worst_band,1600,37.923
X2-LR8-600-e3m30,err_floor_band,1600,32.689
X2-LR8-600-e3m30,onaxis_fulldrive_vs_D20_band,1600,-2.265
X2-LR8-600-e3m30,R90_band,2000,39.048
X2-LR8-600-e3m30,sector60_90_worst_band,2000,38.667
X2-LR8-600-e3m30,err_floor_band,2000,32.664
X2-LR8-600-e3m30,onaxis_fulldrive_vs_D20_band,2000,-2.265
X2-LR8-600-e3m30,R90_band,2500,40.617
X2-LR8-600-e3m30,sector60_90_worst_band,2500,38.803
X2-LR8-600-e3m30,err_floor_band,2500,32.625
X2-LR8-600-e3m30,onaxis_fulldrive_vs_D20_band,2500,-2.265
X2-LR8-600-e3m30,R90_band,3150,39.554
X2-LR8-600-e3m30,sector60_90_worst_band,3150,39.041
X2-LR8-600-e3m30,err_floor_band,3150,32.562
X2-LR8-600-e3m30,onaxis_fulldrive_vs_D20_band,3150,-2.265
X2-LR8-600-e3m30,R90_band,4000,39.210
X2-LR8-600-e3m30,sector60_90_worst_band,4000,39.210
X2-LR8-600-e3m30,err_floor_band,4000,32.461
X2-LR8-600-e3m30,onaxis_fulldrive_vs_D20_band,4000,-2.265
X2-LR8-600-e3m30,JYT_500_30_single,500,5.389
X2-LR8-600-e3m30,JYT_500_30_inband_min,500,4.369
X2-LR8-600-e3m30,JYT_500_90_single,500,29.532
X2-LR8-600-e3m30,JYT_500_90_inband_min,500,26.799
X2-LR8-600-e3m30,JYT_1000_30_single,1000,18.335
X2-LR8-600-e3m30,JYT_1000_30_inband_min,1000,13.624
X2-LR8-600-e3m30,JYT_1000_90_single,1000,34.649
X2-LR8-600-e3m30,JYT_1000_90_inband_min,1000,34.072
X2-LR8-600-e3m30,JYT_2000_30_single,2000,35.107
X2-LR8-600-e3m30,JYT_2000_30_inband_min,2000,34.229
X2-LR8-600-e3m30,JYT_2000_90_single,2000,46.046
X2-LR8-600-e3m30,JYT_2000_90_inband_min,2000,36.170
X2-LR8-600-e3m30,JYT_4000_30_single,4000,46.054
X2-LR8-600-e3m30,JYT_4000_30_inband_min,4000,36.176
X2-LR8-600-e3m30,JYT_4000_90_single,4000,39.225
X2-LR8-600-e3m30,JYT_4000_90_inband_min,4000,36.169
X2-LR8-600-e3m30,BW_1k_deg,1000,36.744
X2-LR8-600-e3m30,BW_2k_deg,2000,18.212
X2-LR8-600-e3m30,JYT_worst_grade,0,1
X2-LR8-700-e0.1m35,R90_band,1000,44.998
X2-LR8-700-e0.1m35,sector60_90_worst_band,1000,36.761
X2-LR8-700-e0.1m35,err_floor_band,1000,32.540
X2-LR8-700-e0.1m35,onaxis_fulldrive_vs_D20_band,1000,-2.788
X2-LR8-700-e0.1m35,R90_band,1250,44.926
X2-LR8-700-e0.1m35,sector60_90_worst_band,1250,43.807
X2-LR8-700-e0.1m35,err_floor_band,1250,32.459
X2-LR8-700-e0.1m35,onaxis_fulldrive_vs_D20_band,1250,-2.788
X2-LR8-700-e0.1m35,R90_band,1600,44.491
X2-LR8-700-e0.1m35,sector60_90_worst_band,1600,44.132
X2-LR8-700-e0.1m35,err_floor_band,1600,32.428
X2-LR8-700-e0.1m35,onaxis_fulldrive_vs_D20_band,1600,-2.788
X2-LR8-700-e0.1m35,R90_band,2000,45.424
X2-LR8-700-e0.1m35,sector60_90_worst_band,2000,45.265
X2-LR8-700-e0.1m35,err_floor_band,2000,32.401
X2-LR8-700-e0.1m35,onaxis_fulldrive_vs_D20_band,2000,-2.788
X2-LR8-700-e0.1m35,R90_band,2500,47.765
X2-LR8-700-e0.1m35,sector60_90_worst_band,2500,46.097
X2-LR8-700-e0.1m35,err_floor_band,2500,32.362
X2-LR8-700-e0.1m35,onaxis_fulldrive_vs_D20_band,2500,-2.788
X2-LR8-700-e0.1m35,R90_band,3150,47.135
X2-LR8-700-e0.1m35,sector60_90_worst_band,3150,46.578
X2-LR8-700-e0.1m35,err_floor_band,3150,32.299
X2-LR8-700-e0.1m35,onaxis_fulldrive_vs_D20_band,3150,-2.788
X2-LR8-700-e0.1m35,R90_band,4000,46.083
X2-LR8-700-e0.1m35,sector60_90_worst_band,4000,46.083
X2-LR8-700-e0.1m35,err_floor_band,4000,32.198
X2-LR8-700-e0.1m35,onaxis_fulldrive_vs_D20_band,4000,-2.788
X2-LR8-700-e0.1m35,JYT_500_30_single,500,5.662
X2-LR8-700-e0.1m35,JYT_500_30_inband_min,500,4.465
X2-LR8-700-e0.1m35,JYT_500_90_single,500,25.287
X2-LR8-700-e0.1m35,JYT_500_90_inband_min,500,22.843
X2-LR8-700-e0.1m35,JYT_1000_30_single,1000,15.755
X2-LR8-700-e0.1m35,JYT_1000_30_inband_min,1000,12.492
X2-LR8-700-e0.1m35,JYT_1000_90_single,1000,46.097
X2-LR8-700-e0.1m35,JYT_1000_90_inband_min,1000,41.406
X2-LR8-700-e0.1m35,JYT_2000_30_single,2000,60.811
X2-LR8-700-e0.1m35,JYT_2000_30_inband_min,2000,35.428
X2-LR8-700-e0.1m35,JYT_2000_90_single,2000,75.863
X2-LR8-700-e0.1m35,JYT_2000_90_inband_min,2000,42.522
X2-LR8-700-e0.1m35,JYT_4000_30_single,4000,76.725
X2-LR8-700-e0.1m35,JYT_4000_30_inband_min,4000,42.554
X2-LR8-700-e0.1m35,JYT_4000_90_single,4000,44.944
X2-LR8-700-e0.1m35,JYT_4000_90_inband_min,4000,42.572
X2-LR8-700-e0.1m35,BW_1k_deg,1000,38.600
X2-LR8-700-e0.1m35,BW_2k_deg,2000,19.376
X2-LR8-700-e0.1m35,JYT_worst_grade,0,2
X2-LR8-700-e1m30,R90_band,1000,37.619
X2-LR8-700-e1m30,sector60_90_worst_band,1000,37.619
X2-LR8-700-e1m30,err_floor_band,1000,32.718
X2-LR8-700-e1m30,onaxis_fulldrive_vs_D20_band,1000,-2.374
X2-LR8-700-e1m30,R90_band,1250,40.465
X2-LR8-700-e1m30,sector60_90_worst_band,1250,38.361
X2-LR8-700-e1m30,err_floor_band,1250,32.651
X2-LR8-700-e1m30,onaxis_fulldrive_vs_D20_band,1250,-2.374
X2-LR8-700-e1m30,R90_band,1600,40.301
X2-LR8-700-e1m30,sector60_90_worst_band,1600,39.549
X2-LR8-700-e1m30,err_floor_band,1600,32.622
X2-LR8-700-e1m30,onaxis_fulldrive_vs_D20_band,1600,-2.374
X2-LR8-700-e1m30,R90_band,2000,40.847
X2-LR8-700-e1m30,sector60_90_worst_band,2000,40.520
X2-LR8-700-e1m30,err_floor_band,2000,32.596
X2-LR8-700-e1m30,onaxis_fulldrive_vs_D20_band,2000,-2.374
X2-LR8-700-e1m30,R90_band,2500,42.743
X2-LR8-700-e1m30,sector60_90_worst_band,2500,40.945
X2-LR8-700-e1m30,err_floor_band,2500,32.557
X2-LR8-700-e1m30,onaxis_fulldrive_vs_D20_band,2500,-2.374
X2-LR8-700-e1m30,R90_band,3150,41.831
X2-LR8-700-e1m30,sector60_90_worst_band,3150,41.288
X2-LR8-700-e1m30,err_floor_band,3150,32.494
X2-LR8-700-e1m30,onaxis_fulldrive_vs_D20_band,3150,-2.374
X2-LR8-700-e1m30,R90_band,4000,41.194
X2-LR8-700-e1m30,sector60_90_worst_band,4000,41.194
X2-LR8-700-e1m30,err_floor_band,4000,32.393
X2-LR8-700-e1m30,onaxis_fulldrive_vs_D20_band,4000,-2.374
X2-LR8-700-e1m30,JYT_500_30_single,500,5.688
X2-LR8-700-e1m30,JYT_500_30_inband_min,500,4.473
X2-LR8-700-e1m30,JYT_500_90_single,500,24.898
X2-LR8-700-e1m30,JYT_500_90_inband_min,500,22.288
X2-LR8-700-e1m30,JYT_1000_30_single,1000,18.005
X2-LR8-700-e1m30,JYT_1000_30_inband_min,1000,13.905
X2-LR8-700-e1m30,JYT_1000_90_single,1000,36.481
X2-LR8-700-e1m30,JYT_1000_90_inband_min,1000,35.903
X2-LR8-700-e1m30,JYT_2000_30_single,2000,38.769
X2-LR8-700-e1m30,JYT_2000_30_inband_min,2000,36.376
X2-LR8-700-e1m30,JYT_2000_90_single,2000,51.055
X2-LR8-700-e1m30,JYT_2000_90_inband_min,2000,37.863
X2-LR8-700-e1m30,JYT_4000_30_single,4000,51.101
X2-LR8-700-e1m30,JYT_4000_30_inband_min,4000,37.887
X2-LR8-700-e1m30,JYT_4000_90_single,4000,40.765
X2-LR8-700-e1m30,JYT_4000_90_inband_min,4000,37.887
X2-LR8-700-e1m30,BW_1k_deg,1000,36.947
X2-LR8-700-e1m30,BW_2k_deg,2000,18.510
X2-LR8-700-e1m30,JYT_worst_grade,0,1
X2-LR8-700-e3m30,R90_band,1000,35.787
X2-LR8-700-e3m30,sector60_90_worst_band,1000,35.787
X2-LR8-700-e3m30,err_floor_band,1000,32.752
X2-LR8-700-e3m30,onaxis_fulldrive_vs_D20_band,1000,-2.332
X2-LR8-700-e3m30,R90_band,1250,39.419
X2-LR8-700-e3m30,sector60_90_worst_band,1250,36.990
X2-LR8-700-e3m30,err_floor_band,1250,32.687
X2-LR8-700-e3m30,onaxis_fulldrive_vs_D20_band,1250,-2.332
X2-LR8-700-e3m30,R90_band,1600,39.332
X2-LR8-700-e3m30,sector60_90_worst_band,1600,38.582
X2-LR8-700-e3m30,err_floor_band,1600,32.659
X2-LR8-700-e3m30,onaxis_fulldrive_vs_D20_band,1600,-2.332
X2-LR8-700-e3m30,R90_band,2000,39.628
X2-LR8-700-e3m30,sector60_90_worst_band,2000,39.264
X2-LR8-700-e3m30,err_floor_band,2000,32.632
X2-LR8-700-e3m30,onaxis_fulldrive_vs_D20_band,2000,-2.332
X2-LR8-700-e3m30,R90_band,2500,41.198
X2-LR8-700-e3m30,sector60_90_worst_band,2500,39.394
X2-LR8-700-e3m30,err_floor_band,2500,32.593
X2-LR8-700-e3m30,onaxis_fulldrive_vs_D20_band,2500,-2.332
X2-LR8-700-e3m30,R90_band,3150,40.140
X2-LR8-700-e3m30,sector60_90_worst_band,3150,39.628
X2-LR8-700-e3m30,err_floor_band,3150,32.531
X2-LR8-700-e3m30,onaxis_fulldrive_vs_D20_band,3150,-2.332
X2-LR8-700-e3m30,R90_band,4000,39.800
X2-LR8-700-e3m30,sector60_90_worst_band,4000,39.800
X2-LR8-700-e3m30,err_floor_band,4000,32.429
X2-LR8-700-e3m30,onaxis_fulldrive_vs_D20_band,4000,-2.332
X2-LR8-700-e3m30,JYT_500_30_single,500,5.693
X2-LR8-700-e3m30,JYT_500_30_inband_min,500,4.475
X2-LR8-700-e3m30,JYT_500_90_single,500,24.838
X2-LR8-700-e3m30,JYT_500_90_inband_min,500,22.216
X2-LR8-700-e3m30,JYT_1000_30_single,1000,18.421
X2-LR8-700-e3m30,JYT_1000_30_inband_min,1000,14.177
X2-LR8-700-e3m30,JYT_1000_90_single,1000,34.586
X2-LR8-700-e3m30,JYT_1000_90_inband_min,1000,34.411
X2-LR8-700-e3m30,JYT_2000_30_single,2000,36.257
X2-LR8-700-e3m30,JYT_2000_30_inband_min,2000,35.059
X2-LR8-700-e3m30,JYT_2000_90_single,2000,46.884
X2-LR8-700-e3m30,JYT_2000_90_inband_min,2000,36.759
X2-LR8-700-e3m30,JYT_4000_30_single,4000,46.911
X2-LR8-700-e3m30,JYT_4000_30_inband_min,4000,36.780
X2-LR8-700-e3m30,JYT_4000_90_single,4000,39.760
X2-LR8-700-e3m30,JYT_4000_90_inband_min,4000,36.774
X2-LR8-700-e3m30,BW_1k_deg,1000,36.638
X2-LR8-700-e3m30,BW_2k_deg,2000,18.349
X2-LR8-700-e3m30,JYT_worst_grade,0,1
X2-LR8-800-e0.1m35,R90_band,1000,43.391
X2-LR8-800-e0.1m35,sector60_90_worst_band,1000,37.969
X2-LR8-800-e0.1m35,err_floor_band,1000,32.663
X2-LR8-800-e0.1m35,onaxis_fulldrive_vs_D20_band,1000,-2.697
X2-LR8-800-e0.1m35,R90_band,1250,48.412
X2-LR8-800-e0.1m35,sector60_90_worst_band,1250,46.819
X2-LR8-800-e0.1m35,err_floor_band,1250,32.481
X2-LR8-800-e0.1m35,onaxis_fulldrive_vs_D20_band,1250,-2.697
X2-LR8-800-e0.1m35,R90_band,1600,46.604
X2-LR8-800-e0.1m35,sector60_90_worst_band,1600,46.569
X2-LR8-800-e0.1m35,err_floor_band,1600,32.425
X2-LR8-800-e0.1m35,onaxis_fulldrive_vs_D20_band,1600,-2.697
X2-LR8-800-e0.1m35,R90_band,2000,47.242
X2-LR8-800-e0.1m35,sector60_90_worst_band,2000,47.154
X2-LR8-800-e0.1m35,err_floor_band,2000,32.395
X2-LR8-800-e0.1m35,onaxis_fulldrive_vs_D20_band,2000,-2.697
X2-LR8-800-e0.1m35,R90_band,2500,49.467
X2-LR8-800-e0.1m35,sector60_90_worst_band,2500,47.883
X2-LR8-800-e0.1m35,err_floor_band,2500,32.355
X2-LR8-800-e0.1m35,onaxis_fulldrive_vs_D20_band,2500,-2.697
X2-LR8-800-e0.1m35,R90_band,3150,48.858
X2-LR8-800-e0.1m35,sector60_90_worst_band,3150,48.322
X2-LR8-800-e0.1m35,err_floor_band,3150,32.292
X2-LR8-800-e0.1m35,onaxis_fulldrive_vs_D20_band,3150,-2.697
X2-LR8-800-e0.1m35,R90_band,4000,47.934
X2-LR8-800-e0.1m35,sector60_90_worst_band,4000,47.934
X2-LR8-800-e0.1m35,err_floor_band,4000,32.191
X2-LR8-800-e0.1m35,onaxis_fulldrive_vs_D20_band,4000,-2.697
X2-LR8-800-e0.1m35,JYT_500_30_single,500,5.787
X2-LR8-800-e0.1m35,JYT_500_30_inband_min,500,4.504
X2-LR8-800-e0.1m35,JYT_500_90_single,500,23.813
X2-LR8-800-e0.1m35,JYT_500_90_inband_min,500,20.990
X2-LR8-800-e0.1m35,JYT_1000_30_single,1000,17.114
X2-LR8-800-e0.1m35,JYT_1000_30_inband_min,1000,14.407
X2-LR8-800-e0.1m35,JYT_1000_90_single,1000,44.849
X2-LR8-800-e0.1m35,JYT_1000_90_inband_min,1000,39.678
X2-LR8-800-e0.1m35,JYT_2000_30_single,2000,44.525
X2-LR8-800-e0.1m35,JYT_2000_30_inband_min,2000,31.575
X2-LR8-800-e0.1m35,JYT_2000_90_single,2000,76.557
X2-LR8-800-e0.1m35,JYT_2000_90_inband_min,2000,44.476
X2-LR8-800-e0.1m35,JYT_4000_30_single,4000,74.281
X2-LR8-800-e0.1m35,JYT_4000_30_inband_min,4000,44.590
X2-LR8-800-e0.1m35,JYT_4000_90_single,4000,46.575
X2-LR8-800-e0.1m35,JYT_4000_90_inband_min,4000,44.579
X2-LR8-800-e0.1m35,BW_1k_deg,1000,37.495
X2-LR8-800-e0.1m35,BW_2k_deg,2000,19.403
X2-LR8-800-e0.1m35,JYT_worst_grade,0,2
X2-LR8-800-e1m30,R90_band,1000,36.029
X2-LR8-800-e1m30,sector60_90_worst_band,1000,36.029
X2-LR8-800-e1m30,err_floor_band,1000,32.764
X2-LR8-800-e1m30,onaxis_fulldrive_vs_D20_band,1000,-2.514
X2-LR8-800-e1m30,R90_band,1250,42.502
X2-LR8-800-e1m30,sector60_90_worst_band,1250,40.564
X2-LR8-800-e1m30,err_floor_band,1250,32.604
X2-LR8-800-e1m30,onaxis_fulldrive_vs_D20_band,1250,-2.514
X2-LR8-800-e1m30,R90_band,1600,41.994
X2-LR8-800-e1m30,sector60_90_worst_band,1600,41.482
X2-LR8-800-e1m30,err_floor_band,1600,32.553
X2-LR8-800-e1m30,onaxis_fulldrive_vs_D20_band,1600,-2.514
X2-LR8-800-e1m30,R90_band,2000,42.453
X2-LR8-800-e1m30,sector60_90_worst_band,2000,42.177
X2-LR8-800-e1m30,err_floor_band,2000,32.523
X2-LR8-800-e1m30,onaxis_fulldrive_vs_D20_band,2000,-2.514
X2-LR8-800-e1m30,R90_band,2500,44.323
X2-LR8-800-e1m30,sector60_90_worst_band,2500,42.562
X2-LR8-800-e1m30,err_floor_band,2500,32.484
X2-LR8-800-e1m30,onaxis_fulldrive_vs_D20_band,2500,-2.514
X2-LR8-800-e1m30,R90_band,3150,43.421
X2-LR8-800-e1m30,sector60_90_worst_band,3150,42.885
X2-LR8-800-e1m30,err_floor_band,3150,32.421
X2-LR8-800-e1m30,onaxis_fulldrive_vs_D20_band,3150,-2.514
X2-LR8-800-e1m30,R90_band,4000,42.828
X2-LR8-800-e1m30,sector60_90_worst_band,4000,42.828
X2-LR8-800-e1m30,err_floor_band,4000,32.320
X2-LR8-800-e1m30,onaxis_fulldrive_vs_D20_band,4000,-2.514
X2-LR8-800-e1m30,JYT_500_30_single,500,5.793
X2-LR8-800-e1m30,JYT_500_30_inband_min,500,4.505
X2-LR8-800-e1m30,JYT_500_90_single,500,23.744
X2-LR8-800-e1m30,JYT_500_90_inband_min,500,20.893
X2-LR8-800-e1m30,JYT_1000_30_single,1000,18.434
X2-LR8-800-e1m30,JYT_1000_30_inband_min,1000,15.250
X2-LR8-800-e1m30,JYT_1000_90_single,1000,35.930
X2-LR8-800-e1m30,JYT_1000_90_inband_min,1000,34.158
X2-LR8-800-e1m30,JYT_2000_30_single,2000,44.405
X2-LR8-800-e1m30,JYT_2000_30_inband_min,2000,37.526
X2-LR8-800-e1m30,JYT_2000_90_single,2000,53.672
X2-LR8-800-e1m30,JYT_2000_90_inband_min,2000,39.538
X2-LR8-800-e1m30,JYT_4000_30_single,4000,53.855
X2-LR8-800-e1m30,JYT_4000_30_inband_min,4000,39.628
X2-LR8-800-e1m30,JYT_4000_90_single,4000,42.261
X2-LR8-800-e1m30,JYT_4000_90_inband_min,4000,39.631
X2-LR8-800-e1m30,BW_1k_deg,1000,36.555
X2-LR8-800-e1m30,BW_2k_deg,2000,18.829
X2-LR8-800-e1m30,JYT_worst_grade,0,1
X2-LR8-800-e3m30,R90_band,1000,34.299
X2-LR8-800-e3m30,sector60_90_worst_band,1000,34.299
X2-LR8-800-e3m30,err_floor_band,1000,32.792
X2-LR8-800-e3m30,onaxis_fulldrive_vs_D20_band,1000,-2.486
X2-LR8-800-e3m30,R90_band,1250,41.026
X2-LR8-800-e3m30,sector60_90_worst_band,1250,38.568
X2-LR8-800-e3m30,err_floor_band,1250,32.638
X2-LR8-800-e3m30,onaxis_fulldrive_vs_D20_band,1250,-2.486
X2-LR8-800-e3m30,R90_band,1600,40.798
X2-LR8-800-e3m30,sector60_90_worst_band,1600,40.213
X2-LR8-800-e3m30,err_floor_band,1600,32.588
X2-LR8-800-e3m30,onaxis_fulldrive_vs_D20_band,1600,-2.486
X2-LR8-800-e3m30,R90_band,2000,41.066
X2-LR8-800-e3m30,sector60_90_worst_band,2000,40.743
X2-LR8-800-e3m30,err_floor_band,2000,32.559
X2-LR8-800-e3m30,onaxis_fulldrive_vs_D20_band,2000,-2.486
X2-LR8-800-e3m30,R90_band,2500,42.640
X2-LR8-800-e3m30,sector60_90_worst_band,2500,40.862
X2-LR8-800-e3m30,err_floor_band,2500,32.519
X2-LR8-800-e3m30,onaxis_fulldrive_vs_D20_band,2500,-2.486
X2-LR8-800-e3m30,R90_band,3150,41.595
X2-LR8-800-e3m30,sector60_90_worst_band,3150,41.086
X2-LR8-800-e3m30,err_floor_band,3150,32.457
X2-LR8-800-e3m30,onaxis_fulldrive_vs_D20_band,3150,-2.486
X2-LR8-800-e3m30,R90_band,4000,41.271
X2-LR8-800-e3m30,sector60_90_worst_band,4000,41.271
X2-LR8-800-e3m30,err_floor_band,4000,32.355
X2-LR8-800-e3m30,onaxis_fulldrive_vs_D20_band,4000,-2.486
X2-LR8-800-e3m30,JYT_500_30_single,500,5.795
X2-LR8-800-e3m30,JYT_500_30_inband_min,500,4.506
X2-LR8-800-e3m30,JYT_500_90_single,500,23.727
X2-LR8-800-e3m30,JYT_500_90_inband_min,500,20.873
X2-LR8-800-e3m30,JYT_1000_30_single,1000,18.786
X2-LR8-800-e3m30,JYT_1000_30_inband_min,1000,15.484
X2-LR8-800-e3m30,JYT_1000_90_single,1000,34.067
X2-LR8-800-e3m30,JYT_1000_90_inband_min,1000,32.543
X2-LR8-800-e3m30,JYT_2000_30_single,2000,39.593
X2-LR8-800-e3m30,JYT_2000_30_inband_min,2000,37.127
X2-LR8-800-e3m30,JYT_2000_90_single,2000,49.005
X2-LR8-800-e3m30,JYT_2000_90_inband_min,2000,38.222
X2-LR8-800-e3m30,JYT_4000_30_single,4000,49.109
X2-LR8-800-e3m30,JYT_4000_30_inband_min,4000,38.298
X2-LR8-800-e3m30,JYT_4000_90_single,4000,41.092
X2-LR8-800-e3m30,JYT_4000_90_inband_min,4000,38.295
X2-LR8-800-e3m30,BW_1k_deg,1000,36.295
X2-LR8-800-e3m30,BW_2k_deg,2000,18.672
X2-LR8-800-e3m30,JYT_worst_grade,0,1
X3-LR8-700/1400-e0.1m35,R90_band,1000,44.132
X3-LR8-700/1400-e0.1m35,sector60_90_worst_band,1000,44.132
X3-LR8-700/1400-e0.1m35,err_floor_band,1000,32.783
X3-LR8-700/1400-e0.1m35,onaxis_fulldrive_vs_D20_band,1000,-1.993
X3-LR8-700/1400-e0.1m35,R90_band,1250,45.970
X3-LR8-700/1400-e0.1m35,sector60_90_worst_band,1250,45.970
X3-LR8-700/1400-e0.1m35,err_floor_band,1250,32.860
X3-LR8-700/1400-e0.1m35,onaxis_fulldrive_vs_D20_band,1250,-1.993
X3-LR8-700/1400-e0.1m35,R90_band,1600,49.967
X3-LR8-700/1400-e0.1m35,sector60_90_worst_band,1600,43.004
X3-LR8-700/1400-e0.1m35,err_floor_band,1600,33.005
X3-LR8-700/1400-e0.1m35,onaxis_fulldrive_vs_D20_band,1600,-1.993
X3-LR8-700/1400-e0.1m35,R90_band,2000,49.886
X3-LR8-700/1400-e0.1m35,sector60_90_worst_band,2000,42.921
X3-LR8-700/1400-e0.1m35,err_floor_band,2000,33.016
X3-LR8-700/1400-e0.1m35,onaxis_fulldrive_vs_D20_band,2000,-1.993
X3-LR8-700/1400-e0.1m35,R90_band,2500,49.107
X3-LR8-700/1400-e0.1m35,sector60_90_worst_band,2500,48.219
X3-LR8-700/1400-e0.1m35,err_floor_band,2500,32.981
X3-LR8-700/1400-e0.1m35,onaxis_fulldrive_vs_D20_band,2500,-1.993
X3-LR8-700/1400-e0.1m35,R90_band,3150,49.233
X3-LR8-700/1400-e0.1m35,sector60_90_worst_band,3150,48.971
X3-LR8-700/1400-e0.1m35,err_floor_band,3150,32.919
X3-LR8-700/1400-e0.1m35,onaxis_fulldrive_vs_D20_band,3150,-1.993
X3-LR8-700/1400-e0.1m35,R90_band,4000,47.046
X3-LR8-700/1400-e0.1m35,sector60_90_worst_band,4000,47.014
X3-LR8-700/1400-e0.1m35,err_floor_band,4000,32.818
X3-LR8-700/1400-e0.1m35,onaxis_fulldrive_vs_D20_band,4000,-1.993
X3-LR8-700/1400-e0.1m35,JYT_500_30_single,500,5.710
X3-LR8-700/1400-e0.1m35,JYT_500_30_inband_min,500,4.480
X3-LR8-700/1400-e0.1m35,JYT_500_90_single,500,24.793
X3-LR8-700/1400-e0.1m35,JYT_500_90_inband_min,500,22.274
X3-LR8-700/1400-e0.1m35,JYT_1000_30_single,1000,19.482
X3-LR8-700/1400-e0.1m35,JYT_1000_30_inband_min,1000,14.793
X3-LR8-700/1400-e0.1m35,JYT_1000_90_single,1000,51.614
X3-LR8-700/1400-e0.1m35,JYT_1000_90_inband_min,1000,39.350
X3-LR8-700/1400-e0.1m35,JYT_2000_30_single,2000,42.667
X3-LR8-700/1400-e0.1m35,JYT_2000_30_inband_min,2000,25.908
X3-LR8-700/1400-e0.1m35,JYT_2000_90_single,2000,68.240
X3-LR8-700/1400-e0.1m35,JYT_2000_90_inband_min,2000,45.568
X3-LR8-700/1400-e0.1m35,JYT_4000_30_single,4000,44.690
X3-LR8-700/1400-e0.1m35,JYT_4000_30_inband_min,4000,41.520
X3-LR8-700/1400-e0.1m35,JYT_4000_90_single,4000,46.412
X3-LR8-700/1400-e0.1m35,JYT_4000_90_inband_min,4000,41.526
X3-LR8-700/1400-e0.1m35,BW_1k_deg,1000,35.548
X3-LR8-700/1400-e0.1m35,BW_2k_deg,2000,16.339
X3-LR8-700/1400-e0.1m35,JYT_worst_grade,0,1
X3-LR8-700/1400-e1m30,R90_band,1000,38.625
X3-LR8-700/1400-e1m30,sector60_90_worst_band,1000,38.625
X3-LR8-700/1400-e1m30,err_floor_band,1000,32.528
X3-LR8-700/1400-e1m30,onaxis_fulldrive_vs_D20_band,1000,-3.031
X3-LR8-700/1400-e1m30,R90_band,1250,40.111
X3-LR8-700/1400-e1m30,sector60_90_worst_band,1250,40.111
X3-LR8-700/1400-e1m30,err_floor_band,1250,32.547
X3-LR8-700/1400-e1m30,onaxis_fulldrive_vs_D20_band,1250,-3.031
X3-LR8-700/1400-e1m30,R90_band,1600,41.023
X3-LR8-700/1400-e1m30,sector60_90_worst_band,1600,41.023
X3-LR8-700/1400-e1m30,err_floor_band,1600,32.501
X3-LR8-700/1400-e1m30,onaxis_fulldrive_vs_D20_band,1600,-3.031
X3-LR8-700/1400-e1m30,R90_band,2000,44.755
X3-LR8-700/1400-e1m30,sector60_90_worst_band,2000,44.755
X3-LR8-700/1400-e1m30,err_floor_band,2000,32.369
X3-LR8-700/1400-e1m30,onaxis_fulldrive_vs_D20_band,2000,-3.031
X3-LR8-700/1400-e1m30,R90_band,2500,52.378
X3-LR8-700/1400-e1m30,sector60_90_worst_band,2500,52.258
X3-LR8-700/1400-e1m30,err_floor_band,2500,32.294
X3-LR8-700/1400-e1m30,onaxis_fulldrive_vs_D20_band,2500,-3.031
X3-LR8-700/1400-e1m30,R90_band,3150,52.961
X3-LR8-700/1400-e1m30,sector60_90_worst_band,3150,52.961
X3-LR8-700/1400-e1m30,err_floor_band,3150,32.225
X3-LR8-700/1400-e1m30,onaxis_fulldrive_vs_D20_band,3150,-3.031
X3-LR8-700/1400-e1m30,R90_band,4000,47.504
X3-LR8-700/1400-e1m30,sector60_90_worst_band,4000,47.504
X3-LR8-700/1400-e1m30,err_floor_band,4000,32.123
X3-LR8-700/1400-e1m30,onaxis_fulldrive_vs_D20_band,4000,-3.031
X3-LR8-700/1400-e1m30,JYT_500_30_single,500,5.754
X3-LR8-700/1400-e1m30,JYT_500_30_inband_min,500,4.494
X3-LR8-700/1400-e1m30,JYT_500_90_single,500,24.260
X3-LR8-700/1400-e1m30,JYT_500_90_inband_min,500,21.561
X3-LR8-700/1400-e1m30,JYT_1000_30_single,1000,23.301
X3-LR8-700/1400-e1m30,JYT_1000_30_inband_min,1000,17.506
X3-LR8-700/1400-e1m30,JYT_1000_90_single,1000,43.878
X3-LR8-700/1400-e1m30,JYT_1000_90_inband_min,1000,34.229
X3-LR8-700/1400-e1m30,JYT_2000_30_single,2000,46.990
X3-LR8-700/1400-e1m30,JYT_2000_30_inband_min,2000,38.876
X3-LR8-700/1400-e1m30,JYT_2000_90_single,2000,44.582
X3-LR8-700/1400-e1m30,JYT_2000_90_inband_min,2000,42.412
X3-LR8-700/1400-e1m30,JYT_4000_30_single,4000,45.806
X3-LR8-700/1400-e1m30,JYT_4000_30_inband_min,4000,41.409
X3-LR8-700/1400-e1m30,JYT_4000_90_single,4000,49.672
X3-LR8-700/1400-e1m30,JYT_4000_90_inband_min,4000,41.396
X3-LR8-700/1400-e1m30,BW_1k_deg,1000,33.747
X3-LR8-700/1400-e1m30,BW_2k_deg,2000,19.531
X3-LR8-700/1400-e1m30,JYT_worst_grade,0,1
X3-LR8-700/1400-e3m30,R90_band,1000,37.292
X3-LR8-700/1400-e3m30,sector60_90_worst_band,1000,37.292
X3-LR8-700/1400-e3m30,err_floor_band,1000,32.178
X3-LR8-700/1400-e3m30,onaxis_fulldrive_vs_D20_band,1000,-3.410
X3-LR8-700/1400-e3m30,R90_band,1250,37.658
X3-LR8-700/1400-e3m30,sector60_90_worst_band,1250,37.658
X3-LR8-700/1400-e3m30,err_floor_band,1250,32.302
X3-LR8-700/1400-e3m30,onaxis_fulldrive_vs_D20_band,1250,-3.410
X3-LR8-700/1400-e3m30,R90_band,1600,37.899
X3-LR8-700/1400-e3m30,sector60_90_worst_band,1600,37.899
X3-LR8-700/1400-e3m30,err_floor_band,1600,32.373
X3-LR8-700/1400-e3m30,onaxis_fulldrive_vs_D20_band,1600,-3.410
X3-LR8-700/1400-e3m30,R90_band,2000,40.610
X3-LR8-700/1400-e3m30,sector60_90_worst_band,2000,40.610
X3-LR8-700/1400-e3m30,err_floor_band,2000,32.226
X3-LR8-700/1400-e3m30,onaxis_fulldrive_vs_D20_band,2000,-3.410
X3-LR8-700/1400-e3m30,R90_band,2500,51.713
X3-LR8-700/1400-e3m30,sector60_90_worst_band,2500,51.713
X3-LR8-700/1400-e3m30,err_floor_band,2500,32.140
X3-LR8-700/1400-e3m30,onaxis_fulldrive_vs_D20_band,2500,-3.410
X3-LR8-700/1400-e3m30,R90_band,3150,54.440
X3-LR8-700/1400-e3m30,sector60_90_worst_band,3150,54.440
X3-LR8-700/1400-e3m30,err_floor_band,3150,32.068
X3-LR8-700/1400-e3m30,onaxis_fulldrive_vs_D20_band,3150,-3.410
X3-LR8-700/1400-e3m30,R90_band,4000,49.295
X3-LR8-700/1400-e3m30,sector60_90_worst_band,4000,49.295
X3-LR8-700/1400-e3m30,err_floor_band,4000,31.965
X3-LR8-700/1400-e3m30,onaxis_fulldrive_vs_D20_band,4000,-3.410
X3-LR8-700/1400-e3m30,JYT_500_30_single,500,5.768
X3-LR8-700/1400-e3m30,JYT_500_30_inband_min,500,4.498
X3-LR8-700/1400-e3m30,JYT_500_90_single,500,24.143
X3-LR8-700/1400-e3m30,JYT_500_90_inband_min,500,21.436
X3-LR8-700/1400-e3m30,JYT_1000_30_single,1000,24.623
X3-LR8-700/1400-e3m30,JYT_1000_30_inband_min,1000,18.398
X3-LR8-700/1400-e3m30,JYT_1000_90_single,1000,46.354
X3-LR8-700/1400-e3m30,JYT_1000_90_inband_min,1000,32.882
X3-LR8-700/1400-e3m30,JYT_2000_30_single,2000,61.240
X3-LR8-700/1400-e3m30,JYT_2000_30_inband_min,2000,42.953
X3-LR8-700/1400-e3m30,JYT_2000_90_single,2000,41.219
X3-LR8-700/1400-e3m30,JYT_2000_90_inband_min,2000,37.256
X3-LR8-700/1400-e3m30,JYT_4000_30_single,4000,47.921
X3-LR8-700/1400-e3m30,JYT_4000_30_inband_min,4000,43.293
X3-LR8-700/1400-e3m30,JYT_4000_90_single,4000,50.928
X3-LR8-700/1400-e3m30,JYT_4000_90_inband_min,4000,43.285
X3-LR8-700/1400-e3m30,BW_1k_deg,1000,33.193
X3-LR8-700/1400-e3m30,BW_2k_deg,2000,20.184
X3-LR8-700/1400-e3m30,JYT_worst_grade,0,1
X3-LR8-700/1600-e0.1m35,R90_band,1000,45.474
X3-LR8-700/1600-e0.1m35,sector60_90_worst_band,1000,45.075
X3-LR8-700/1600-e0.1m35,err_floor_band,1000,32.734
X3-LR8-700/1600-e0.1m35,onaxis_fulldrive_vs_D20_band,1000,-2.176
X3-LR8-700/1600-e0.1m35,R90_band,1250,46.903
X3-LR8-700/1600-e0.1m35,sector60_90_worst_band,1250,46.903
X3-LR8-700/1600-e0.1m35,err_floor_band,1250,32.764
X3-LR8-700/1600-e0.1m35,onaxis_fulldrive_vs_D20_band,1250,-2.176
X3-LR8-700/1600-e0.1m35,R90_band,1600,46.975
X3-LR8-700/1600-e0.1m35,sector60_90_worst_band,1600,46.975
X3-LR8-700/1600-e0.1m35,err_floor_band,1600,32.979
X3-LR8-700/1600-e0.1m35,onaxis_fulldrive_vs_D20_band,1600,-2.176
X3-LR8-700/1600-e0.1m35,R90_band,2000,52.810
X3-LR8-700/1600-e0.1m35,sector60_90_worst_band,2000,44.108
X3-LR8-700/1600-e0.1m35,err_floor_band,2000,33.070
X3-LR8-700/1600-e0.1m35,onaxis_fulldrive_vs_D20_band,2000,-2.176
X3-LR8-700/1600-e0.1m35,R90_band,2500,50.463
X3-LR8-700/1600-e0.1m35,sector60_90_worst_band,2500,48.652
X3-LR8-700/1600-e0.1m35,err_floor_band,2500,33.041
X3-LR8-700/1600-e0.1m35,onaxis_fulldrive_vs_D20_band,2500,-2.176
X3-LR8-700/1600-e0.1m35,R90_band,3150,50.423
X3-LR8-700/1600-e0.1m35,sector60_90_worst_band,3150,50.423
X3-LR8-700/1600-e0.1m35,err_floor_band,3150,32.978
X3-LR8-700/1600-e0.1m35,onaxis_fulldrive_vs_D20_band,3150,-2.176
X3-LR8-700/1600-e0.1m35,R90_band,4000,45.784
X3-LR8-700/1600-e0.1m35,sector60_90_worst_band,4000,45.775
X3-LR8-700/1600-e0.1m35,err_floor_band,4000,32.877
X3-LR8-700/1600-e0.1m35,onaxis_fulldrive_vs_D20_band,4000,-2.176
X3-LR8-700/1600-e0.1m35,JYT_500_30_single,500,5.700
X3-LR8-700/1600-e0.1m35,JYT_500_30_inband_min,500,4.477
X3-LR8-700/1600-e0.1m35,JYT_500_90_single,500,24.864
X3-LR8-700/1600-e0.1m35,JYT_500_90_inband_min,500,22.334
X3-LR8-700/1600-e0.1m35,JYT_1000_30_single,1000,18.583
X3-LR8-700/1600-e0.1m35,JYT_1000_30_inband_min,1000,14.319
X3-LR8-700/1600-e0.1m35,JYT_1000_90_single,1000,46.671
X3-LR8-700/1600-e0.1m35,JYT_1000_90_inband_min,1000,41.862
X3-LR8-700/1600-e0.1m35,JYT_2000_30_single,2000,42.464
X3-LR8-700/1600-e0.1m35,JYT_2000_30_inband_min,2000,25.772
X3-LR8-700/1600-e0.1m35,JYT_2000_90_single,2000,56.009
X3-LR8-700/1600-e0.1m35,JYT_2000_90_inband_min,2000,48.799
X3-LR8-700/1600-e0.1m35,JYT_4000_30_single,4000,41.540
X3-LR8-700/1600-e0.1m35,JYT_4000_30_inband_min,4000,39.585
X3-LR8-700/1600-e0.1m35,JYT_4000_90_single,4000,46.593
X3-LR8-700/1600-e0.1m35,JYT_4000_90_inband_min,4000,39.573
X3-LR8-700/1600-e0.1m35,BW_1k_deg,1000,36.147
X3-LR8-700/1600-e0.1m35,BW_2k_deg,2000,15.909
X3-LR8-700/1600-e0.1m35,JYT_worst_grade,0,1
X3-LR8-700/1600-e1m30,R90_band,1000,38.119
X3-LR8-700/1600-e1m30,sector60_90_worst_band,1000,38.085
X3-LR8-700/1600-e1m30,err_floor_band,1000,32.580
X3-LR8-700/1600-e1m30,onaxis_fulldrive_vs_D20_band,1000,-2.389
X3-LR8-700/1600-e1m30,R90_band,1250,39.957
X3-LR8-700/1600-e1m30,sector60_90_worst_band,1250,39.957
X3-LR8-700/1600-e1m30,err_floor_band,1250,32.559
X3-LR8-700/1600-e1m30,onaxis_fulldrive_vs_D20_band,1250,-2.389
X3-LR8-700/1600-e1m30,R90_band,1600,39.575
X3-LR8-700/1600-e1m30,sector60_90_worst_band,1600,39.575
X3-LR8-700/1600-e1m30,err_floor_band,1600,32.628
X3-LR8-700/1600-e1m30,onaxis_fulldrive_vs_D20_band,1600,-2.389
X3-LR8-700/1600-e1m30,R90_band,2000,41.531
X3-LR8-700/1600-e1m30,sector60_90_worst_band,2000,41.531
X3-LR8-700/1600-e1m30,err_floor_band,2000,32.573
X3-LR8-700/1600-e1m30,onaxis_fulldrive_vs_D20_band,2000,-2.389
X3-LR8-700/1600-e1m30,R90_band,2500,47.966
X3-LR8-700/1600-e1m30,sector60_90_worst_band,2500,47.966
X3-LR8-700/1600-e1m30,err_floor_band,2500,32.491
X3-LR8-700/1600-e1m30,onaxis_fulldrive_vs_D20_band,2500,-2.389
X3-LR8-700/1600-e1m30,R90_band,3150,52.824
X3-LR8-700/1600-e1m30,sector60_90_worst_band,3150,52.824
X3-LR8-700/1600-e1m30,err_floor_band,3150,32.418
X3-LR8-700/1600-e1m30,onaxis_fulldrive_vs_D20_band,3150,-2.389
X3-LR8-700/1600-e1m30,R90_band,4000,46.043
X3-LR8-700/1600-e1m30,sector60_90_worst_band,4000,46.043
X3-LR8-700/1600-e1m30,err_floor_band,4000,32.315
X3-LR8-700/1600-e1m30,onaxis_fulldrive_vs_D20_band,4000,-2.389
X3-LR8-700/1600-e1m30,JYT_500_30_single,500,5.739
X3-LR8-700/1600-e1m30,JYT_500_30_inband_min,500,4.489
X3-LR8-700/1600-e1m30,JYT_500_90_single,500,24.414
X3-LR8-700/1600-e1m30,JYT_500_90_inband_min,500,21.747
X3-LR8-700/1600-e1m30,JYT_1000_30_single,1000,22.119
X3-LR8-700/1600-e1m30,JYT_1000_30_inband_min,1000,16.592
X3-LR8-700/1600-e1m30,JYT_1000_90_single,1000,39.646
X3-LR8-700/1600-e1m30,JYT_1000_90_inband_min,1000,34.366
X3-LR8-700/1600-e1m30,JYT_2000_30_single,2000,51.618
X3-LR8-700/1600-e1m30,JYT_2000_30_inband_min,2000,36.228
X3-LR8-700/1600-e1m30,JYT_2000_90_single,2000,41.971
X3-LR8-700/1600-e1m30,JYT_2000_90_inband_min,2000,38.030
X3-LR8-700/1600-e1m30,JYT_4000_30_single,4000,44.395
X3-LR8-700/1600-e1m30,JYT_4000_30_inband_min,4000,40.216
X3-LR8-700/1600-e1m30,JYT_4000_90_single,4000,46.384
X3-LR8-700/1600-e1m30,JYT_4000_90_inband_min,4000,40.162
X3-LR8-700/1600-e1m30,BW_1k_deg,1000,34.275
X3-LR8-700/1600-e1m30,BW_2k_deg,2000,18.580
X3-LR8-700/1600-e1m30,JYT_worst_grade,0,1
X3-LR8-700/1600-e3m30,R90_band,1000,37.041
X3-LR8-700/1600-e3m30,sector60_90_worst_band,1000,36.872
X3-LR8-700/1600-e3m30,err_floor_band,1000,32.268
X3-LR8-700/1600-e3m30,onaxis_fulldrive_vs_D20_band,1000,-3.145
X3-LR8-700/1600-e3m30,R90_band,1250,37.861
X3-LR8-700/1600-e3m30,sector60_90_worst_band,1250,37.861
X3-LR8-700/1600-e3m30,err_floor_band,1250,32.270
X3-LR8-700/1600-e3m30,onaxis_fulldrive_vs_D20_band,1250,-3.145
X3-LR8-700/1600-e3m30,R90_band,1600,36.590
X3-LR8-700/1600-e3m30,sector60_90_worst_band,1600,36.590
X3-LR8-700/1600-e3m30,err_floor_band,1600,32.430
X3-LR8-700/1600-e3m30,onaxis_fulldrive_vs_D20_band,1600,-3.145
X3-LR8-700/1600-e3m30,R90_band,2000,37.994
X3-LR8-700/1600-e3m30,sector60_90_worst_band,2000,37.994
X3-LR8-700/1600-e3m30,err_floor_band,2000,32.357
X3-LR8-700/1600-e3m30,onaxis_fulldrive_vs_D20_band,2000,-3.145
X3-LR8-700/1600-e3m30,R90_band,2500,44.110
X3-LR8-700/1600-e3m30,sector60_90_worst_band,2500,44.110
X3-LR8-700/1600-e3m30,err_floor_band,2500,32.241
X3-LR8-700/1600-e3m30,onaxis_fulldrive_vs_D20_band,2500,-3.145
X3-LR8-700/1600-e3m30,R90_band,3150,53.919
X3-LR8-700/1600-e3m30,sector60_90_worst_band,3150,53.919
X3-LR8-700/1600-e3m30,err_floor_band,3150,32.159
X3-LR8-700/1600-e3m30,onaxis_fulldrive_vs_D20_band,3150,-3.145
X3-LR8-700/1600-e3m30,R90_band,4000,48.407
X3-LR8-700/1600-e3m30,sector60_90_worst_band,4000,48.407
X3-LR8-700/1600-e3m30,err_floor_band,4000,32.054
X3-LR8-700/1600-e3m30,onaxis_fulldrive_vs_D20_band,4000,-3.145
X3-LR8-700/1600-e3m30,JYT_500_30_single,500,5.751
X3-LR8-700/1600-e3m30,JYT_500_30_inband_min,500,4.493
X3-LR8-700/1600-e3m30,JYT_500_90_single,500,24.303
X3-LR8-700/1600-e3m30,JYT_500_90_inband_min,500,21.624
X3-LR8-700/1600-e3m30,JYT_1000_30_single,1000,23.311
X3-LR8-700/1600-e3m30,JYT_1000_30_inband_min,1000,17.350
X3-LR8-700/1600-e3m30,JYT_1000_90_single,1000,40.190
X3-LR8-700/1600-e3m30,JYT_1000_90_inband_min,1000,32.893
X3-LR8-700/1600-e3m30,JYT_2000_30_single,2000,73.266
X3-LR8-700/1600-e3m30,JYT_2000_30_inband_min,2000,41.877
X3-LR8-700/1600-e3m30,JYT_2000_90_single,2000,40.053
X3-LR8-700/1600-e3m30,JYT_2000_90_inband_min,2000,34.271
X3-LR8-700/1600-e3m30,JYT_4000_30_single,4000,47.398
X3-LR8-700/1600-e3m30,JYT_4000_30_inband_min,4000,42.973
X3-LR8-700/1600-e3m30,JYT_4000_90_single,4000,47.737
X3-LR8-700/1600-e3m30,JYT_4000_90_inband_min,4000,42.885
X3-LR8-700/1600-e3m30,BW_1k_deg,1000,33.722
X3-LR8-700/1600-e3m30,BW_2k_deg,2000,19.507
X3-LR8-700/1600-e3m30,JYT_worst_grade,0,1
X3-LR8-700/2000-e0.1m35,R90_band,1000,47.057
X3-LR8-700/2000-e0.1m35,sector60_90_worst_band,1000,40.894
X3-LR8-700/2000-e0.1m35,err_floor_band,1000,32.656
X3-LR8-700/2000-e0.1m35,onaxis_fulldrive_vs_D20_band,1000,-2.416
X3-LR8-700/2000-e0.1m35,R90_band,1250,47.368
X3-LR8-700/2000-e0.1m35,sector60_90_worst_band,1250,47.368
X3-LR8-700/2000-e0.1m35,err_floor_band,1250,32.612
X3-LR8-700/2000-e0.1m35,onaxis_fulldrive_vs_D20_band,1250,-2.416
X3-LR8-700/2000-e0.1m35,R90_band,1600,46.836
X3-LR8-700/2000-e0.1m35,sector60_90_worst_band,1600,46.836
X3-LR8-700/2000-e0.1m35,err_floor_band,1600,32.735
X3-LR8-700/2000-e0.1m35,onaxis_fulldrive_vs_D20_band,1600,-2.416
X3-LR8-700/2000-e0.1m35,R90_band,2000,49.308
X3-LR8-700/2000-e0.1m35,sector60_90_worst_band,2000,49.308
X3-LR8-700/2000-e0.1m35,err_floor_band,2000,33.010
X3-LR8-700/2000-e0.1m35,onaxis_fulldrive_vs_D20_band,2000,-2.416
X3-LR8-700/2000-e0.1m35,R90_band,2500,48.946
X3-LR8-700/2000-e0.1m35,sector60_90_worst_band,2500,48.946
X3-LR8-700/2000-e0.1m35,err_floor_band,2500,33.117
X3-LR8-700/2000-e0.1m35,onaxis_fulldrive_vs_D20_band,2500,-2.416
X3-LR8-700/2000-e0.1m35,R90_band,3150,50.515
X3-LR8-700/2000-e0.1m35,sector60_90_worst_band,3150,50.515
X3-LR8-700/2000-e0.1m35,err_floor_band,3150,33.059
X3-LR8-700/2000-e0.1m35,onaxis_fulldrive_vs_D20_band,3150,-2.416
X3-LR8-700/2000-e0.1m35,R90_band,4000,44.437
X3-LR8-700/2000-e0.1m35,sector60_90_worst_band,4000,44.437
X3-LR8-700/2000-e0.1m35,err_floor_band,4000,32.955
X3-LR8-700/2000-e0.1m35,onaxis_fulldrive_vs_D20_band,4000,-2.416
X3-LR8-700/2000-e0.1m35,JYT_500_30_single,500,5.686
X3-LR8-700/2000-e0.1m35,JYT_500_30_inband_min,500,4.473
X3-LR8-700/2000-e0.1m35,JYT_500_90_single,500,25.013
X3-LR8-700/2000-e0.1m35,JYT_500_90_inband_min,500,22.505
X3-LR8-700/2000-e0.1m35,JYT_1000_30_single,1000,17.333
X3-LR8-700/2000-e0.1m35,JYT_1000_30_inband_min,1000,13.571
X3-LR8-700/2000-e0.1m35,JYT_1000_90_single,1000,45.392
X3-LR8-700/2000-e0.1m35,JYT_1000_90_inband_min,1000,45.254
X3-LR8-700/2000-e0.1m35,JYT_2000_30_single,2000,30.953
X3-LR8-700/2000-e0.1m35,JYT_2000_30_inband_min,2000,23.707
X3-LR8-700/2000-e0.1m35,JYT_2000_90_single,2000,46.152
X3-LR8-700/2000-e0.1m35,JYT_2000_90_inband_min,2000,45.431
X3-LR8-700/2000-e0.1m35,JYT_4000_30_single,4000,40.200
X3-LR8-700/2000-e0.1m35,JYT_4000_30_inband_min,4000,39.164
X3-LR8-700/2000-e0.1m35,JYT_4000_90_single,4000,43.929
X3-LR8-700/2000-e0.1m35,JYT_4000_90_inband_min,4000,39.091
X3-LR8-700/2000-e0.1m35,BW_1k_deg,1000,37.104
X3-LR8-700/2000-e0.1m35,BW_2k_deg,2000,16.457
X3-LR8-700/2000-e0.1m35,JYT_worst_grade,0,2
X3-LR8-700/2000-e1m30,R90_band,1000,37.409
X3-LR8-700/2000-e1m30,sector60_90_worst_band,1000,37.407
X3-LR8-700/2000-e1m30,err_floor_band,1000,32.702
X3-LR8-700/2000-e1m30,onaxis_fulldrive_vs_D20_band,1000,-1.886
X3-LR8-700/2000-e1m30,R90_band,1250,39.615
X3-LR8-700/2000-e1m30,sector60_90_worst_band,1250,39.615
X3-LR8-700/2000-e1m30,err_floor_band,1250,32.651
X3-LR8-700/2000-e1m30,onaxis_fulldrive_vs_D20_band,1250,-1.886
X3-LR8-700/2000-e1m30,R90_band,1600,40.204
X3-LR8-700/2000-e1m30,sector60_90_worst_band,1600,40.204
X3-LR8-700/2000-e1m30,err_floor_band,1600,32.711
X3-LR8-700/2000-e1m30,onaxis_fulldrive_vs_D20_band,1600,-1.886
X3-LR8-700/2000-e1m30,R90_band,2000,39.370
X3-LR8-700/2000-e1m30,sector60_90_worst_band,2000,39.370
X3-LR8-700/2000-e1m30,err_floor_band,2000,32.851
X3-LR8-700/2000-e1m30,onaxis_fulldrive_vs_D20_band,2000,-1.886
X3-LR8-700/2000-e1m30,R90_band,2500,40.342
X3-LR8-700/2000-e1m30,sector60_90_worst_band,2500,40.342
X3-LR8-700/2000-e1m30,err_floor_band,2500,32.882
X3-LR8-700/2000-e1m30,onaxis_fulldrive_vs_D20_band,2500,-1.886
X3-LR8-700/2000-e1m30,R90_band,3150,47.678
X3-LR8-700/2000-e1m30,sector60_90_worst_band,3150,47.678
X3-LR8-700/2000-e1m30,err_floor_band,3150,32.817
X3-LR8-700/2000-e1m30,onaxis_fulldrive_vs_D20_band,3150,-1.886
X3-LR8-700/2000-e1m30,R90_band,4000,45.247
X3-LR8-700/2000-e1m30,sector60_90_worst_band,4000,45.197
X3-LR8-700/2000-e1m30,err_floor_band,4000,32.713
X3-LR8-700/2000-e1m30,onaxis_fulldrive_vs_D20_band,4000,-1.886
X3-LR8-700/2000-e1m30,JYT_500_30_single,500,5.720
X3-LR8-700/2000-e1m30,JYT_500_30_inband_min,500,4.483
X3-LR8-700/2000-e1m30,JYT_500_90_single,500,24.578
X3-LR8-700/2000-e1m30,JYT_500_90_inband_min,500,21.929
X3-LR8-700/2000-e1m30,JYT_1000_30_single,1000,20.583
X3-LR8-700/2000-e1m30,JYT_1000_30_inband_min,1000,15.582
X3-LR8-700/2000-e1m30,JYT_1000_90_single,1000,36.674
X3-LR8-700/2000-e1m30,JYT_1000_90_inband_min,1000,35.028
X3-LR8-700/2000-e1m30,JYT_2000_30_single,2000,45.467
X3-LR8-700/2000-e1m30,JYT_2000_30_inband_min,2000,33.223
X3-LR8-700/2000-e1m30,JYT_2000_90_single,2000,37.639
X3-LR8-700/2000-e1m30,JYT_2000_90_inband_min,2000,35.967
X3-LR8-700/2000-e1m30,JYT_4000_30_single,4000,43.727
X3-LR8-700/2000-e1m30,JYT_4000_30_inband_min,4000,40.724
X3-LR8-700/2000-e1m30,JYT_4000_90_single,4000,43.161
X3-LR8-700/2000-e1m30,JYT_4000_90_inband_min,4000,40.634
X3-LR8-700/2000-e1m30,BW_1k_deg,1000,35.129
X3-LR8-700/2000-e1m30,BW_2k_deg,2000,17.036
X3-LR8-700/2000-e1m30,JYT_worst_grade,0,1
X3-LR8-700/2000-e3m30,R90_band,1000,36.038
X3-LR8-700/2000-e3m30,sector60_90_worst_band,1000,35.884
X3-LR8-700/2000-e3m30,err_floor_band,1000,32.555
X3-LR8-700/2000-e3m30,onaxis_fulldrive_vs_D20_band,1000,-1.843
X3-LR8-700/2000-e3m30,R90_band,1250,37.926
X3-LR8-700/2000-e3m30,sector60_90_worst_band,1250,37.926
X3-LR8-700/2000-e3m30,err_floor_band,1250,32.494
X3-LR8-700/2000-e3m30,onaxis_fulldrive_vs_D20_band,1250,-1.843
X3-LR8-700/2000-e3m30,R90_band,1600,37.502
X3-LR8-700/2000-e3m30,sector60_90_worst_band,1600,37.502
X3-LR8-700/2000-e3m30,err_floor_band,1600,32.568
X3-LR8-700/2000-e3m30,onaxis_fulldrive_vs_D20_band,1600,-1.843
X3-LR8-700/2000-e3m30,R90_band,2000,35.883
X3-LR8-700/2000-e3m30,sector60_90_worst_band,2000,35.883
X3-LR8-700/2000-e3m30,err_floor_band,2000,32.736
X3-LR8-700/2000-e3m30,onaxis_fulldrive_vs_D20_band,2000,-1.843
X3-LR8-700/2000-e3m30,R90_band,2500,36.725
X3-LR8-700/2000-e3m30,sector60_90_worst_band,2500,36.725
X3-LR8-700/2000-e3m30,err_floor_band,2500,32.766
X3-LR8-700/2000-e3m30,onaxis_fulldrive_vs_D20_band,2500,-1.843
X3-LR8-700/2000-e3m30,R90_band,3150,44.598
X3-LR8-700/2000-e3m30,sector60_90_worst_band,3150,44.598
X3-LR8-700/2000-e3m30,err_floor_band,3150,32.692
X3-LR8-700/2000-e3m30,onaxis_fulldrive_vs_D20_band,3150,-1.843
X3-LR8-700/2000-e3m30,R90_band,4000,46.660
X3-LR8-700/2000-e3m30,sector60_90_worst_band,4000,46.604
X3-LR8-700/2000-e3m30,err_floor_band,4000,32.586
X3-LR8-700/2000-e3m30,onaxis_fulldrive_vs_D20_band,4000,-1.843
X3-LR8-700/2000-e3m30,JYT_500_30_single,500,5.731
X3-LR8-700/2000-e3m30,JYT_500_30_inband_min,500,4.487
X3-LR8-700/2000-e3m30,JYT_500_90_single,500,24.476
X3-LR8-700/2000-e3m30,JYT_500_90_inband_min,500,21.817
X3-LR8-700/2000-e3m30,JYT_1000_30_single,1000,21.582
X3-LR8-700/2000-e3m30,JYT_1000_30_inband_min,1000,16.208
X3-LR8-700/2000-e3m30,JYT_1000_90_single,1000,35.908
X3-LR8-700/2000-e3m30,JYT_1000_90_inband_min,1000,33.120
X3-LR8-700/2000-e3m30,JYT_2000_30_single,2000,45.749
X3-LR8-700/2000-e3m30,JYT_2000_30_inband_min,2000,36.804
X3-LR8-700/2000-e3m30,JYT_2000_90_single,2000,35.374
X3-LR8-700/2000-e3m30,JYT_2000_90_inband_min,2000,32.808
X3-LR8-700/2000-e3m30,JYT_4000_30_single,4000,45.475
X3-LR8-700/2000-e3m30,JYT_4000_30_inband_min,4000,42.448
X3-LR8-700/2000-e3m30,JYT_4000_90_single,4000,44.324
X3-LR8-700/2000-e3m30,JYT_4000_90_inband_min,4000,42.298
X3-LR8-700/2000-e3m30,BW_1k_deg,1000,34.572
X3-LR8-700/2000-e3m30,BW_2k_deg,2000,17.324
X3-LR8-700/2000-e3m30,JYT_worst_grade,0,1
X3-LR8-800/1600-e0.1m35,R90_band,1000,40.872
X3-LR8-800/1600-e0.1m35,sector60_90_worst_band,1000,40.872
X3-LR8-800/1600-e0.1m35,err_floor_band,1000,32.779
X3-LR8-800/1600-e0.1m35,onaxis_fulldrive_vs_D20_band,1000,-2.182
X3-LR8-800/1600-e0.1m35,R90_band,1250,47.798
X3-LR8-800/1600-e0.1m35,sector60_90_worst_band,1250,47.798
X3-LR8-800/1600-e0.1m35,err_floor_band,1250,32.723
X3-LR8-800/1600-e0.1m35,onaxis_fulldrive_vs_D20_band,1250,-2.182
X3-LR8-800/1600-e0.1m35,R90_band,1600,49.571
X3-LR8-800/1600-e0.1m35,sector60_90_worst_band,1600,46.056
X3-LR8-800/1600-e0.1m35,err_floor_band,1600,32.936
X3-LR8-800/1600-e0.1m35,onaxis_fulldrive_vs_D20_band,1600,-2.182
X3-LR8-800/1600-e0.1m35,R90_band,2000,53.188
X3-LR8-800/1600-e0.1m35,sector60_90_worst_band,2000,43.762
X3-LR8-800/1600-e0.1m35,err_floor_band,2000,33.054
X3-LR8-800/1600-e0.1m35,onaxis_fulldrive_vs_D20_band,2000,-2.182
X3-LR8-800/1600-e0.1m35,R90_band,2500,49.975
X3-LR8-800/1600-e0.1m35,sector60_90_worst_band,2500,48.530
X3-LR8-800/1600-e0.1m35,err_floor_band,2500,33.038
X3-LR8-800/1600-e0.1m35,onaxis_fulldrive_vs_D20_band,2500,-2.182
X3-LR8-800/1600-e0.1m35,R90_band,3150,49.916
X3-LR8-800/1600-e0.1m35,sector60_90_worst_band,3150,49.909
X3-LR8-800/1600-e0.1m35,err_floor_band,3150,32.978
X3-LR8-800/1600-e0.1m35,onaxis_fulldrive_vs_D20_band,3150,-2.182
X3-LR8-800/1600-e0.1m35,R90_band,4000,46.162
X3-LR8-800/1600-e0.1m35,sector60_90_worst_band,4000,46.148
X3-LR8-800/1600-e0.1m35,err_floor_band,4000,32.877
X3-LR8-800/1600-e0.1m35,onaxis_fulldrive_vs_D20_band,4000,-2.182
X3-LR8-800/1600-e0.1m35,JYT_500_30_single,500,5.796
X3-LR8-800/1600-e0.1m35,JYT_500_30_inband_min,500,4.506
X3-LR8-800/1600-e0.1m35,JYT_500_90_single,500,23.737
X3-LR8-800/1600-e0.1m35,JYT_500_90_inband_min,500,20.906
X3-LR8-800/1600-e0.1m35,JYT_1000_30_single,1000,18.891
X3-LR8-800/1600-e0.1m35,JYT_1000_30_inband_min,1000,15.522
X3-LR8-800/1600-e0.1m35,JYT_1000_90_single,1000,46.230
X3-LR8-800/1600-e0.1m35,JYT_1000_90_inband_min,1000,35.009
X3-LR8-800/1600-e0.1m35,JYT_2000_30_single,2000,40.727
X3-LR8-800/1600-e0.1m35,JYT_2000_30_inband_min,2000,25.905
X3-LR8-800/1600-e0.1m35,JYT_2000_90_single,2000,64.874
X3-LR8-800/1600-e0.1m35,JYT_2000_90_inband_min,2000,47.787
X3-LR8-800/1600-e0.1m35,JYT_4000_30_single,4000,42.440
X3-LR8-800/1600-e0.1m35,JYT_4000_30_inband_min,4000,40.172
X3-LR8-800/1600-e0.1m35,JYT_4000_90_single,4000,46.207
X3-LR8-800/1600-e0.1m35,JYT_4000_90_inband_min,4000,40.142
X3-LR8-800/1600-e0.1m35,BW_1k_deg,1000,36.025
X3-LR8-800/1600-e0.1m35,BW_2k_deg,2000,16.038
X3-LR8-800/1600-e0.1m35,JYT_worst_grade,0,1
X3-LR8-800/1600-e1m30,R90_band,1000,35.642
X3-LR8-800/1600-e1m30,sector60_90_worst_band,1000,35.635
X3-LR8-800/1600-e1m30,err_floor_band,1000,32.689
X3-LR8-800/1600-e1m30,onaxis_fulldrive_vs_D20_band,1000,-2.538
X3-LR8-800/1600-e1m30,R90_band,1250,40.718
X3-LR8-800/1600-e1m30,sector60_90_worst_band,1250,40.718
X3-LR8-800/1600-e1m30,err_floor_band,1250,32.563
X3-LR8-800/1600-e1m30,onaxis_fulldrive_vs_D20_band,1250,-2.538
X3-LR8-800/1600-e1m30,R90_band,1600,40.902
X3-LR8-800/1600-e1m30,sector60_90_worst_band,1600,40.902
X3-LR8-800/1600-e1m30,err_floor_band,1600,32.588
X3-LR8-800/1600-e1m30,onaxis_fulldrive_vs_D20_band,1600,-2.538
X3-LR8-800/1600-e1m30,R90_band,2000,43.067
X3-LR8-800/1600-e1m30,sector60_90_worst_band,2000,43.067
X3-LR8-800/1600-e1m30,err_floor_band,2000,32.533
X3-LR8-800/1600-e1m30,onaxis_fulldrive_vs_D20_band,2000,-2.538
X3-LR8-800/1600-e1m30,R90_band,2500,48.429
X3-LR8-800/1600-e1m30,sector60_90_worst_band,2500,48.429
X3-LR8-800/1600-e1m30,err_floor_band,2500,32.459
X3-LR8-800/1600-e1m30,onaxis_fulldrive_vs_D20_band,2500,-2.538
X3-LR8-800/1600-e1m30,R90_band,3150,52.183
X3-LR8-800/1600-e1m30,sector60_90_worst_band,3150,52.183
X3-LR8-800/1600-e1m30,err_floor_band,3150,32.387
X3-LR8-800/1600-e1m30,onaxis_fulldrive_vs_D20_band,3150,-2.538
X3-LR8-800/1600-e1m30,R90_band,4000,46.293
X3-LR8-800/1600-e1m30,sector60_90_worst_band,4000,46.293
X3-LR8-800/1600-e1m30,err_floor_band,4000,32.284
X3-LR8-800/1600-e1m30,onaxis_fulldrive_vs_D20_band,4000,-2.538
X3-LR8-800/1600-e1m30,JYT_500_30_single,500,5.809
X3-LR8-800/1600-e1m30,JYT_500_30_inband_min,500,4.510
X3-LR8-800/1600-e1m30,JYT_500_90_single,500,23.603
X3-LR8-800/1600-e1m30,JYT_500_90_inband_min,500,20.727
X3-LR8-800/1600-e1m30,JYT_1000_30_single,1000,21.873
X3-LR8-800/1600-e1m30,JYT_1000_30_inband_min,1000,17.475
X3-LR8-800/1600-e1m30,JYT_1000_90_single,1000,38.424
X3-LR8-800/1600-e1m30,JYT_1000_90_inband_min,1000,30.780
X3-LR8-800/1600-e1m30,JYT_2000_30_single,2000,47.336
X3-LR8-800/1600-e1m30,JYT_2000_30_inband_min,2000,36.746
X3-LR8-800/1600-e1m30,JYT_2000_90_single,2000,43.572
X3-LR8-800/1600-e1m30,JYT_2000_90_inband_min,2000,39.585
X3-LR8-800/1600-e1m30,JYT_4000_30_single,4000,45.427
X3-LR8-800/1600-e1m30,JYT_4000_30_inband_min,4000,40.544
X3-LR8-800/1600-e1m30,JYT_4000_90_single,4000,46.007
X3-LR8-800/1600-e1m30,JYT_4000_90_inband_min,4000,40.530
X3-LR8-800/1600-e1m30,BW_1k_deg,1000,34.394
X3-LR8-800/1600-e1m30,BW_2k_deg,2000,18.762
X3-LR8-800/1600-e1m30,JYT_worst_grade,0,1
X3-LR8-800/1600-e3m30,R90_band,1000,34.624
X3-LR8-800/1600-e3m30,sector60_90_worst_band,1000,34.530
X3-LR8-800/1600-e3m30,err_floor_band,1000,32.477
X3-LR8-800/1600-e3m30,onaxis_fulldrive_vs_D20_band,1000,-3.276
X3-LR8-800/1600-e3m30,R90_band,1250,38.617
X3-LR8-800/1600-e3m30,sector60_90_worst_band,1250,38.617
X3-LR8-800/1600-e3m30,err_floor_band,1250,32.336
X3-LR8-800/1600-e3m30,onaxis_fulldrive_vs_D20_band,1250,-3.276
X3-LR8-800/1600-e3m30,R90_band,1600,37.789
X3-LR8-800/1600-e3m30,sector60_90_worst_band,1600,37.789
X3-LR8-800/1600-e3m30,err_floor_band,1600,32.408
X3-LR8-800/1600-e3m30,onaxis_fulldrive_vs_D20_band,1600,-3.276
X3-LR8-800/1600-e3m30,R90_band,2000,39.302
X3-LR8-800/1600-e3m30,sector60_90_worst_band,2000,39.302
X3-LR8-800/1600-e3m30,err_floor_band,2000,32.313
X3-LR8-800/1600-e3m30,onaxis_fulldrive_vs_D20_band,2000,-3.276
X3-LR8-800/1600-e3m30,R90_band,2500,44.840
X3-LR8-800/1600-e3m30,sector60_90_worst_band,2500,44.840
X3-LR8-800/1600-e3m30,err_floor_band,2500,32.201
X3-LR8-800/1600-e3m30,onaxis_fulldrive_vs_D20_band,2500,-3.276
X3-LR8-800/1600-e3m30,R90_band,3150,53.530
X3-LR8-800/1600-e3m30,sector60_90_worst_band,3150,53.530
X3-LR8-800/1600-e3m30,err_floor_band,3150,32.120
X3-LR8-800/1600-e3m30,onaxis_fulldrive_vs_D20_band,3150,-3.276
X3-LR8-800/1600-e3m30,R90_band,4000,48.818
X3-LR8-800/1600-e3m30,sector60_90_worst_band,4000,48.818
X3-LR8-800/1600-e3m30,err_floor_band,4000,32.016
X3-LR8-800/1600-e3m30,onaxis_fulldrive_vs_D20_band,4000,-3.276
X3-LR8-800/1600-e3m30,JYT_500_30_single,500,5.814
X3-LR8-800/1600-e3m30,JYT_500_30_inband_min,500,4.512
X3-LR8-800/1600-e3m30,JYT_500_90_single,500,23.564
X3-LR8-800/1600-e3m30,JYT_500_90_inband_min,500,20.681
X3-LR8-800/1600-e3m30,JYT_1000_30_single,1000,22.990
X3-LR8-800/1600-e3m30,JYT_1000_30_inband_min,1000,18.185
X3-LR8-800/1600-e3m30,JYT_1000_90_single,1000,37.979
X3-LR8-800/1600-e3m30,JYT_1000_90_inband_min,1000,29.730
X3-LR8-800/1600-e3m30,JYT_2000_30_single,2000,56.779
X3-LR8-800/1600-e3m30,JYT_2000_30_inband_min,2000,41.628
X3-LR8-800/1600-e3m30,JYT_2000_90_single,2000,41.552
X3-LR8-800/1600-e3m30,JYT_2000_90_inband_min,2000,35.564
X3-LR8-800/1600-e3m30,JYT_4000_30_single,4000,48.642
X3-LR8-800/1600-e3m30,JYT_4000_30_inband_min,4000,43.442
X3-LR8-800/1600-e3m30,JYT_4000_90_single,4000,47.608
X3-LR8-800/1600-e3m30,JYT_4000_90_inband_min,4000,43.410
X3-LR8-800/1600-e3m30,BW_1k_deg,1000,33.869
X3-LR8-800/1600-e3m30,BW_2k_deg,2000,19.720
X3-LR8-800/1600-e3m30,JYT_worst_grade,0,1
DDC-BW30,R90_band,1000,31.668
DDC-BW30,sector60_90_worst_band,1000,31.668
DDC-BW30,err_floor_band,1000,31.337
DDC-BW30,onaxis_fulldrive_vs_D20_band,1000,-16.182
DDC-BW30,R90_band,1250,31.698
DDC-BW30,sector60_90_worst_band,1250,31.698
DDC-BW30,err_floor_band,1250,30.360
DDC-BW30,onaxis_fulldrive_vs_D20_band,1250,-16.182
DDC-BW30,R90_band,1600,31.681
DDC-BW30,sector60_90_worst_band,1600,31.681
DDC-BW30,err_floor_band,1600,29.271
DDC-BW30,onaxis_fulldrive_vs_D20_band,1600,-16.182
DDC-BW30,R90_band,2000,31.895
DDC-BW30,sector60_90_worst_band,2000,31.895
DDC-BW30,err_floor_band,2000,28.277
DDC-BW30,onaxis_fulldrive_vs_D20_band,2000,-16.182
DDC-BW30,R90_band,2500,30.596
DDC-BW30,sector60_90_worst_band,2500,30.596
DDC-BW30,err_floor_band,2500,27.251
DDC-BW30,onaxis_fulldrive_vs_D20_band,2500,-16.182
DDC-BW30,R90_band,3150,30.352
DDC-BW30,sector60_90_worst_band,3150,30.352
DDC-BW30,err_floor_band,3150,26.242
DDC-BW30,onaxis_fulldrive_vs_D20_band,3150,-16.182
DDC-BW30,R90_band,4000,8.504
DDC-BW30,sector60_90_worst_band,4000,8.504
DDC-BW30,err_floor_band,4000,24.931
DDC-BW30,onaxis_fulldrive_vs_D20_band,4000,-16.182
DDC-BW30,JYT_500_30_single,500,2.369
DDC-BW30,JYT_500_30_inband_min,500,1.869
DDC-BW30,JYT_500_90_single,500,10.506
DDC-BW30,JYT_500_90_inband_min,500,8.073
DDC-BW30,JYT_1000_30_single,1000,8.191
DDC-BW30,JYT_1000_30_inband_min,1000,8.073
DDC-BW30,JYT_1000_90_single,1000,31.693
DDC-BW30,JYT_1000_90_inband_min,1000,31.601
DDC-BW30,JYT_2000_30_single,2000,8.158
DDC-BW30,JYT_2000_30_inband_min,2000,8.138
DDC-BW30,JYT_2000_90_single,2000,31.860
DDC-BW30,JYT_2000_90_inband_min,2000,31.045
DDC-BW30,JYT_4000_30_single,4000,7.479
DDC-BW30,JYT_4000_30_inband_min,4000,7.396
DDC-BW30,JYT_4000_90_single,4000,9.692
DDC-BW30,JYT_4000_90_inband_min,4000,4.156
DDC-BW30,BW_1k_deg,1000,51.436
DDC-BW30,BW_2k_deg,2000,51.595
DDC-BW30,JYT_worst_grade,0,0
DDC-BW40,R90_band,1000,22.968
DDC-BW40,sector60_90_worst_band,1000,15.238
DDC-BW40,err_floor_band,1000,30.088
DDC-BW40,onaxis_fulldrive_vs_D20_band,1000,-16.182
DDC-BW40,R90_band,1250,22.956
DDC-BW40,sector60_90_worst_band,1250,15.236
DDC-BW40,err_floor_band,1250,29.110
DDC-BW40,onaxis_fulldrive_vs_D20_band,1250,-16.182
DDC-BW40,R90_band,1600,22.891
DDC-BW40,sector60_90_worst_band,1600,15.244
DDC-BW40,err_floor_band,1600,28.026
DDC-BW40,onaxis_fulldrive_vs_D20_band,1600,-16.182
DDC-BW40,R90_band,2000,23.420
DDC-BW40,sector60_90_worst_band,2000,15.326
DDC-BW40,err_floor_band,2000,27.012
DDC-BW40,onaxis_fulldrive_vs_D20_band,2000,-16.182
DDC-BW40,R90_band,2500,21.252
DDC-BW40,sector60_90_worst_band,2500,14.832
DDC-BW40,err_floor_band,2500,26.050
DDC-BW40,onaxis_fulldrive_vs_D20_band,2500,-16.182
DDC-BW40,R90_band,3150,20.343
DDC-BW40,sector60_90_worst_band,3150,16.249
DDC-BW40,err_floor_band,3150,24.806
DDC-BW40,onaxis_fulldrive_vs_D20_band,3150,-16.182
DDC-BW40,R90_band,4000,6.985
DDC-BW40,sector60_90_worst_band,4000,6.985
DDC-BW40,err_floor_band,4000,24.298
DDC-BW40,onaxis_fulldrive_vs_D20_band,4000,-16.182
DDC-BW40,JYT_500_30_single,500,2.369
DDC-BW40,JYT_500_30_inband_min,500,1.869
DDC-BW40,JYT_500_90_single,500,10.506
DDC-BW40,JYT_500_90_inband_min,500,8.073
DDC-BW40,JYT_1000_30_single,1000,4.398
DDC-BW40,JYT_1000_30_inband_min,1000,4.375
DDC-BW40,JYT_1000_90_single,1000,22.955
DDC-BW40,JYT_1000_90_inband_min,1000,22.918
DDC-BW40,JYT_2000_30_single,2000,4.285
DDC-BW40,JYT_2000_30_inband_min,2000,4.283
DDC-BW40,JYT_2000_90_single,2000,23.775
DDC-BW40,JYT_2000_90_inband_min,2000,22.631
DDC-BW40,JYT_4000_30_single,4000,5.450
DDC-BW40,JYT_4000_30_inband_min,4000,4.106
DDC-BW40,JYT_4000_90_single,4000,7.336
DDC-BW40,JYT_4000_90_inband_min,4000,3.913
DDC-BW40,BW_1k_deg,1000,70.659
DDC-BW40,BW_2k_deg,2000,71.518
DDC-BW40,JYT_worst_grade,0,0
Legendre-only,R90_band,1000,35.818
Legendre-only,sector60_90_worst_band,1000,28.738
Legendre-only,err_floor_band,1000,32.611
Legendre-only,onaxis_fulldrive_vs_D20_band,1000,-2.253
Legendre-only,R90_band,1250,35.839
Legendre-only,sector60_90_worst_band,1250,34.323
Legendre-only,err_floor_band,1250,32.602
Legendre-only,onaxis_fulldrive_vs_D20_band,1250,-2.253
Legendre-only,R90_band,1600,40.967
Legendre-only,sector60_90_worst_band,1600,39.944
Legendre-only,err_floor_band,1600,32.584
Legendre-only,onaxis_fulldrive_vs_D20_band,1600,-2.253
Legendre-only,R90_band,2000,46.968
Legendre-only,sector60_90_worst_band,2000,42.839
Legendre-only,err_floor_band,2000,32.559
Legendre-only,onaxis_fulldrive_vs_D20_band,2000,-2.253
Legendre-only,R90_band,2500,52.036
Legendre-only,sector60_90_worst_band,2500,48.300
Legendre-only,err_floor_band,2500,32.521
Legendre-only,onaxis_fulldrive_vs_D20_band,2500,-2.253
Legendre-only,R90_band,3150,61.957
Legendre-only,sector60_90_worst_band,3150,58.261
Legendre-only,err_floor_band,3150,32.458
Legendre-only,onaxis_fulldrive_vs_D20_band,3150,-2.253
Legendre-only,R90_band,4000,49.124
Legendre-only,sector60_90_worst_band,4000,49.080
Legendre-only,err_floor_band,4000,32.357
Legendre-only,onaxis_fulldrive_vs_D20_band,4000,-2.253
Legendre-only,JYT_500_30_single,500,3.429
Legendre-only,JYT_500_30_inband_min,500,2.691
Legendre-only,JYT_500_90_single,500,17.558
Legendre-only,JYT_500_90_inband_min,500,12.718
Legendre-only,JYT_1000_30_single,1000,17.558
Legendre-only,JYT_1000_30_inband_min,1000,12.718
Legendre-only,JYT_1000_90_single,1000,44.358
Legendre-only,JYT_1000_90_inband_min,1000,31.431
Legendre-only,JYT_2000_30_single,2000,44.358
Legendre-only,JYT_2000_30_inband_min,2000,31.431
Legendre-only,JYT_2000_90_single,2000,45.635
Legendre-only,JYT_2000_90_inband_min,2000,43.415
Legendre-only,JYT_4000_30_single,4000,45.635
Legendre-only,JYT_4000_30_inband_min,4000,43.415
Legendre-only,JYT_4000_90_single,4000,48.677
Legendre-only,JYT_4000_90_inband_min,4000,43.403
Legendre-only,BW_1k_deg,1000,37.818
Legendre-only,BW_2k_deg,2000,18.650
Legendre-only,JYT_worst_grade,0,2
CBT-arc20,R90_band,1000,33.269
CBT-arc20,sector60_90_worst_band,1000,27.110
CBT-arc20,err_floor_band,1000,32.519
CBT-arc20,onaxis_fulldrive_vs_D20_band,1000,-2.345
CBT-arc20,R90_band,1250,34.471
CBT-arc20,sector60_90_worst_band,1250,32.488
CBT-arc20,err_floor_band,1250,32.458
CBT-arc20,onaxis_fulldrive_vs_D20_band,1250,-2.397
CBT-arc20,R90_band,1600,39.365
CBT-arc20,sector60_90_worst_band,1600,37.464
CBT-arc20,err_floor_band,1600,32.349
CBT-arc20,onaxis_fulldrive_vs_D20_band,1600,-2.488
CBT-arc20,R90_band,2000,44.450
CBT-arc20,sector60_90_worst_band,2000,40.464
CBT-arc20,err_floor_band,2000,32.194
CBT-arc20,onaxis_fulldrive_vs_D20_band,2000,-2.619
CBT-arc20,R90_band,2500,49.246
CBT-arc20,sector60_90_worst_band,2500,45.375
CBT-arc20,err_floor_band,2500,31.954
CBT-arc20,onaxis_fulldrive_vs_D20_band,2500,-2.820
CBT-arc20,R90_band,3150,52.787
CBT-arc20,sector60_90_worst_band,3150,50.553
CBT-arc20,err_floor_band,3150,31.569
CBT-arc20,onaxis_fulldrive_vs_D20_band,3150,-3.143
CBT-arc20,R90_band,4000,40.096
CBT-arc20,sector60_90_worst_band,4000,40.096
CBT-arc20,err_floor_band,4000,30.954
CBT-arc20,onaxis_fulldrive_vs_D20_band,4000,-3.658
CBT-arc20,JYT_500_30_single,500,3.409
CBT-arc20,JYT_500_30_inband_min,500,2.680
CBT-arc20,JYT_500_90_single,500,16.984
CBT-arc20,JYT_500_90_inband_min,500,12.541
CBT-arc20,JYT_1000_30_single,1000,15.607
CBT-arc20,JYT_1000_30_inband_min,1000,12.047
CBT-arc20,JYT_1000_90_single,1000,36.356
CBT-arc20,JYT_1000_90_inband_min,1000,29.892
CBT-arc20,JYT_2000_30_single,2000,29.437
CBT-arc20,JYT_2000_30_inband_min,2000,26.427
CBT-arc20,JYT_2000_90_single,2000,43.787
CBT-arc20,JYT_2000_90_inband_min,2000,41.724
CBT-arc20,JYT_4000_30_single,4000,39.116
CBT-arc20,JYT_4000_30_inband_min,4000,37.449
CBT-arc20,JYT_4000_90_single,4000,42.416
CBT-arc20,JYT_4000_90_inband_min,4000,34.471
CBT-arc20,BW_1k_deg,1000,38.392
CBT-arc20,BW_2k_deg,2000,19.836
CBT-arc20,JYT_worst_grade,0,2
CBT-arc20-int,R90_band,1000,33.846
CBT-arc20-int,sector60_90_worst_band,1000,26.480
CBT-arc20-int,err_floor_band,1000,32.490
CBT-arc20-int,onaxis_fulldrive_vs_D20_band,1000,-2.375
CBT-arc20-int,R90_band,1250,34.991
CBT-arc20-int,sector60_90_worst_band,1250,34.007
CBT-arc20-int,err_floor_band,1250,32.411
CBT-arc20-int,onaxis_fulldrive_vs_D20_band,1250,-2.444
CBT-arc20-int,R90_band,1600,35.074
CBT-arc20-int,sector60_90_worst_band,1600,33.859
CBT-arc20-int,err_floor_band,1600,32.273
CBT-arc20-int,onaxis_fulldrive_vs_D20_band,1600,-2.564
CBT-arc20-int,R90_band,2000,35.366
CBT-arc20-int,sector60_90_worst_band,2000,35.366
CBT-arc20-int,err_floor_band,2000,32.075
CBT-arc20-int,onaxis_fulldrive_vs_D20_band,2000,-2.738
CBT-arc20-int,R90_band,2500,27.874
CBT-arc20-int,sector60_90_worst_band,2500,27.872
CBT-arc20-int,err_floor_band,2500,31.767
CBT-arc20-int,onaxis_fulldrive_vs_D20_band,2500,-3.007
CBT-arc20-int,R90_band,3150,29.852
CBT-arc20-int,sector60_90_worst_band,3150,26.749
CBT-arc20-int,err_floor_band,3150,31.272
CBT-arc20-int,onaxis_fulldrive_vs_D20_band,3150,-3.441
CBT-arc20-int,R90_band,4000,24.972
CBT-arc20-int,sector60_90_worst_band,4000,23.508
CBT-arc20-int,err_floor_band,4000,30.476
CBT-arc20-int,onaxis_fulldrive_vs_D20_band,4000,-4.138
CBT-arc20-int,JYT_500_30_single,500,3.405
CBT-arc20-int,JYT_500_30_inband_min,500,2.677
CBT-arc20-int,JYT_500_90_single,500,16.814
CBT-arc20-int,JYT_500_90_inband_min,500,12.491
CBT-arc20-int,JYT_1000_30_single,1000,15.124
CBT-arc20-int,JYT_1000_30_inband_min,1000,11.871
CBT-arc20-int,JYT_1000_90_single,1000,38.245
CBT-arc20-int,JYT_1000_90_inband_min,1000,29.362
CBT-arc20-int,JYT_2000_30_single,2000,29.296
CBT-arc20-int,JYT_2000_30_inband_min,2000,25.058
CBT-arc20-int,JYT_2000_90_single,2000,35.372
CBT-arc20-int,JYT_2000_90_inband_min,2000,31.452
CBT-arc20-int,JYT_4000_30_single,4000,30.221
CBT-arc20-int,JYT_4000_30_inband_min,4000,22.364
CBT-arc20-int,JYT_4000_90_single,4000,24.145
CBT-arc20-int,JYT_4000_90_inband_min,4000,22.934
CBT-arc20-int,BW_1k_deg,1000,38.529
CBT-arc20-int,BW_2k_deg,2000,20.172
CBT-arc20-int,JYT_worst_grade,0,2
CBT-arc30,R90_band,1000,30.920
CBT-arc30,sector60_90_worst_band,1000,25.479
CBT-arc30,err_floor_band,1000,32.405
CBT-arc30,onaxis_fulldrive_vs_D20_band,1000,-2.460
CBT-arc30,R90_band,1250,32.886
CBT-arc30,sector60_90_worst_band,1250,30.129
CBT-arc30,err_floor_band,1250,32.280
CBT-arc30,onaxis_fulldrive_vs_D20_band,1250,-2.575
CBT-arc30,R90_band,1600,37.499
CBT-arc30,sector60_90_worst_band,1600,34.864
CBT-arc30,err_floor_band,1600,32.061
CBT-arc30,onaxis_fulldrive_vs_D20_band,1600,-2.776
CBT-arc30,R90_band,2000,41.860
CBT-arc30,sector60_90_worst_band,2000,37.905
CBT-arc30,err_floor_band,2000,31.751
CBT-arc30,onaxis_fulldrive_vs_D20_band,2000,-3.062
CBT-arc30,R90_band,2500,46.339
CBT-arc30,sector60_90_worst_band,2500,42.147
CBT-arc30,err_floor_band,2500,31.280
CBT-arc30,onaxis_fulldrive_vs_D20_band,2500,-3.495
CBT-arc30,R90_band,3150,47.638
CBT-arc30,sector60_90_worst_band,3150,45.741
CBT-arc30,err_floor_band,3150,30.553
CBT-arc30,onaxis_fulldrive_vs_D20_band,3150,-4.162
CBT-arc30,R90_band,4000,32.989
CBT-arc30,sector60_90_worst_band,4000,32.989
CBT-arc30,err_floor_band,4000,29.474
CBT-arc30,onaxis_fulldrive_vs_D20_band,4000,-5.143
CBT-arc30,JYT_500_30_single,500,3.384
CBT-arc30,JYT_500_30_inband_min,500,2.665
CBT-arc30,JYT_500_90_single,500,16.360
CBT-arc30,JYT_500_90_inband_min,500,12.329
CBT-arc30,JYT_1000_30_single,1000,13.976
CBT-arc30,JYT_1000_30_inband_min,1000,11.329
CBT-arc30,JYT_1000_90_single,1000,32.544
CBT-arc30,JYT_1000_90_inband_min,1000,28.281
CBT-arc30,JYT_2000_30_single,2000,24.163
CBT-arc30,JYT_2000_30_inband_min,2000,22.575
CBT-arc30,JYT_2000_90_single,2000,41.664
CBT-arc30,JYT_2000_90_inband_min,2000,39.787
CBT-arc30,JYT_4000_30_single,4000,32.831
CBT-arc30,JYT_4000_30_inband_min,4000,31.471
CBT-arc30,JYT_4000_90_single,4000,36.154
CBT-arc30,JYT_4000_90_inband_min,4000,25.922
CBT-arc30,BW_1k_deg,1000,39.153
CBT-arc30,BW_2k_deg,2000,21.709
CBT-arc30,JYT_worst_grade,0,3
CBT-arc30-int,R90_band,1000,32.963
CBT-arc30-int,sector60_90_worst_band,1000,24.371
CBT-arc30-int,err_floor_band,1000,32.387
CBT-arc30-int,onaxis_fulldrive_vs_D20_band,1000,-2.478
CBT-arc30-int,R90_band,1250,34.284
CBT-arc30-int,sector60_90_worst_band,1250,33.218
CBT-arc30-int,err_floor_band,1250,32.251
CBT-arc30-int,onaxis_fulldrive_vs_D20_band,1250,-2.604
CBT-arc30-int,R90_band,1600,37.698
CBT-arc30-int,sector60_90_worst_band,1600,37.698
CBT-arc30-int,err_floor_band,1600,32.011
CBT-arc30-int,onaxis_fulldrive_vs_D20_band,1600,-2.827
CBT-arc30-int,R90_band,2000,32.059
CBT-arc30-int,sector60_90_worst_band,2000,31.650
CBT-arc30-int,err_floor_band,2000,31.666
CBT-arc30-int,onaxis_fulldrive_vs_D20_band,2000,-3.148
CBT-arc30-int,R90_band,2500,36.537
CBT-arc30-int,sector60_90_worst_band,2500,31.314
CBT-arc30-int,err_floor_band,2500,31.131
CBT-arc30-int,onaxis_fulldrive_vs_D20_band,2500,-3.645
CBT-arc30-int,R90_band,3150,35.578
CBT-arc30-int,sector60_90_worst_band,3150,35.244
CBT-arc30-int,err_floor_band,3150,30.273
CBT-arc30-int,onaxis_fulldrive_vs_D20_band,3150,-4.444
CBT-arc30-int,R90_band,4000,26.023
CBT-arc30-int,sector60_90_worst_band,4000,26.023
CBT-arc30-int,err_floor_band,4000,28.901
CBT-arc30-int,onaxis_fulldrive_vs_D20_band,4000,-5.721
CBT-arc30-int,JYT_500_30_single,500,3.388
CBT-arc30-int,JYT_500_30_inband_min,500,2.668
CBT-arc30-int,JYT_500_90_single,500,16.222
CBT-arc30-int,JYT_500_90_inband_min,500,12.305
CBT-arc30-int,JYT_1000_30_single,1000,13.648
CBT-arc30-int,JYT_1000_30_inband_min,1000,11.249
CBT-arc30-int,JYT_1000_90_single,1000,40.414
CBT-arc30-int,JYT_1000_90_inband_min,1000,27.406
CBT-arc30-int,JYT_2000_30_single,2000,26.479
CBT-arc30-int,JYT_2000_30_inband_min,2000,21.345
CBT-arc30-int,JYT_2000_90_single,2000,31.240
CBT-arc30-int,JYT_2000_90_inband_min,2000,31.083
CBT-arc30-int,JYT_4000_30_single,4000,23.116
CBT-arc30-int,JYT_4000_30_inband_min,4000,22.024
CBT-arc30-int,JYT_4000_90_single,4000,24.580
CBT-arc30-int,JYT_4000_90_inband_min,4000,22.189
CBT-arc30-int,BW_1k_deg,1000,39.102
CBT-arc30-int,BW_2k_deg,2000,21.781
CBT-arc30-int,JYT_worst_grade,0,3
CBT-arc45,R90_band,1000,27.238
CBT-arc45,sector60_90_worst_band,1000,22.714
CBT-arc45,err_floor_band,1000,32.152
CBT-arc45,onaxis_fulldrive_vs_D20_band,1000,-2.713
CBT-arc45,R90_band,1250,29.787
CBT-arc45,sector60_90_worst_band,1250,26.216
CBT-arc45,err_floor_band,1250,31.890
CBT-arc45,onaxis_fulldrive_vs_D20_band,1250,-2.965
CBT-arc45,R90_band,1600,33.762
CBT-arc45,sector60_90_worst_band,1600,30.252
CBT-arc45,err_floor_band,1600,31.440
CBT-arc45,onaxis_fulldrive_vs_D20_band,1600,-3.399
CBT-arc45,R90_band,2000,37.141
CBT-arc45,sector60_90_worst_band,2000,33.058
CBT-arc45,err_floor_band,2000,30.823
CBT-arc45,onaxis_fulldrive_vs_D20_band,2000,-3.992
CBT-arc45,R90_band,2500,40.878
CBT-arc45,sector60_90_worst_band,2500,36.157
CBT-arc45,err_floor_band,2500,29.946
CBT-arc45,onaxis_fulldrive_vs_D20_band,2500,-4.833
CBT-arc45,R90_band,3150,40.150
CBT-arc45,sector60_90_worst_band,3150,38.373
CBT-arc45,err_floor_band,3150,28.766
CBT-arc45,onaxis_fulldrive_vs_D20_band,3150,-5.953
CBT-arc45,R90_band,4000,23.096
CBT-arc45,sector60_90_worst_band,4000,23.096
CBT-arc45,err_floor_band,4000,27.452
CBT-arc45,onaxis_fulldrive_vs_D20_band,4000,-7.164
CBT-arc45,JYT_500_30_single,500,3.326
CBT-arc45,JYT_500_30_inband_min,500,2.632
CBT-arc45,JYT_500_90_single,500,15.217
CBT-arc45,JYT_500_90_inband_min,500,11.887
CBT-arc45,JYT_1000_30_single,1000,11.640
CBT-arc45,JYT_1000_30_inband_min,1000,10.039
CBT-arc45,JYT_1000_90_single,1000,27.882
CBT-arc45,JYT_1000_90_inband_min,1000,25.460
CBT-arc45,JYT_2000_30_single,2000,17.982
CBT-arc45,JYT_2000_30_inband_min,2000,17.327
CBT-arc45,JYT_2000_90_single,2000,37.400
CBT-arc45,JYT_2000_90_inband_min,2000,35.835
CBT-arc45,JYT_4000_30_single,4000,23.006
CBT-arc45,JYT_4000_30_inband_min,4000,22.120
CBT-arc45,JYT_4000_90_single,4000,26.894
CBT-arc45,JYT_4000_90_inband_min,4000,15.881
CBT-arc45,BW_1k_deg,1000,41.058
CBT-arc45,BW_2k_deg,2000,27.874
CBT-arc45,JYT_worst_grade,0,0
CBT-arc45-int,R90_band,1000,25.775
CBT-arc45-int,sector60_90_worst_band,1000,22.451
CBT-arc45-int,err_floor_band,1000,32.090
CBT-arc45-int,onaxis_fulldrive_vs_D20_band,1000,-2.775
CBT-arc45-int,R90_band,1250,26.970
CBT-arc45-int,sector60_90_worst_band,1250,23.981
CBT-arc45-int,err_floor_band,1250,31.794
CBT-arc45-int,onaxis_fulldrive_vs_D20_band,1250,-3.062
CBT-arc45-int,R90_band,1600,36.030
CBT-arc45-int,sector60_90_worst_band,1600,28.065
CBT-arc45-int,err_floor_band,1600,31.283
CBT-arc45-int,onaxis_fulldrive_vs_D20_band,1600,-3.556
CBT-arc45-int,R90_band,2000,34.813
CBT-arc45-int,sector60_90_worst_band,2000,34.813
CBT-arc45-int,err_floor_band,2000,30.583
CBT-arc45-int,onaxis_fulldrive_vs_D20_band,2000,-4.233
CBT-arc45-int,R90_band,2500,31.419
CBT-arc45-int,sector60_90_worst_band,2500,30.958
CBT-arc45-int,err_floor_band,2500,29.592
CBT-arc45-int,onaxis_fulldrive_vs_D20_band,2500,-5.188
CBT-arc45-int,R90_band,3150,28.631
CBT-arc45-int,sector60_90_worst_band,3150,28.583
CBT-arc45-int,err_floor_band,3150,28.281
CBT-arc45-int,onaxis_fulldrive_vs_D20_band,3150,-6.439
CBT-arc45-int,R90_band,4000,19.574
CBT-arc45-int,sector60_90_worst_band,4000,19.574
CBT-arc45-int,err_floor_band,4000,26.933
CBT-arc45-int,onaxis_fulldrive_vs_D20_band,4000,-7.682
CBT-arc45-int,JYT_500_30_single,500,3.315
CBT-arc45-int,JYT_500_30_inband_min,500,2.625
CBT-arc45-int,JYT_500_90_single,500,14.968
CBT-arc45-int,JYT_500_90_inband_min,500,11.785
CBT-arc45-int,JYT_1000_30_single,1000,11.181
CBT-arc45-int,JYT_1000_30_inband_min,1000,9.764
CBT-arc45-int,JYT_1000_90_single,1000,26.242
CBT-arc45-int,JYT_1000_90_inband_min,1000,24.871
CBT-arc45-int,JYT_2000_30_single,2000,16.956
CBT-arc45-int,JYT_2000_30_inband_min,2000,16.445
CBT-arc45-int,JYT_2000_90_single,2000,35.223
CBT-arc45-int,JYT_2000_90_inband_min,2000,31.238
CBT-arc45-int,JYT_4000_30_single,4000,24.231
CBT-arc45-int,JYT_4000_30_inband_min,4000,18.193
CBT-arc45-int,JYT_4000_90_single,4000,28.376
CBT-arc45-int,JYT_4000_90_inband_min,4000,11.534
CBT-arc45-int,BW_1k_deg,1000,41.548
CBT-arc45-int,BW_2k_deg,2000,30.068
CBT-arc45-int,JYT_worst_grade,0,0
CBT-arc60,R90_band,1000,23.802
CBT-arc60,sector60_90_worst_band,1000,19.948
CBT-arc60,err_floor_band,1000,31.808
CBT-arc60,onaxis_fulldrive_vs_D20_band,1000,-3.057
CBT-arc60,R90_band,1250,26.308
CBT-arc60,sector60_90_worst_band,1250,22.473
CBT-arc60,err_floor_band,1250,31.371
CBT-arc60,onaxis_fulldrive_vs_D20_band,1250,-3.485
CBT-arc60,R90_band,1600,29.426
CBT-arc60,sector60_90_worst_band,1600,25.514
CBT-arc60,err_floor_band,1600,30.646
CBT-arc60,onaxis_fulldrive_vs_D20_band,1600,-4.195
CBT-arc60,R90_band,2000,31.931
CBT-arc60,sector60_90_worst_band,2000,27.691
CBT-arc60,err_floor_band,2000,29.723
CBT-arc60,onaxis_fulldrive_vs_D20_band,2000,-5.095
CBT-arc60,R90_band,2500,34.776
CBT-arc60,sector60_90_worst_band,2500,29.796
CBT-arc60,err_floor_band,2500,28.588
CBT-arc60,onaxis_fulldrive_vs_D20_band,2500,-6.193
CBT-arc60,R90_band,3150,32.911
CBT-arc60,sector60_90_worst_band,3150,31.180
CBT-arc60,err_floor_band,3150,27.417
CBT-arc60,onaxis_fulldrive_vs_D20_band,3150,-7.300
CBT-arc60,R90_band,4000,16.043
CBT-arc60,sector60_90_worst_band,4000,16.043
CBT-arc60,err_floor_band,4000,26.389
CBT-arc60,onaxis_fulldrive_vs_D20_band,4000,-8.225
CBT-arc60,JYT_500_30_single,500,3.247
CBT-arc60,JYT_500_30_inband_min,500,2.585
CBT-arc60,JYT_500_90_single,500,14.004
CBT-arc60,JYT_500_90_inband_min,500,11.335
CBT-arc60,JYT_1000_30_single,1000,9.629
CBT-arc60,JYT_1000_30_inband_min,1000,8.696
CBT-arc60,JYT_1000_90_single,1000,24.051
CBT-arc60,JYT_1000_90_inband_min,1000,22.590
CBT-arc60,JYT_2000_30_single,2000,13.221
CBT-arc60,JYT_2000_30_inband_min,2000,13.001
CBT-arc60,JYT_2000_90_single,2000,32.306
CBT-arc60,JYT_2000_90_inband_min,2000,30.932
CBT-arc60,JYT_4000_30_single,4000,15.322
CBT-arc60,JYT_4000_30_inband_min,4000,15.217
CBT-arc60,JYT_4000_90_single,4000,19.537
CBT-arc60,JYT_4000_90_inband_min,4000,9.780
CBT-arc60,BW_1k_deg,1000,44.234
CBT-arc60,BW_2k_deg,2000,36.521
CBT-arc60,JYT_worst_grade,0,0
CBT-arc60-int,R90_band,1000,23.691
CBT-arc60-int,sector60_90_worst_band,1000,19.673
CBT-arc60-int,err_floor_band,1000,31.802
CBT-arc60-int,onaxis_fulldrive_vs_D20_band,1000,-3.064
CBT-arc60-int,R90_band,1250,28.706
CBT-arc60-int,sector60_90_worst_band,1250,22.738
CBT-arc60-int,err_floor_band,1250,31.358
CBT-arc60-int,onaxis_fulldrive_vs_D20_band,1250,-3.498
CBT-arc60-int,R90_band,1600,24.286
CBT-arc60-int,sector60_90_worst_band,1600,24.268
CBT-arc60-int,err_floor_band,1600,30.618
CBT-arc60-int,onaxis_fulldrive_vs_D20_band,1600,-4.223
CBT-arc60-int,R90_band,2000,26.535
CBT-arc60-int,sector60_90_worst_band,2000,22.239
CBT-arc60-int,err_floor_band,2000,29.670
CBT-arc60-int,onaxis_fulldrive_vs_D20_band,2000,-5.149
CBT-arc60-int,R90_band,2500,34.861
CBT-arc60-int,sector60_90_worst_band,2500,24.822
CBT-arc60-int,err_floor_band,2500,28.515
CBT-arc60-int,onaxis_fulldrive_vs_D20_band,2500,-6.266
CBT-arc60-int,R90_band,3150,36.512
CBT-arc60-int,sector60_90_worst_band,3150,32.805
CBT-arc60-int,err_floor_band,3150,27.415
CBT-arc60-int,onaxis_fulldrive_vs_D20_band,3150,-7.300
CBT-arc60-int,R90_band,4000,15.734
CBT-arc60-int,sector60_90_worst_band,4000,15.734
CBT-arc60-int,err_floor_band,4000,26.654
CBT-arc60-int,onaxis_fulldrive_vs_D20_band,4000,-7.957
CBT-arc60-int,JYT_500_30_single,500,3.249
CBT-arc60-int,JYT_500_30_inband_min,500,2.587
CBT-arc60-int,JYT_500_90_single,500,13.990
CBT-arc60-int,JYT_500_90_inband_min,500,11.334
CBT-arc60-int,JYT_1000_30_single,1000,9.605
CBT-arc60-int,JYT_1000_30_inband_min,1000,8.686
CBT-arc60-int,JYT_1000_90_single,1000,23.776
CBT-arc60-int,JYT_1000_90_inband_min,1000,22.247
CBT-arc60-int,JYT_2000_30_single,2000,12.237
CBT-arc60-int,JYT_2000_30_inband_min,2000,12.233
CBT-arc60-int,JYT_2000_90_single,2000,26.809
CBT-arc60-int,JYT_2000_90_inband_min,2000,24.425
CBT-arc60-int,JYT_4000_30_single,4000,13.989
CBT-arc60-int,JYT_4000_30_inband_min,4000,13.289
CBT-arc60-int,JYT_4000_90_single,4000,15.073
CBT-arc60-int,JYT_4000_90_inband_min,4000,13.073
CBT-arc60-int,BW_1k_deg,1000,44.245
CBT-arc60-int,BW_2k_deg,2000,36.347
CBT-arc60-int,JYT_worst_grade,0,0
