# 1/24-octave band-averaged PSD of each file's 35 s steady part (exact DFT of the delivered bytes), dB re that file's mean in-band PSD. [L2 tool]
f_centre_Hz,s7ff_v1_0500Hz_0dB.wav,s7ff_v1_0500Hz_m10dB.wav,s7ff_v1_0500Hz_m20dB.wav,s7ff_v1_0500Hz_m30dB.wav,s7ff_v1_0500Hz_m40dB.wav,s7ff_v1_0630Hz_0dB.wav,s7ff_v1_0630Hz_m10dB.wav,s7ff_v1_0630Hz_m20dB.wav,s7ff_v1_0630Hz_m30dB.wav,s7ff_v1_0630Hz_m40dB.wav,s7ff_v1_0800Hz_0dB.wav,s7ff_v1_0800Hz_m10dB.wav,s7ff_v1_0800Hz_m20dB.wav,s7ff_v1_0800Hz_m30dB.wav,s7ff_v1_0800Hz_m40dB.wav,s7ff_v1_1000Hz_0dB.wav,s7ff_v1_1000Hz_m10dB.wav,s7ff_v1_1000Hz_m20dB.wav,s7ff_v1_1000Hz_m30dB.wav,s7ff_v1_1000Hz_m40dB.wav,s7ff_v1_1250Hz_0dB.wav,s7ff_v1_1250Hz_m10dB.wav,s7ff_v1_1250Hz_m20dB.wav,s7ff_v1_1250Hz_m30dB.wav,s7ff_v1_1250Hz_m40dB.wav,s7ff_v1_1600Hz_0dB.wav,s7ff_v1_1600Hz_m10dB.wav,s7ff_v1_1600Hz_m20dB.wav,s7ff_v1_1600Hz_m30dB.wav,s7ff_v1_1600Hz_m40dB.wav,s7ff_v1_2000Hz_0dB.wav,s7ff_v1_2000Hz_m10dB.wav,s7ff_v1_2000Hz_m20dB.wav,s7ff_v1_2000Hz_m30dB.wav,s7ff_v1_2000Hz_m40dB.wav,s7ff_v1_2500Hz_0dB.wav,s7ff_v1_2500Hz_m10dB.wav,s7ff_v1_2500Hz_m20dB.wav,s7ff_v1_2500Hz_m30dB.wav,s7ff_v1_2500Hz_m40dB.wav,s7ff_v1_3150Hz_0dB.wav,s7ff_v1_3150Hz_m10dB.wav,s7ff_v1_3150Hz_m20dB.wav,s7ff_v1_3150Hz_m30dB.wav,s7ff_v1_3150Hz_m40dB.wav,s7ff_v1_4000Hz_0dB.wav,s7ff_v1_4000Hz_m10dB.wav,s7ff_v1_4000Hz_m20dB.wav,s7ff_v1_4000Hz_m30dB.wav,s7ff_v1_4000Hz_m40dB.wav,s7ff_v1_5000Hz_0dB.wav,s7ff_v1_5000Hz_m10dB.wav,s7ff_v1_5000Hz_m20dB.wav,s7ff_v1_5000Hz_m30dB.wav,s7ff_v1_5000Hz_m40dB.wav,s7ff_v1_6300Hz_0dB.wav,s7ff_v1_6300Hz_m10dB.wav,s7ff_v1_6300Hz_m20dB.wav,s7ff_v1_6300Hz_m30dB.wav,s7ff_v1_6300Hz_m40dB.wav
20.26,-149.25,-139.44,-129.36,-119.07,-110.02,-147.80,-138.19,-130.73,-119.29,-108.44,-148.33,-137.22,-126.88,-117.01,-107.65,-146.41,-136.98,-124.99,-116.65,-107.25,-144.83,-135.93,-126.93,-115.41,-105.22,-145.18,-133.52,-124.27,-113.39,-103.69,-142.52,-132.38,-125.20,-112.15,-104.63,-141.39,-133.58,-122.65,-111.18,-103.12,-141.40,-132.76,-121.15,-110.69,-101.00,-139.93,-128.92,-120.52,-111.02,-100.95,-140.52,-129.53,-119.76,-109.28,-97.91,-137.92,-127.49,-118.27,-108.71,-96.88
20.86,-149.46,-138.30,-127.70,-119.24,-109.52,-148.66,-137.48,-128.59,-119.12,-106.55,-149.20,-136.41,-127.49,-116.99,-108.61,-146.64,-138.49,-126.92,-116.08,-107.31,-145.30,-135.70,-126.56,-114.17,-106.22,-144.65,-134.32,-122.97,-112.87,-103.27,-143.26,-134.84,-121.53,-114.10,-103.31,-142.30,-132.08,-122.34,-111.92,-102.25,-139.39,-132.55,-120.83,-111.56,-100.73,-139.56,-131.39,-121.28,-109.22,-100.66,-139.87,-128.83,-119.06,-110.27,-100.25,-139.00,-126.88,-118.24,-108.31,-98.98
21.47,-149.61,-139.69,-129.28,-120.28,-111.54,-148.93,-138.81,-127.85,-119.63,-107.77,-148.26,-138.31,-128.34,-117.83,-108.25,-148.82,-136.60,-127.51,-117.66,-106.81,-146.18,-135.37,-126.01,-115.82,-105.10,-144.96,-134.37,-123.85,-114.39,-104.18,-143.79,-133.79,-123.54,-115.15,-103.75,-142.28,-131.97,-123.23,-111.75,-101.30,-141.52,-131.22,-122.34,-111.76,-100.31,-141.61,-130.29,-121.50,-111.12,-99.34,-139.87,-129.78,-119.87,-109.17,-101.49,-137.84,-128.17,-118.61,-109.56,-98.48
22.10,-151.65,-138.56,-128.68,-121.28,-109.55,-146.93,-139.66,-127.77,-119.59,-107.85,-147.80,-136.82,-128.04,-116.19,-108.46,-147.98,-136.18,-127.77,-116.50,-105.18,-146.52,-134.82,-126.77,-115.46,-104.77,-142.38,-133.39,-123.69,-113.51,-104.51,-143.74,-133.08,-124.10,-115.47,-102.57,-143.63,-134.73,-123.52,-111.29,-103.59,-141.07,-131.36,-121.23,-110.99,-102.33,-140.80,-130.18,-121.44,-111.82,-100.42,-139.70,-130.35,-120.45,-109.20,-97.96,-137.89,-127.64,-119.63,-108.67,-97.31
22.74,-149.34,-139.79,-129.62,-118.05,-109.20,-147.11,-139.90,-127.93,-119.24,-106.96,-147.89,-136.89,-127.58,-117.64,-107.81,-146.59,-137.08,-128.09,-115.60,-105.46,-145.01,-137.41,-126.04,-116.82,-104.26,-144.58,-136.10,-124.05,-114.97,-104.14,-144.51,-134.52,-123.08,-114.42,-102.96,-141.43,-133.07,-122.92,-112.56,-102.76,-142.34,-132.05,-120.16,-111.42,-100.42,-141.90,-132.31,-119.68,-111.09,-101.83,-138.47,-128.46,-119.27,-108.20,-99.48,-140.58,-128.49,-117.79,-108.76,-98.64
23.41,-150.18,-138.98,-130.11,-119.53,-110.51,-148.89,-139.12,-129.05,-117.96,-108.45,-146.76,-138.50,-128.06,-117.13,-108.30,-147.15,-138.46,-125.75,-116.83,-105.86,-145.55,-134.72,-126.04,-114.51,-104.71,-144.66,-133.31,-124.31,-115.53,-106.85,-144.90,-134.68,-122.92,-114.92,-102.87,-143.19,-132.97,-122.76,-112.24,-102.18,-140.63,-131.59,-119.58,-112.38,-100.59,-139.96,-131.13,-119.08,-111.55,-101.53,-139.62,-128.51,-118.90,-111.09,-98.83,-137.64,-129.78,-116.67,-106.88,-98.33
24.10,-149.71,-139.45,-128.54,-119.80,-108.85,-148.16,-137.46,-127.41,-117.52,-108.56,-147.22,-137.62,-128.05,-119.47,-107.61,-146.53,-137.70,-124.42,-117.40,-106.25,-146.51,-134.73,-125.97,-114.86,-106.01,-144.45,-133.85,-123.65,-112.98,-102.96,-143.60,-134.54,-124.22,-114.28,-102.16,-143.76,-132.93,-122.94,-112.60,-104.11,-142.51,-130.84,-121.83,-110.90,-100.16,-140.98,-131.28,-119.46,-112.64,-99.12,-138.84,-129.19,-119.96,-110.95,-98.81,-139.79,-128.32,-119.20,-107.75,-97.59
24.80,-149.05,-139.54,-129.84,-119.77,-110.05,-148.44,-138.74,-129.60,-117.76,-109.53,-147.27,-136.65,-126.70,-116.35,-108.25,-147.17,-136.51,-126.09,-116.56,-104.58,-145.94,-136.63,-124.80,-114.68,-105.54,-143.24,-133.23,-124.04,-114.23,-106.25,-143.10,-133.40,-122.96,-112.83,-102.81,-141.92,-132.24,-122.43,-112.96,-101.11,-141.09,-132.11,-121.42,-112.49,-101.38,-140.37,-130.31,-120.42,-109.60,-100.51,-139.52,-128.36,-120.10,-109.78,-100.68,-138.46,-128.82,-117.98,-108.62,-99.22
25.53,-150.21,-139.41,-130.26,-120.78,-109.53,-148.27,-139.19,-128.78,-117.95,-108.41,-148.78,-136.01,-126.94,-118.34,-107.61,-147.13,-135.74,-128.07,-117.64,-106.27,-144.76,-135.34,-125.46,-115.33,-105.56,-145.28,-135.41,-123.28,-113.19,-105.88,-142.37,-133.77,-124.55,-113.01,-102.94,-141.74,-131.87,-123.18,-113.70,-102.82,-141.36,-131.96,-121.71,-110.02,-103.16,-139.69,-129.37,-120.23,-112.74,-99.61,-138.44,-129.61,-120.27,-109.14,-98.93,-138.25,-129.50,-118.31,-108.79,-98.48
26.28,-150.32,-140.95,-129.39,-120.03,-109.37,-148.66,-138.46,-127.89,-119.25,-107.94,-146.85,-136.95,-127.60,-117.34,-107.20,-145.49,-135.93,-126.54,-115.48,-105.21,-145.10,-135.91,-124.85,-116.44,-105.47,-144.20,-134.04,-124.07,-114.97,-104.10,-143.17,-133.99,-123.11,-113.08,-103.88,-142.94,-131.67,-122.39,-112.92,-103.38,-140.63,-129.68,-121.17,-111.40,-101.75,-139.25,-129.54,-119.71,-110.67,-100.44,-140.78,-129.35,-119.78,-108.78,-98.75,-139.54,-127.96,-118.24,-110.04,-98.23
27.05,-149.05,-137.99,-129.07,-117.92,-108.69,-149.15,-138.22,-127.64,-118.62,-108.02,-145.80,-136.48,-128.33,-117.03,-107.16,-145.26,-136.08,-127.38,-116.57,-106.80,-144.99,-135.89,-125.34,-116.22,-105.11,-143.36,-135.60,-124.81,-114.53,-103.18,-143.59,-133.74,-125.01,-112.59,-102.10,-141.89,-132.91,-122.02,-114.56,-102.76,-141.33,-131.71,-121.86,-111.28,-100.89,-140.70,-129.63,-120.36,-110.74,-99.50,-138.82,-128.82,-119.81,-108.64,-99.72,-138.19,-127.65,-118.83,-107.88,-99.18
27.84,-150.33,-140.49,-130.62,-119.85,-109.32,-149.24,-138.53,-127.71,-119.76,-108.19,-146.36,-137.32,-128.45,-118.68,-107.25,-145.86,-135.82,-127.47,-115.83,-107.36,-145.43,-135.21,-124.45,-114.25,-107.65,-143.96,-135.64,-124.59,-115.48,-106.00,-143.96,-133.17,-125.25,-114.14,-104.17,-143.47,-132.80,-121.13,-112.86,-103.78,-141.77,-130.17,-122.38,-111.93,-102.40,-140.86,-131.06,-121.45,-111.47,-101.07,-139.62,-128.24,-120.62,-107.23,-99.57,-138.45,-127.88,-119.98,-108.24,-99.31
28.66,-150.63,-139.52,-130.03,-118.91,-109.95,-147.31,-137.71,-127.13,-117.52,-107.51,-147.63,-138.29,-127.46,-117.60,-108.14,-146.19,-136.18,-127.02,-116.58,-106.42,-144.90,-134.72,-125.99,-114.65,-106.75,-144.93,-134.92,-123.98,-115.21,-104.78,-142.91,-133.86,-123.02,-113.22,-105.25,-142.51,-131.48,-121.72,-113.16,-104.13,-143.25,-131.07,-120.96,-110.75,-101.38,-140.36,-129.88,-120.34,-111.30,-99.94,-138.70,-131.17,-120.28,-109.05,-99.39,-139.78,-128.60,-118.56,-108.63,-98.16
29.50,-148.28,-138.64,-129.06,-118.94,-110.36,-147.63,-138.92,-128.34,-119.37,-109.56,-148.25,-137.57,-126.97,-117.03,-106.71,-146.18,-136.99,-125.76,-115.87,-105.59,-146.15,-134.62,-125.05,-115.49,-104.89,-145.00,-134.01,-124.41,-113.82,-104.79,-144.01,-133.40,-123.04,-112.32,-102.58,-141.21,-133.21,-123.00,-112.02,-102.13,-141.91,-130.34,-121.03,-112.14,-100.97,-140.18,-130.04,-120.44,-110.01,-100.91,-139.36,-128.89,-119.54,-109.99,-100.67,-137.94,-128.25,-117.51,-109.62,-97.52
30.36,-149.92,-139.11,-128.74,-118.79,-111.78,-146.98,-139.41,-129.40,-119.08,-108.15,-148.79,-136.00,-127.75,-116.68,-107.17,-145.89,-137.87,-125.31,-115.78,-107.32,-144.86,-135.30,-124.96,-115.89,-106.97,-143.77,-133.85,-124.48,-113.86,-104.09,-143.78,-134.38,-123.27,-114.01,-103.81,-142.10,-134.56,-123.71,-110.82,-102.47,-141.78,-131.39,-121.36,-111.38,-100.74,-139.96,-131.34,-118.62,-109.49,-101.15,-140.37,-128.08,-120.03,-109.32,-99.16,-138.19,-127.90,-117.81,-108.68,-99.70
31.25,-149.12,-138.69,-131.18,-118.65,-109.97,-148.42,-137.46,-129.21,-120.02,-107.74,-147.06,-137.46,-127.25,-118.48,-108.93,-145.56,-136.84,-125.54,-116.70,-107.18,-144.73,-134.91,-125.51,-115.88,-107.56,-142.94,-134.13,-125.04,-114.04,-105.30,-142.27,-133.69,-123.11,-113.29,-103.77,-143.10,-131.09,-122.42,-111.15,-102.67,-141.44,-132.45,-121.75,-111.18,-101.25,-139.87,-130.04,-120.07,-110.27,-99.75,-138.77,-129.73,-119.43,-109.44,-97.48,-137.00,-128.67,-118.16,-110.08,-100.42
32.17,-149.27,-139.19,-128.86,-119.99,-110.66,-149.31,-138.99,-127.81,-119.02,-109.70,-146.53,-138.41,-127.43,-117.72,-106.41,-145.50,-137.70,-126.16,-116.28,-107.40,-147.12,-134.77,-127.48,-114.36,-106.19,-143.84,-135.08,-125.28,-113.71,-105.30,-143.22,-132.87,-124.26,-112.69,-102.78,-141.91,-132.33,-121.79,-112.34,-102.57,-141.82,-131.67,-122.05,-110.65,-101.85,-139.47,-129.35,-120.49,-111.10,-100.20,-138.47,-129.85,-119.75,-109.57,-98.63,-139.65,-128.24,-118.51,-108.32,-98.95
33.11,-150.85,-139.02,-128.86,-119.99,-108.98,-148.42,-139.05,-128.04,-118.82,-107.61,-146.84,-137.69,-127.43,-116.21,-108.57,-145.79,-135.37,-126.09,-115.09,-106.49,-146.48,-136.60,-124.36,-116.24,-105.29,-144.58,-134.97,-123.48,-113.25,-103.65,-144.28,-133.57,-123.98,-113.37,-102.23,-142.85,-132.92,-124.77,-111.57,-101.52,-140.36,-131.80,-121.78,-110.63,-102.13,-139.70,-130.85,-121.00,-110.57,-100.41,-139.73,-129.99,-120.53,-109.58,-99.44,-138.74,-127.79,-118.31,-108.85,-99.41
34.08,-149.31,-140.79,-128.85,-119.61,-108.81,-147.71,-137.84,-129.04,-119.03,-107.42,-146.78,-136.86,-127.28,-118.49,-106.40,-147.97,-136.71,-126.85,-116.15,-106.99,-144.02,-136.21,-125.05,-115.54,-105.63,-145.01,-134.01,-124.24,-113.76,-103.94,-144.04,-134.41,-123.83,-111.95,-103.20,-141.64,-131.64,-122.31,-111.46,-102.11,-142.00,-131.50,-121.81,-111.38,-101.85,-140.19,-131.02,-120.83,-110.48,-101.63,-138.77,-128.64,-118.11,-108.83,-99.49,-138.13,-127.80,-118.51,-109.29,-97.26
35.08,-149.69,-140.31,-129.08,-119.74,-109.88,-147.37,-138.81,-127.90,-118.55,-108.50,-147.10,-137.20,-127.23,-117.69,-108.74,-146.29,-137.33,-125.78,-116.49,-106.20,-144.94,-135.26,-125.17,-115.14,-104.21,-143.94,-133.89,-124.06,-114.49,-103.85,-142.69,-135.50,-124.72,-113.73,-104.44,-142.09,-132.89,-121.42,-113.17,-101.97,-140.50,-131.88,-120.80,-111.91,-100.67,-140.15,-130.49,-120.83,-110.18,-100.71,-139.99,-128.96,-119.68,-109.44,-98.83,-139.03,-128.78,-118.97,-107.26,-98.85
36.10,-150.16,-139.15,-128.09,-119.27,-109.79,-148.00,-138.42,-128.79,-118.24,-108.87,-147.99,-138.21,-127.26,-117.83,-107.05,-146.67,-136.23,-126.41,-116.11,-105.63,-146.29,-136.23,-126.03,-115.20,-103.94,-143.77,-132.65,-125.76,-114.24,-104.18,-144.27,-133.36,-123.57,-114.58,-103.02,-142.73,-132.76,-122.37,-112.28,-102.96,-140.62,-131.88,-121.31,-111.88,-101.95,-140.79,-130.17,-119.69,-110.53,-100.73,-139.54,-128.88,-118.71,-108.79,-100.17,-138.48,-128.47,-118.35,-109.69,-99.29
37.16,-148.45,-139.72,-128.42,-120.53,-109.37,-149.07,-137.08,-129.74,-119.65,-107.12,-147.93,-137.73,-126.82,-116.53,-106.98,-145.92,-136.71,-125.75,-116.84,-106.66,-145.94,-135.70,-124.90,-114.47,-104.33,-142.81,-134.65,-125.37,-113.51,-104.32,-144.26,-133.43,-122.51,-113.53,-102.46,-142.47,-132.94,-122.28,-113.50,-102.07,-140.77,-131.52,-121.72,-111.56,-101.12,-140.31,-131.05,-120.21,-109.92,-100.30,-138.73,-130.15,-121.00,-108.76,-99.85,-139.10,-129.74,-118.09,-109.34,-98.55
38.25,-149.74,-140.49,-129.21,-119.58,-109.73,-148.10,-138.68,-128.09,-119.16,-108.51,-147.53,-136.68,-127.71,-118.26,-108.36,-146.11,-137.52,-125.05,-116.69,-107.38,-145.97,-135.58,-124.69,-116.97,-105.67,-143.79,-133.55,-124.95,-115.01,-106.03,-143.62,-132.57,-122.90,-113.02,-102.17,-141.96,-132.00,-122.28,-112.83,-102.69,-142.26,-130.82,-121.59,-110.85,-101.57,-141.37,-130.52,-121.31,-110.85,-100.46,-138.98,-129.90,-121.41,-109.50,-98.47,-138.30,-127.51,-118.59,-107.28,-97.92
39.37,-150.07,-139.86,-128.86,-120.71,-110.06,-148.17,-137.03,-128.25,-118.20,-107.92,-147.12,-136.87,-127.97,-117.75,-107.30,-145.81,-136.64,-127.23,-117.17,-105.70,-146.52,-135.41,-124.53,-116.76,-104.75,-144.06,-136.41,-124.84,-114.37,-104.17,-141.90,-133.20,-123.36,-113.28,-105.58,-141.88,-131.61,-122.63,-112.11,-102.21,-140.77,-131.61,-121.52,-111.25,-101.63,-140.79,-130.46,-120.63,-109.81,-100.24,-141.12,-128.46,-119.64,-110.54,-100.56,-137.82,-128.76,-119.03,-108.67,-98.55
40.53,-148.49,-139.62,-130.25,-119.50,-110.57,-148.09,-138.95,-128.92,-118.18,-108.37,-146.32,-138.17,-127.23,-117.59,-108.31,-147.09,-136.15,-127.29,-116.99,-107.49,-145.93,-135.92,-125.98,-115.85,-104.90,-144.65,-134.08,-124.78,-115.66,-105.42,-143.96,-133.94,-124.38,-113.84,-102.59,-143.07,-131.65,-124.58,-113.23,-102.42,-140.94,-130.77,-121.80,-112.30,-102.26,-140.34,-130.63,-120.78,-110.59,-100.11,-140.27,-129.94,-119.86,-109.27,-99.37,-138.24,-128.39,-119.01,-109.51,-98.18
41.71,-149.98,-139.16,-129.40,-119.17,-109.91,-149.21,-138.40,-128.91,-119.75,-107.78,-146.71,-137.65,-127.45,-116.36,-106.72,-147.69,-137.06,-126.76,-114.73,-108.10,-145.52,-135.29,-125.44,-117.10,-104.64,-145.01,-134.93,-123.85,-113.89,-104.79,-143.55,-132.82,-122.09,-113.90,-105.29,-142.85,-132.34,-122.80,-112.57,-101.66,-142.84,-130.77,-121.00,-110.93,-101.25,-139.21,-129.01,-120.66,-111.52,-100.14,-139.42,-131.27,-120.41,-110.70,-100.67,-137.05,-129.09,-118.40,-107.89,-98.92
42.94,-149.70,-139.38,-129.77,-120.33,-110.38,-149.38,-138.63,-128.38,-119.16,-108.83,-148.28,-136.73,-126.46,-117.21,-108.49,-147.20,-136.57,-126.29,-116.98,-106.47,-145.51,-136.77,-125.63,-116.60,-105.29,-144.41,-134.36,-125.10,-114.80,-103.53,-142.50,-134.38,-122.11,-113.98,-104.08,-142.46,-131.84,-121.72,-113.53,-102.65,-141.56,-131.38,-122.21,-110.30,-101.18,-139.61,-131.17,-119.36,-110.00,-100.62,-139.86,-128.25,-119.36,-109.17,-100.69,-138.77,-127.91,-116.89,-106.86,-98.31
44.19,-149.83,-139.63,-130.38,-118.59,-110.21,-148.22,-139.32,-128.26,-117.02,-107.34,-147.61,-138.39,-127.55,-117.95,-107.28,-146.83,-135.49,-126.38,-115.59,-107.65,-144.71,-134.70,-125.33,-116.38,-104.83,-143.95,-134.79,-125.50,-115.03,-103.46,-143.61,-132.39,-124.35,-112.47,-103.91,-142.64,-131.92,-122.00,-112.93,-101.63,-141.76,-131.46,-121.45,-111.99,-100.74,-140.16,-130.57,-120.85,-110.02,-100.09,-140.59,-128.58,-119.83,-109.34,-99.56,-137.94,-128.04,-118.78,-108.11,-99.07
45.49,-150.53,-141.25,-130.01,-120.72,-109.29,-148.09,-138.62,-128.10,-118.16,-107.53,-147.97,-136.99,-127.68,-116.93,-106.86,-145.53,-136.68,-126.25,-116.82,-106.66,-145.11,-135.84,-124.18,-114.93,-106.94,-144.88,-133.52,-124.70,-113.91,-105.46,-144.34,-132.68,-125.04,-113.17,-103.22,-142.06,-132.18,-122.87,-113.20,-102.77,-142.09,-130.71,-121.02,-111.94,-101.24,-140.45,-130.13,-120.60,-108.96,-100.31,-138.99,-130.40,-119.32,-109.04,-100.59,-137.90,-128.60,-118.21,-109.21,-98.40
46.82,-149.48,-138.93,-129.93,-119.48,-108.82,-148.19,-138.03,-128.68,-119.12,-108.50,-147.93,-137.08,-127.36,-117.43,-107.06,-146.11,-135.91,-126.08,-117.69,-107.71,-144.95,-134.55,-125.20,-115.93,-104.53,-144.48,-134.22,-123.02,-113.83,-103.97,-142.79,-133.25,-122.43,-113.41,-103.01,-143.96,-132.22,-122.41,-113.29,-102.57,-141.30,-131.86,-121.57,-110.98,-102.23,-139.86,-130.85,-120.54,-109.88,-99.02,-139.28,-128.96,-119.53,-109.95,-98.82,-139.11,-129.38,-118.34,-108.53,-97.29
48.19,-149.16,-139.85,-128.81,-118.89,-107.89,-148.54,-138.54,-129.03,-118.52,-108.61,-147.45,-138.29,-126.26,-117.52,-108.07,-147.51,-136.35,-126.12,-117.22,-106.32,-145.03,-135.62,-125.89,-116.16,-106.00,-144.72,-134.92,-124.20,-113.26,-105.79,-143.83,-133.69,-123.82,-112.76,-102.81,-142.33,-133.06,-122.98,-111.98,-102.52,-141.81,-130.65,-122.39,-110.81,-101.90,-141.40,-130.21,-120.35,-109.97,-99.83,-140.80,-129.70,-119.63,-109.60,-100.08,-138.24,-127.77,-119.09,-107.41,-98.98
49.61,-148.96,-139.91,-128.63,-119.68,-109.46,-148.65,-138.17,-128.47,-117.69,-109.25,-147.50,-138.22,-127.17,-117.10,-106.97,-145.67,-135.88,-126.97,-115.76,-107.03,-145.77,-135.35,-126.61,-114.71,-104.28,-143.95,-134.30,-123.65,-114.28,-104.29,-143.54,-133.47,-124.48,-113.28,-103.17,-143.24,-132.91,-122.79,-111.63,-101.78,-141.53,-130.99,-121.15,-112.04,-102.38,-139.90,-129.93,-121.27,-110.46,-101.07,-140.52,-128.90,-118.88,-109.64,-98.88,-137.56,-128.02,-118.69,-109.06,-98.61
51.06,-149.69,-139.20,-130.58,-119.55,-107.98,-147.84,-139.45,-129.35,-119.00,-108.04,-146.63,-138.39,-127.16,-117.49,-106.75,-145.28,-135.83,-127.83,-117.09,-106.39,-145.19,-135.81,-124.80,-114.63,-105.14,-144.13,-135.01,-125.56,-113.95,-105.44,-143.65,-133.02,-123.10,-113.83,-104.84,-141.78,-132.31,-124.37,-112.39,-101.79,-141.65,-131.98,-121.70,-111.91,-101.60,-140.14,-132.19,-120.71,-109.48,-100.01,-139.57,-130.78,-119.29,-109.74,-98.33,-138.64,-128.53,-117.76,-108.15,-98.25
52.56,-150.31,-139.02,-128.87,-120.15,-109.65,-148.28,-137.41,-129.26,-117.78,-108.64,-147.25,-138.13,-127.07,-116.74,-107.28,-147.76,-137.27,-127.33,-117.43,-107.19,-145.49,-135.15,-124.92,-116.16,-105.80,-144.60,-135.90,-124.58,-114.50,-104.94,-142.74,-133.72,-123.96,-114.13,-103.76,-142.52,-132.46,-121.99,-112.63,-102.75,-142.73,-132.00,-121.58,-111.87,-101.84,-139.82,-130.47,-120.83,-110.98,-100.48,-139.44,-129.10,-121.04,-109.52,-99.49,-139.60,-128.49,-117.24,-107.48,-97.91
54.10,-149.97,-138.79,-130.04,-118.60,-109.70,-148.13,-140.08,-128.29,-118.42,-108.05,-147.36,-136.92,-127.93,-118.14,-107.87,-145.30,-136.47,-125.98,-116.62,-107.38,-145.16,-136.21,-126.56,-114.71,-105.48,-144.94,-135.40,-124.26,-114.79,-104.36,-142.66,-133.01,-122.38,-113.56,-103.42,-143.62,-131.87,-122.20,-113.67,-103.14,-141.80,-130.36,-121.67,-111.13,-101.07,-140.24,-131.86,-120.58,-109.82,-100.64,-138.96,-129.58,-120.28,-109.40,-99.19,-138.48,-127.56,-118.50,-108.47,-99.73
55.68,-150.03,-139.69,-129.81,-119.22,-110.57,-148.47,-138.59,-128.52,-119.40,-107.94,-147.95,-137.60,-127.67,-116.55,-107.04,-146.51,-136.45,-126.06,-115.36,-106.29,-145.62,-135.41,-125.81,-116.10,-105.02,-144.29,-134.48,-125.00,-114.18,-104.75,-144.31,-134.29,-123.46,-113.34,-102.70,-142.19,-132.80,-122.29,-111.67,-102.79,-141.23,-132.57,-120.51,-112.39,-101.71,-140.94,-129.63,-120.17,-109.25,-100.83,-140.95,-129.96,-118.78,-110.62,-98.78,-137.88,-129.43,-117.52,-108.86,-98.57
57.31,-149.98,-139.50,-128.99,-119.14,-109.74,-148.43,-138.01,-127.85,-118.27,-108.92,-147.24,-137.54,-127.76,-117.37,-106.99,-146.54,-135.80,-126.02,-117.31,-105.66,-144.80,-135.48,-126.43,-115.53,-106.66,-145.06,-132.69,-124.98,-114.41,-104.47,-142.84,-133.77,-124.33,-113.34,-103.64,-142.53,-132.58,-122.81,-113.84,-103.25,-142.57,-131.43,-121.64,-111.11,-101.20,-140.77,-130.07,-121.43,-110.71,-100.18,-138.77,-130.45,-118.60,-110.18,-98.85,-138.60,-128.84,-118.30,-108.21,-99.27
58.99,-150.50,-138.86,-129.87,-119.13,-109.73,-148.49,-138.99,-128.38,-118.19,-107.93,-147.19,-137.95,-127.45,-117.97,-108.19,-147.04,-136.56,-126.10,-116.71,-106.49,-146.53,-135.16,-125.11,-115.31,-106.85,-144.06,-134.42,-124.47,-113.63,-104.22,-143.86,-131.42,-122.76,-113.20,-103.24,-143.56,-131.34,-122.64,-112.50,-102.24,-141.16,-131.86,-122.07,-111.96,-100.62,-141.15,-130.27,-120.44,-109.70,-100.59,-140.25,-129.09,-119.44,-109.92,-99.78,-138.39,-127.87,-117.78,-109.02,-98.17
60.72,-149.96,-138.46,-129.67,-119.32,-109.55,-149.02,-138.58,-128.63,-119.12,-108.68,-148.47,-136.93,-128.17,-116.99,-106.87,-146.51,-136.80,-126.98,-116.78,-106.33,-145.75,-135.50,-125.04,-114.41,-106.00,-144.81,-133.75,-125.15,-114.55,-104.09,-143.49,-133.41,-122.63,-113.92,-104.38,-142.09,-132.15,-121.79,-112.65,-102.76,-141.67,-131.97,-120.44,-111.73,-101.55,-140.38,-130.73,-120.37,-110.50,-100.32,-138.76,-129.70,-120.93,-108.72,-99.55,-138.21,-128.14,-117.52,-108.44,-97.85
62.50,-149.02,-139.14,-129.08,-118.34,-108.73,-147.75,-137.67,-128.73,-118.97,-108.45,-147.84,-136.59,-128.06,-117.12,-107.53,-147.49,-136.80,-126.67,-116.92,-104.87,-146.05,-135.53,-125.12,-115.58,-106.05,-144.64,-133.68,-124.53,-113.67,-104.94,-143.32,-133.10,-122.93,-114.02,-104.01,-143.36,-132.48,-121.80,-112.07,-102.02,-141.19,-130.39,-120.84,-112.33,-101.14,-140.52,-130.91,-120.10,-110.93,-101.01,-139.62,-128.96,-119.43,-109.92,-98.57,-138.13,-127.78,-118.43,-108.96,-98.06
64.33,-149.77,-139.87,-128.72,-119.68,-109.50,-148.17,-137.87,-128.10,-117.84,-108.80,-147.57,-136.79,-127.36,-117.92,-107.72,-145.94,-135.33,-125.73,-117.00,-105.99,-145.40,-135.21,-125.72,-115.78,-105.30,-144.33,-133.81,-125.34,-114.17,-104.90,-143.32,-132.74,-122.78,-113.23,-103.18,-142.62,-133.38,-123.17,-112.22,-103.20,-141.68,-131.59,-123.27,-111.94,-101.86,-140.39,-130.09,-121.50,-111.52,-99.28,-139.06,-129.03,-119.13,-109.78,-99.34,-138.39,-128.48,-117.92,-107.59,-98.17
66.22,-149.24,-139.96,-128.68,-118.96,-109.23,-148.36,-138.90,-128.40,-117.95,-109.40,-146.95,-138.03,-127.69,-117.31,-107.80,-146.26,-136.87,-125.65,-115.65,-107.20,-145.53,-134.52,-125.99,-115.76,-105.58,-144.35,-134.61,-123.76,-114.29,-104.71,-143.52,-133.81,-123.75,-112.95,-103.16,-142.50,-132.35,-122.50,-112.25,-102.76,-142.44,-131.69,-121.32,-112.00,-101.28,-139.90,-131.13,-120.22,-110.95,-100.96,-139.09,-128.49,-119.02,-109.65,-99.50,-138.34,-127.95,-119.03,-108.35,-97.75
68.16,-149.82,-138.95,-129.10,-119.36,-110.53,-148.46,-138.08,-128.91,-118.16,-109.05,-147.78,-137.26,-127.48,-117.21,-107.60,-146.13,-137.81,-126.28,-117.28,-106.49,-144.25,-134.59,-125.72,-115.42,-105.20,-144.36,-134.18,-125.08,-114.30,-103.85,-144.07,-132.90,-122.48,-113.59,-103.00,-142.26,-132.19,-122.41,-112.96,-103.56,-141.32,-131.04,-122.10,-111.89,-101.22,-141.38,-130.15,-121.38,-110.98,-100.21,-139.86,-129.49,-118.64,-110.07,-100.21,-138.11,-127.56,-117.59,-108.11,-98.01
70.15,-149.68,-140.29,-129.30,-119.93,-109.22,-148.44,-138.21,-128.24,-119.15,-108.68,-147.65,-138.16,-127.84,-117.21,-107.74,-146.47,-136.41,-125.63,-116.78,-106.31,-145.27,-135.86,-125.17,-116.16,-105.55,-144.36,-134.08,-124.35,-114.46,-104.24,-144.06,-133.84,-123.03,-112.93,-103.48,-141.50,-131.73,-121.90,-112.38,-102.26,-141.17,-132.00,-121.53,-111.49,-101.38,-141.02,-130.60,-119.94,-109.97,-100.74,-139.51,-130.62,-119.56,-108.44,-99.27,-139.06,-127.83,-118.25,-108.91,-98.02
72.21,-149.92,-139.73,-129.28,-118.70,-109.43,-148.84,-137.92,-128.47,-118.24,-109.37,-147.56,-137.43,-127.05,-117.52,-107.65,-146.47,-136.07,-126.08,-115.94,-106.35,-145.08,-135.80,-125.30,-115.14,-106.64,-144.80,-135.24,-123.58,-114.11,-104.48,-143.61,-134.30,-124.07,-113.05,-103.47,-142.00,-131.76,-121.93,-112.31,-101.51,-142.22,-131.20,-120.41,-110.47,-101.34,-140.09,-130.19,-121.80,-110.70,-99.67,-139.50,-128.99,-119.55,-109.06,-99.91,-138.27,-128.54,-118.81,-108.69,-98.15
74.33,-149.24,-139.21,-129.83,-119.21,-109.22,-148.80,-137.70,-128.90,-118.88,-108.07,-147.79,-137.82,-126.96,-117.78,-108.24,-146.22,-135.75,-126.30,-115.99,-106.08,-145.28,-134.98,-125.40,-116.26,-105.36,-143.96,-133.93,-124.10,-115.44,-105.02,-144.12,-133.65,-123.74,-113.09,-104.49,-142.45,-131.96,-122.97,-112.98,-102.56,-140.85,-131.16,-121.52,-112.47,-102.67,-140.44,-130.93,-121.01,-110.09,-100.02,-139.29,-129.29,-119.47,-109.87,-98.27,-137.94,-129.07,-118.71,-109.18,-97.93
76.50,-149.02,-139.67,-129.15,-118.85,-109.37,-148.09,-137.75,-129.05,-118.28,-108.57,-147.39,-137.91,-127.44,-117.17,-107.84,-145.72,-135.54,-126.71,-116.57,-106.45,-145.48,-135.79,-124.75,-115.70,-106.33,-144.72,-134.73,-123.89,-114.66,-104.81,-143.69,-133.61,-123.63,-113.43,-104.54,-142.07,-132.36,-122.30,-112.23,-102.31,-141.37,-132.14,-121.30,-112.04,-102.91,-140.17,-130.88,-120.27,-109.94,-101.00,-139.18,-129.23,-119.70,-110.42,-99.75,-137.33,-128.45,-117.96,-109.36,-97.95
78.75,-149.17,-138.79,-130.02,-119.47,-108.50,-149.19,-138.10,-128.06,-118.63,-108.52,-147.47,-138.18,-127.87,-117.10,-106.88,-147.86,-136.18,-126.98,-116.50,-107.37,-145.45,-134.66,-125.45,-115.56,-105.32,-143.79,-133.71,-124.18,-114.01,-103.83,-144.01,-132.88,-123.22,-112.89,-103.11,-142.76,-132.40,-122.91,-112.44,-102.66,-141.55,-131.87,-121.32,-111.22,-101.45,-140.69,-130.25,-119.48,-109.92,-100.40,-139.69,-129.47,-119.79,-109.44,-99.18,-137.34,-128.48,-118.42,-108.13,-98.97
81.05,-149.59,-139.75,-129.60,-119.31,-108.95,-148.71,-138.56,-128.46,-118.53,-108.58,-147.80,-137.18,-127.88,-117.65,-107.41,-146.34,-136.39,-125.65,-117.61,-106.31,-146.61,-135.92,-125.15,-115.27,-106.40,-144.53,-134.56,-123.73,-115.11,-103.76,-144.06,-134.22,-124.10,-113.08,-103.14,-142.54,-132.09,-121.99,-112.82,-102.43,-140.79,-132.49,-121.81,-111.29,-101.30,-139.92,-130.98,-120.17,-110.09,-99.81,-139.02,-129.24,-119.90,-110.09,-100.03,-138.62,-127.61,-118.72,-107.93,-98.51
83.43,-149.67,-140.15,-129.91,-119.36,-108.57,-148.38,-138.14,-128.53,-118.11,-108.78,-147.65,-137.27,-126.90,-117.24,-107.35,-146.24,-136.19,-126.11,-116.66,-106.61,-145.02,-135.33,-125.40,-114.42,-105.59,-144.73,-133.79,-125.09,-114.01,-104.22,-143.94,-133.40,-123.76,-114.24,-103.66,-142.66,-132.52,-123.31,-112.07,-102.72,-141.05,-132.35,-120.87,-111.55,-102.16,-141.37,-130.86,-120.76,-109.81,-100.72,-138.23,-130.60,-119.62,-109.42,-99.61,-138.25,-128.62,-117.89,-108.37,-99.10
85.87,-149.92,-139.14,-128.83,-120.15,-109.55,-148.29,-138.42,-128.65,-118.78,-108.77,-147.78,-137.46,-126.82,-117.47,-107.25,-146.77,-136.80,-125.81,-116.42,-106.71,-144.88,-136.36,-125.89,-115.46,-105.04,-144.04,-134.65,-124.31,-115.30,-104.33,-143.52,-132.69,-123.39,-112.83,-103.58,-143.30,-132.84,-122.29,-112.97,-102.39,-141.26,-131.31,-121.74,-111.44,-100.80,-140.59,-130.03,-120.48,-110.53,-99.74,-138.73,-128.90,-119.17,-108.92,-99.70,-139.38,-128.03,-118.22,-108.71,-98.16
88.39,-150.33,-140.11,-130.40,-119.94,-109.02,-148.91,-138.35,-128.28,-119.06,-107.67,-146.46,-136.98,-127.64,-116.97,-106.88,-147.09,-135.54,-126.41,-116.17,-106.99,-145.10,-136.08,-125.22,-114.93,-105.39,-143.86,-135.09,-124.85,-114.49,-104.21,-143.27,-133.56,-123.20,-114.27,-103.43,-141.66,-132.13,-122.71,-111.86,-102.14,-141.60,-130.73,-121.60,-111.20,-100.86,-140.44,-131.05,-119.58,-110.81,-100.26,-138.96,-128.94,-119.69,-108.71,-100.14,-138.46,-128.24,-118.31,-108.05,-97.91
90.98,-150.06,-139.51,-129.70,-118.88,-109.46,-148.42,-139.05,-128.01,-118.63,-108.29,-147.16,-137.77,-127.19,-117.45,-106.74,-146.86,-136.20,-126.06,-115.91,-106.47,-146.64,-135.66,-125.01,-116.28,-105.66,-143.51,-134.78,-124.76,-114.45,-104.08,-143.17,-133.21,-123.36,-113.08,-103.05,-142.31,-133.07,-121.96,-112.36,-102.38,-140.70,-131.81,-121.14,-110.74,-101.25,-139.71,-130.79,-120.71,-110.23,-100.48,-138.96,-130.18,-119.61,-108.86,-98.52,-138.33,-127.82,-118.71,-108.73,-98.87
93.64,-149.06,-139.27,-129.27,-119.85,-109.55,-147.75,-138.44,-128.48,-117.85,-108.05,-147.67,-137.58,-127.11,-117.56,-106.97,-145.83,-136.85,-126.78,-117.45,-106.33,-145.82,-134.85,-125.71,-115.52,-105.29,-143.47,-135.19,-124.15,-114.60,-105.03,-143.03,-133.63,-122.50,-113.64,-103.67,-142.56,-132.21,-123.74,-112.00,-101.92,-140.78,-132.47,-121.00,-111.88,-102.31,-140.49,-130.70,-119.71,-111.27,-101.20,-139.18,-129.00,-119.70,-109.53,-99.63,-138.93,-128.34,-118.63,-109.36,-98.17
96.39,-149.70,-138.77,-129.27,-119.28,-109.47,-149.08,-138.48,-128.93,-118.12,-108.50,-147.33,-137.73,-127.02,-117.15,-106.99,-145.87,-135.75,-126.48,-116.49,-106.74,-145.84,-135.55,-126.03,-114.94,-105.15,-144.40,-135.30,-124.22,-114.79,-104.95,-143.24,-132.69,-123.55,-112.01,-103.44,-142.85,-132.36,-121.78,-112.31,-102.20,-141.16,-131.49,-122.21,-111.48,-101.29,-140.48,-130.39,-120.06,-110.05,-101.11,-139.30,-129.97,-119.12,-110.26,-98.55,-139.47,-128.16,-118.34,-107.97,-98.94
99.21,-150.16,-139.32,-129.43,-118.95,-109.89,-149.08,-137.99,-127.89,-117.72,-107.57,-147.59,-137.19,-126.89,-118.45,-106.95,-146.83,-137.00,-126.45,-116.73,-105.93,-145.44,-135.76,-124.98,-115.66,-105.71,-144.14,-134.35,-124.24,-114.89,-104.73,-143.23,-133.40,-122.59,-113.12,-103.66,-141.63,-132.42,-122.00,-112.35,-102.58,-140.60,-131.78,-122.06,-111.32,-101.59,-141.15,-130.35,-119.65,-110.65,-100.74,-140.13,-129.03,-120.18,-109.55,-98.93,-138.59,-128.33,-118.39,-108.18,-98.11
102.12,-149.39,-139.62,-129.02,-119.70,-109.84,-147.58,-138.03,-127.73,-118.02,-108.92,-146.75,-137.55,-127.02,-117.51,-106.97,-146.92,-136.45,-126.87,-116.30,-106.69,-145.16,-135.58,-125.20,-115.27,-105.70,-144.63,-134.33,-123.93,-115.01,-104.17,-143.23,-132.90,-122.96,-114.09,-102.98,-143.14,-132.92,-122.40,-111.80,-102.48,-141.81,-131.66,-121.53,-111.35,-101.41,-139.59,-131.38,-120.58,-109.97,-100.75,-139.09,-130.27,-119.99,-109.58,-99.40,-138.43,-129.36,-118.46,-108.44,-98.60
105.11,-150.17,-140.12,-130.17,-120.21,-108.58,-148.32,-137.98,-128.35,-118.34,-108.41,-147.33,-137.76,-126.79,-117.09,-106.97,-146.45,-136.41,-126.35,-116.42,-106.16,-146.01,-135.57,-125.23,-115.58,-105.57,-144.63,-135.01,-124.50,-113.89,-104.49,-143.78,-132.53,-123.72,-113.41,-103.16,-142.48,-132.12,-122.86,-113.06,-102.44,-141.87,-131.27,-120.98,-111.83,-100.81,-140.86,-131.28,-121.35,-110.07,-100.67,-139.53,-129.48,-119.57,-110.17,-99.95,-138.08,-128.82,-118.65,-108.84,-99.03
108.19,-149.52,-140.15,-129.29,-119.70,-109.61,-148.50,-137.85,-128.42,-118.16,-108.01,-146.73,-137.03,-127.96,-117.50,-107.62,-146.42,-136.20,-126.31,-116.79,-105.81,-144.64,-135.35,-126.12,-115.03,-105.64,-144.12,-134.07,-124.50,-113.61,-104.72,-143.38,-133.60,-123.71,-113.48,-102.99,-142.76,-131.83,-122.56,-111.67,-102.68,-141.67,-131.72,-121.95,-110.75,-101.45,-139.87,-130.14,-119.86,-110.14,-100.33,-138.55,-129.10,-119.40,-109.71,-99.89,-138.59,-128.49,-118.45,-108.38,-98.92
111.36,-149.27,-139.92,-129.58,-119.46,-110.04,-148.58,-137.94,-129.27,-118.70,-108.04,-147.34,-137.68,-127.09,-116.73,-107.28,-147.09,-136.08,-127.12,-116.14,-106.64,-144.75,-135.89,-125.61,-116.47,-105.33,-144.41,-134.12,-124.65,-114.22,-104.42,-143.49,-132.97,-123.41,-114.12,-103.10,-142.46,-132.34,-123.06,-112.74,-102.99,-141.10,-131.33,-121.51,-111.94,-102.49,-140.81,-130.89,-120.22,-110.81,-100.71,-139.46,-128.91,-119.62,-109.26,-99.24,-139.11,-128.64,-119.16,-107.97,-98.09
114.63,-149.28,-140.20,-129.80,-119.05,-109.41,-148.11,-138.72,-128.19,-118.67,-108.06,-147.44,-137.16,-127.14,-117.52,-107.34,-146.83,-136.28,-126.03,-116.78,-105.97,-144.92,-134.86,-126.11,-115.80,-105.64,-144.03,-133.22,-124.87,-113.99,-104.28,-143.20,-133.20,-123.84,-113.06,-103.53,-142.19,-132.28,-121.61,-112.10,-102.16,-141.18,-132.10,-122.09,-111.35,-101.49,-139.76,-129.57,-120.59,-110.28,-100.99,-138.71,-129.99,-120.01,-109.14,-99.93,-138.85,-128.56,-118.72,-107.81,-98.55
117.98,-149.64,-139.07,-128.45,-118.87,-109.29,-148.69,-139.11,-127.68,-118.56,-108.16,-147.85,-137.64,-127.92,-117.22,-106.91,-146.48,-136.69,-126.08,-116.40,-106.80,-145.12,-135.85,-126.07,-115.37,-104.97,-143.76,-134.53,-124.75,-114.25,-104.67,-143.40,-133.77,-123.63,-113.28,-103.70,-142.12,-133.07,-122.00,-112.51,-102.50,-141.36,-131.69,-120.51,-111.62,-101.98,-139.96,-129.97,-120.43,-110.41,-100.62,-139.41,-129.18,-119.08,-109.27,-100.43,-138.46,-128.10,-118.97,-108.83,-98.63
121.44,-148.23,-139.55,-129.62,-118.97,-109.45,-148.29,-138.06,-128.51,-118.76,-107.99,-147.49,-138.35,-128.34,-117.76,-107.48,-146.77,-136.69,-126.08,-116.49,-106.66,-145.45,-135.65,-125.49,-115.95,-105.23,-143.52,-134.35,-124.63,-114.28,-104.70,-143.43,-133.18,-123.47,-113.68,-103.26,-142.96,-132.24,-122.75,-112.54,-102.54,-141.46,-131.32,-121.24,-111.37,-100.82,-140.35,-131.46,-120.59,-111.08,-99.61,-139.73,-129.03,-119.67,-108.95,-99.19,-138.70,-128.55,-118.34,-108.50,-98.66
125.00,-149.39,-139.66,-129.61,-119.84,-109.63,-148.38,-138.84,-128.64,-117.75,-109.09,-147.20,-137.28,-127.04,-116.91,-107.59,-146.69,-136.03,-126.19,-116.05,-106.72,-144.77,-135.53,-125.21,-114.83,-105.56,-144.12,-135.10,-125.01,-113.82,-104.35,-143.74,-132.91,-123.98,-113.32,-103.00,-142.09,-133.23,-122.27,-112.98,-102.15,-140.88,-132.21,-121.02,-111.77,-100.86,-140.72,-130.25,-120.21,-110.27,-99.59,-139.06,-129.50,-119.55,-109.68,-99.76,-138.89,-128.36,-118.87,-108.47,-97.83
128.66,-149.68,-139.92,-130.27,-119.79,-109.49,-148.62,-138.25,-128.08,-118.16,-108.62,-147.79,-136.76,-126.39,-117.57,-108.37,-146.07,-136.08,-125.75,-116.46,-106.67,-144.91,-135.25,-125.91,-114.99,-105.58,-144.50,-134.52,-124.05,-114.44,-104.49,-143.05,-133.33,-123.23,-113.38,-103.51,-142.27,-132.38,-122.35,-111.87,-102.24,-142.15,-132.01,-121.23,-111.38,-101.58,-140.14,-131.04,-120.24,-110.03,-100.16,-139.23,-129.26,-119.00,-109.51,-99.42,-139.05,-129.21,-118.40,-108.26,-98.89
132.43,-149.56,-139.23,-129.71,-119.43,-109.10,-148.47,-138.01,-128.73,-118.45,-108.28,-146.65,-137.63,-126.99,-117.40,-107.82,-147.23,-136.34,-126.21,-116.75,-107.23,-146.38,-135.40,-125.46,-115.25,-105.24,-144.17,-135.03,-124.22,-114.15,-104.47,-143.70,-133.57,-123.58,-113.81,-103.55,-142.71,-132.93,-123.08,-112.51,-102.27,-141.52,-131.45,-121.51,-111.77,-101.60,-139.89,-129.84,-120.12,-110.38,-100.77,-139.74,-129.78,-119.49,-109.74,-99.19,-138.36,-128.68,-118.08,-108.61,-98.44
136.31,-148.95,-139.28,-129.37,-119.30,-109.29,-148.50,-137.86,-128.75,-118.24,-108.55,-147.41,-136.81,-127.83,-117.40,-107.39,-146.58,-136.67,-126.83,-116.70,-106.78,-145.40,-135.51,-125.62,-115.38,-105.63,-144.40,-133.63,-124.54,-114.13,-104.13,-143.37,-133.57,-123.99,-113.52,-103.30,-142.77,-133.10,-122.65,-113.30,-102.28,-140.94,-131.30,-121.86,-111.29,-101.46,-140.59,-130.71,-120.14,-110.31,-99.74,-139.25,-129.26,-120.34,-109.36,-99.50,-138.32,-128.02,-118.77,-108.33,-98.18
140.31,-149.29,-139.23,-128.86,-118.69,-109.53,-148.30,-138.06,-128.66,-118.04,-108.19,-147.11,-137.35,-127.38,-117.33,-107.55,-146.40,-136.88,-126.40,-116.47,-105.77,-145.20,-135.59,-125.51,-115.89,-105.83,-143.81,-134.48,-124.75,-114.34,-104.93,-143.62,-134.13,-124.39,-112.76,-102.99,-142.86,-132.32,-122.39,-112.87,-102.90,-141.29,-131.84,-121.26,-111.27,-102.04,-140.51,-130.60,-120.64,-110.61,-100.70,-139.25,-129.43,-119.34,-109.31,-99.05,-138.35,-128.61,-118.66,-108.72,-98.21
144.42,-148.78,-139.69,-129.76,-119.49,-109.21,-148.15,-138.58,-128.33,-117.80,-108.44,-148.06,-137.38,-127.42,-117.55,-107.47,-146.31,-135.98,-126.11,-116.65,-106.08,-145.01,-135.78,-125.31,-115.09,-105.94,-144.32,-134.46,-124.59,-114.57,-104.64,-143.75,-132.90,-123.69,-113.41,-103.12,-142.33,-132.12,-121.86,-112.86,-102.36,-141.14,-131.70,-120.96,-111.68,-101.60,-140.40,-130.13,-120.51,-110.83,-100.50,-139.58,-129.02,-119.36,-109.75,-99.62,-138.32,-128.61,-118.72,-108.18,-99.15
148.65,-149.30,-139.45,-128.96,-119.15,-110.04,-148.23,-138.50,-128.35,-118.55,-108.85,-147.15,-137.09,-127.15,-117.68,-107.50,-146.26,-136.47,-125.69,-116.67,-105.98,-145.41,-135.26,-125.33,-115.02,-105.79,-144.56,-134.40,-124.45,-114.22,-104.78,-143.08,-133.61,-123.00,-113.03,-103.07,-142.78,-132.88,-122.45,-112.77,-102.31,-141.25,-131.36,-121.44,-111.46,-101.45,-140.74,-130.31,-120.36,-110.62,-100.82,-139.52,-129.13,-119.49,-109.26,-99.16,-138.55,-128.28,-118.69,-108.58,-98.53
153.01,-149.62,-139.75,-129.89,-119.85,-109.18,-148.56,-138.69,-128.35,-118.32,-108.72,-147.30,-137.73,-127.65,-117.05,-107.51,-146.49,-136.87,-126.66,-116.27,-106.05,-145.74,-135.44,-125.29,-115.65,-105.39,-145.16,-134.65,-124.58,-114.81,-103.66,-143.06,-133.34,-123.33,-113.65,-103.08,-142.26,-132.21,-122.13,-112.89,-102.49,-141.30,-131.92,-121.14,-111.82,-101.54,-140.00,-129.29,-121.02,-110.44,-100.78,-138.89,-129.43,-119.47,-109.45,-99.86,-138.61,-128.26,-118.67,-108.54,-98.12
157.49,-149.55,-139.74,-128.97,-119.86,-109.42,-148.22,-138.21,-127.89,-117.91,-108.33,-147.69,-137.58,-127.49,-117.51,-107.26,-146.65,-136.82,-126.46,-116.06,-106.94,-145.47,-135.34,-125.93,-115.24,-105.11,-144.62,-134.02,-124.15,-113.97,-104.36,-143.72,-134.00,-123.38,-113.37,-103.23,-142.24,-132.43,-122.20,-112.78,-102.51,-141.54,-131.48,-121.88,-111.40,-101.81,-141.14,-130.50,-120.27,-110.69,-100.39,-139.18,-129.91,-119.80,-109.01,-99.92,-138.49,-128.20,-118.49,-108.40,-98.17
162.10,-149.44,-138.79,-129.53,-119.30,-109.83,-148.67,-138.37,-128.63,-118.13,-108.53,-147.55,-137.38,-127.40,-117.51,-107.57,-146.59,-136.47,-126.59,-116.32,-106.65,-145.64,-135.18,-125.11,-114.80,-105.66,-143.98,-133.90,-124.10,-113.76,-104.62,-143.01,-133.51,-122.96,-113.28,-103.60,-142.22,-132.35,-122.35,-112.38,-102.43,-142.16,-131.40,-121.56,-111.66,-101.01,-140.54,-130.25,-121.13,-110.15,-100.75,-139.56,-129.46,-119.16,-109.51,-98.78,-139.19,-128.64,-118.60,-108.53,-98.05
166.85,-149.49,-139.16,-129.38,-119.78,-109.29,-148.57,-138.73,-128.28,-118.02,-108.30,-147.29,-137.45,-127.60,-118.34,-107.62,-146.61,-136.62,-127.07,-116.61,-106.10,-145.01,-135.43,-125.48,-115.21,-105.66,-144.47,-133.92,-123.91,-114.38,-104.20,-143.52,-133.54,-123.32,-113.89,-103.55,-142.71,-132.15,-121.46,-112.11,-102.38,-141.76,-131.55,-120.97,-111.44,-101.24,-140.13,-131.21,-120.28,-110.73,-100.32,-139.73,-129.25,-119.92,-109.76,-99.03,-138.38,-127.96,-118.19,-108.69,-98.88
171.74,-149.83,-139.49,-129.79,-118.90,-110.10,-148.18,-138.97,-128.40,-118.81,-108.43,-147.36,-137.02,-127.10,-117.27,-107.45,-146.63,-136.82,-125.56,-115.79,-106.64,-145.80,-136.01,-125.73,-115.46,-105.88,-144.37,-134.12,-124.31,-114.40,-104.90,-143.84,-133.28,-122.78,-113.81,-103.48,-142.47,-132.28,-122.17,-112.53,-102.20,-141.33,-131.41,-121.36,-111.33,-102.37,-140.32,-131.17,-121.07,-110.88,-100.30,-139.36,-129.41,-119.09,-108.92,-99.97,-138.36,-128.93,-119.00,-108.02,-98.50
176.78,-149.40,-139.39,-129.49,-119.38,-109.14,-148.67,-138.20,-128.46,-118.07,-108.75,-147.01,-137.36,-126.91,-117.14,-108.10,-146.47,-136.90,-126.37,-116.24,-106.37,-145.66,-135.31,-125.59,-115.41,-105.37,-144.43,-134.37,-124.15,-114.81,-104.27,-143.08,-132.92,-123.69,-113.48,-103.53,-142.87,-132.86,-122.14,-112.57,-102.24,-140.72,-131.49,-121.41,-111.36,-102.06,-140.15,-130.47,-120.40,-110.76,-99.96,-139.12,-129.37,-120.15,-109.02,-99.81,-138.80,-128.50,-118.69,-107.94,-99.15
181.96,-149.38,-139.06,-128.97,-119.87,-109.52,-148.63,-138.30,-128.44,-118.76,-108.45,-147.19,-137.31,-127.11,-117.26,-106.94,-146.77,-136.36,-126.15,-116.62,-106.51,-145.35,-135.20,-125.36,-115.31,-106.60,-144.11,-134.30,-124.65,-114.40,-104.66,-143.29,-133.24,-123.63,-113.20,-103.41,-142.36,-132.26,-122.93,-112.54,-102.18,-141.23,-131.23,-121.56,-111.01,-101.69,-140.29,-130.11,-120.64,-110.51,-100.09,-139.24,-129.13,-118.97,-109.09,-99.48,-138.80,-128.71,-118.16,-108.59,-98.92
187.29,-148.68,-139.20,-129.13,-119.57,-109.53,-148.72,-138.86,-128.44,-118.11,-108.27,-147.73,-137.35,-127.22,-117.78,-107.72,-146.74,-136.46,-125.97,-116.15,-106.28,-145.68,-135.25,-125.64,-115.37,-105.44,-144.38,-134.77,-124.45,-114.88,-105.20,-143.32,-133.26,-122.97,-112.83,-103.82,-142.43,-132.42,-122.29,-112.66,-102.11,-141.60,-131.95,-121.37,-111.31,-101.61,-140.69,-130.24,-120.67,-110.44,-100.01,-140.05,-129.04,-119.74,-109.80,-99.35,-138.43,-128.74,-118.62,-108.30,-98.75
192.78,-149.27,-139.22,-129.22,-119.43,-109.24,-148.26,-137.91,-128.98,-118.39,-108.52,-147.50,-137.52,-127.39,-117.24,-107.59,-146.76,-137.06,-126.06,-116.29,-107.04,-145.07,-134.66,-125.86,-115.42,-105.60,-144.33,-134.14,-123.66,-114.51,-104.39,-143.13,-133.33,-123.51,-113.26,-103.55,-142.19,-132.76,-122.80,-112.89,-102.01,-141.20,-131.19,-120.99,-111.49,-101.88,-140.58,-130.11,-120.64,-110.02,-100.35,-139.43,-129.36,-118.97,-109.40,-99.39,-138.74,-128.19,-118.83,-107.59,-97.99
198.43,-149.07,-139.37,-129.16,-119.84,-109.21,-148.17,-138.55,-128.24,-118.21,-108.31,-147.08,-137.46,-127.10,-117.53,-107.53,-146.56,-136.74,-127.07,-117.08,-106.46,-145.69,-135.19,-125.49,-116.00,-105.10,-144.44,-134.63,-124.06,-114.11,-104.09,-142.91,-132.77,-122.98,-113.64,-102.77,-142.39,-132.47,-122.44,-112.32,-102.19,-141.46,-131.74,-121.32,-111.36,-101.56,-140.34,-130.25,-120.20,-110.77,-100.22,-139.85,-129.67,-119.84,-108.83,-99.45,-137.95,-128.36,-118.96,-108.04,-98.83
204.24,-149.20,-139.55,-129.72,-119.75,-109.35,-148.23,-138.23,-128.78,-118.60,-108.36,-147.35,-137.56,-127.03,-117.22,-106.60,-146.67,-136.81,-126.33,-116.19,-106.77,-144.93,-135.21,-125.35,-115.33,-105.54,-144.12,-134.20,-124.57,-114.99,-104.18,-143.40,-133.25,-123.39,-113.90,-103.75,-141.80,-132.46,-122.49,-112.53,-102.51,-141.06,-131.72,-121.24,-110.76,-101.32,-140.17,-130.84,-120.40,-110.25,-100.31,-139.59,-129.49,-118.69,-109.52,-98.81,-138.69,-128.56,-118.23,-108.36,-98.84
210.22,-149.86,-139.18,-129.40,-119.63,-109.72,-148.27,-138.75,-128.28,-118.53,-108.66,-147.24,-137.38,-127.86,-117.53,-107.02,-146.45,-136.22,-126.25,-116.95,-106.17,-145.38,-135.48,-125.65,-115.80,-105.30,-144.18,-134.62,-124.17,-113.91,-104.16,-143.21,-133.26,-122.99,-113.87,-102.68,-142.21,-132.62,-122.17,-112.86,-102.46,-141.56,-131.44,-121.63,-111.62,-101.57,-140.11,-129.73,-120.78,-110.72,-100.61,-139.71,-129.64,-119.51,-109.59,-99.36,-138.20,-128.68,-118.21,-108.05,-98.45
216.38,-149.35,-139.28,-129.62,-119.93,-109.05,-148.37,-138.48,-128.25,-118.39,-108.25,-147.24,-137.63,-127.44,-117.09,-107.68,-146.76,-136.26,-126.23,-116.72,-106.50,-145.43,-135.68,-125.66,-115.24,-105.22,-144.03,-133.91,-124.34,-114.25,-104.60,-143.70,-133.25,-123.62,-113.56,-103.22,-142.38,-132.02,-122.65,-112.62,-102.11,-141.47,-130.89,-121.62,-111.21,-101.31,-140.89,-130.12,-120.35,-110.19,-100.44,-139.55,-128.89,-119.66,-109.61,-99.63,-138.05,-128.27,-118.50,-108.89,-98.38
222.72,-149.67,-139.62,-129.45,-119.60,-109.26,-148.57,-138.07,-128.61,-117.79,-109.20,-146.94,-137.64,-127.30,-116.98,-107.30,-146.40,-136.32,-126.63,-116.82,-106.61,-146.00,-135.18,-125.14,-115.52,-105.44,-144.13,-134.46,-124.12,-113.98,-104.62,-144.22,-133.47,-123.56,-113.65,-103.42,-142.32,-132.39,-122.47,-113.16,-102.12,-141.17,-131.84,-121.62,-111.39,-101.24,-140.38,-130.56,-120.59,-110.52,-100.03,-138.81,-129.59,-119.21,-109.64,-99.29,-138.44,-128.15,-118.75,-108.48,-98.80
229.25,-149.55,-139.72,-129.39,-119.07,-109.49,-148.71,-138.27,-127.97,-118.69,-108.56,-147.64,-137.48,-127.48,-117.43,-107.52,-147.23,-136.71,-126.35,-116.41,-106.75,-145.42,-135.62,-125.27,-115.86,-106.50,-144.17,-134.20,-124.09,-114.86,-104.86,-143.03,-133.62,-123.79,-113.22,-103.58,-142.73,-132.34,-122.31,-112.05,-102.90,-141.78,-131.59,-121.31,-111.66,-101.09,-139.72,-130.37,-120.72,-110.28,-100.51,-139.13,-129.17,-119.01,-109.05,-99.29,-138.31,-128.46,-118.29,-108.19,-98.16
235.97,-149.30,-139.33,-129.56,-119.33,-109.11,-148.24,-138.77,-128.90,-118.61,-108.28,-147.70,-137.52,-127.74,-117.40,-107.26,-146.07,-136.38,-126.38,-116.49,-106.67,-145.39,-135.37,-125.24,-115.45,-105.33,-144.78,-134.89,-124.30,-114.71,-104.00,-143.63,-133.33,-123.84,-113.23,-102.89,-142.91,-132.62,-122.36,-112.21,-102.14,-141.05,-131.01,-121.21,-111.85,-101.60,-140.94,-130.36,-120.04,-110.56,-100.84,-139.51,-129.63,-119.48,-109.68,-99.46,-139.12,-128.71,-118.49,-108.73,-98.68
242.88,-149.92,-139.05,-129.15,-118.92,-108.97,-148.88,-138.05,-127.83,-117.98,-108.31,-147.52,-137.04,-127.75,-117.32,-107.37,-146.29,-136.98,-126.61,-116.19,-106.29,-145.43,-135.49,-125.42,-115.38,-105.71,-144.51,-134.46,-124.39,-113.92,-104.19,-143.48,-133.44,-123.08,-113.08,-103.34,-142.89,-132.82,-122.27,-112.77,-102.18,-141.04,-131.39,-121.48,-110.91,-101.06,-140.64,-130.27,-120.23,-110.53,-100.23,-139.24,-129.16,-119.11,-109.21,-99.47,-138.76,-128.15,-118.62,-108.23,-99.04
250.00,-148.73,-139.37,-129.33,-119.87,-109.85,-148.28,-138.52,-128.42,-119.27,-108.24,-147.23,-137.89,-127.33,-117.11,-107.59,-146.14,-136.39,-126.87,-116.65,-106.95,-145.13,-135.59,-125.15,-116.01,-105.13,-144.45,-134.09,-124.37,-114.34,-104.48,-144.08,-133.68,-123.72,-113.91,-103.13,-142.68,-132.54,-122.69,-112.26,-102.61,-141.86,-131.69,-121.29,-111.56,-101.77,-140.11,-130.25,-120.10,-110.49,-100.58,-139.05,-129.26,-119.76,-109.10,-99.57,-138.07,-128.15,-118.47,-108.87,-98.24
257.33,-149.49,-139.71,-129.70,-118.91,-109.35,-148.40,-138.50,-128.09,-118.72,-108.30,-147.13,-137.63,-127.48,-117.59,-107.50,-146.45,-136.40,-126.31,-116.08,-106.49,-144.84,-135.69,-126.10,-115.66,-105.46,-144.17,-134.41,-124.59,-114.34,-104.04,-143.57,-133.55,-123.12,-113.85,-103.17,-142.41,-132.25,-122.39,-112.58,-102.41,-141.15,-131.29,-121.63,-111.64,-101.32,-140.68,-130.01,-120.67,-110.90,-100.44,-139.25,-129.55,-119.70,-109.54,-99.30,-138.38,-128.67,-118.45,-108.59,-98.37
264.87,-149.21,-139.17,-129.58,-119.06,-109.36,-148.54,-138.43,-128.58,-118.65,-108.03,-146.77,-137.53,-127.36,-117.33,-107.41,-146.72,-136.60,-126.48,-116.73,-106.27,-145.37,-135.53,-125.59,-115.07,-105.47,-144.29,-134.19,-124.75,-113.99,-104.32,-143.16,-133.48,-123.39,-113.45,-103.08,-142.33,-132.70,-122.46,-112.25,-102.77,-141.52,-131.37,-121.26,-111.42,-101.51,-140.72,-130.58,-120.86,-110.48,-100.26,-139.25,-129.72,-119.88,-109.76,-99.48,-138.43,-128.22,-118.29,-108.72,-98.22
272.63,-149.40,-139.62,-129.42,-119.70,-110.03,-148.56,-138.57,-128.10,-118.74,-108.73,-147.66,-137.25,-127.45,-117.33,-107.66,-146.74,-136.63,-126.61,-116.13,-106.12,-145.09,-135.59,-125.35,-115.43,-105.60,-144.43,-134.49,-123.99,-114.49,-104.05,-143.17,-133.22,-123.33,-113.33,-103.11,-142.35,-132.31,-122.63,-112.64,-101.77,-141.67,-131.76,-121.58,-111.51,-101.44,-140.40,-130.68,-120.71,-109.91,-100.31,-139.86,-129.21,-119.01,-109.60,-99.35,-138.50,-128.61,-118.18,-108.23,-98.27
280.62,-149.41,-139.25,-129.27,-119.36,-109.30,-148.56,-138.58,-128.14,-118.27,-108.38,-146.82,-137.30,-127.98,-117.19,-107.57,-146.65,-136.43,-126.43,-116.50,-107.05,-145.28,-135.32,-125.24,-115.74,-105.91,-144.19,-134.07,-124.47,-114.76,-103.94,-143.57,-133.37,-123.91,-113.46,-103.03,-142.25,-132.48,-121.84,-112.52,-102.67,-141.53,-131.25,-121.92,-111.01,-101.22,-140.47,-130.46,-120.74,-110.42,-100.32,-139.36,-129.19,-119.51,-109.43,-99.28,-138.51,-128.53,-118.08,-108.37,-98.12
288.84,-149.90,-139.45,-129.73,-119.30,-109.30,-148.74,-138.53,-128.66,-118.27,-108.79,-147.69,-137.63,-127.65,-117.59,-107.31,-146.62,-136.76,-126.31,-116.52,-106.48,-145.10,-135.41,-125.13,-115.35,-105.54,-144.40,-134.57,-124.09,-114.63,-104.42,-143.61,-132.97,-123.53,-113.45,-103.30,-142.20,-132.40,-122.71,-112.16,-102.39,-141.24,-131.55,-121.22,-111.57,-101.61,-140.43,-130.53,-120.20,-110.26,-100.37,-139.03,-129.15,-119.31,-109.31,-99.23,-138.63,-128.45,-118.47,-107.72,-98.22
297.30,-149.26,-139.52,-129.70,-119.22,-109.88,-148.55,-138.38,-128.22,-118.92,-108.47,-147.67,-137.47,-127.37,-117.40,-107.04,-146.29,-136.70,-126.46,-116.15,-106.54,-145.52,-135.37,-125.70,-115.69,-105.62,-144.77,-134.34,-124.47,-114.40,-104.01,-143.11,-133.56,-123.61,-113.67,-103.13,-142.73,-132.59,-122.46,-112.49,-102.27,-141.87,-131.50,-121.47,-111.15,-101.51,-140.47,-130.91,-120.24,-110.69,-101.10,-139.37,-129.43,-119.57,-109.50,-99.83,-138.10,-129.06,-119.00,-107.87,-98.41
306.01,-149.16,-139.58,-129.25,-119.32,-109.53,-148.55,-138.40,-128.50,-118.73,-108.67,-147.19,-137.29,-127.21,-117.56,-107.48,-146.45,-136.40,-126.32,-116.34,-106.15,-145.67,-135.82,-125.53,-115.44,-105.75,-144.36,-134.09,-124.40,-114.39,-104.20,-143.86,-132.92,-123.43,-113.71,-103.20,-142.77,-132.42,-122.05,-112.32,-102.16,-141.33,-131.51,-121.42,-111.43,-101.32,-140.42,-130.06,-120.44,-110.72,-100.45,-139.32,-129.64,-119.42,-109.11,-99.32,-138.27,-128.66,-118.19,-108.39,-98.01
314.98,-149.39,-139.63,-129.24,-119.25,-109.43,-147.87,-138.61,-128.36,-118.20,-108.59,-147.00,-137.40,-127.66,-117.02,-107.31,-146.25,-136.36,-126.52,-116.26,-106.14,-145.53,-135.33,-125.47,-115.02,-105.77,-144.21,-134.14,-124.51,-114.51,-104.42,-143.33,-133.16,-123.33,-113.58,-103.27,-142.52,-132.62,-122.21,-112.52,-102.60,-141.43,-131.95,-121.00,-111.38,-101.34,-140.36,-130.50,-120.17,-110.44,-100.05,-139.17,-129.95,-119.32,-109.38,-99.89,-138.59,-128.07,-118.62,-108.46,-98.29
324.21,-149.62,-139.57,-129.42,-119.37,-109.55,-148.02,-138.62,-128.39,-118.42,-108.56,-147.87,-137.77,-127.70,-116.90,-107.49,-146.42,-136.46,-126.39,-116.35,-106.51,-145.30,-135.19,-125.43,-115.63,-105.44,-144.78,-134.07,-124.16,-114.08,-104.64,-143.80,-133.40,-123.18,-114.30,-103.53,-142.44,-132.66,-122.37,-112.39,-102.35,-141.48,-131.54,-121.72,-111.69,-101.21,-140.27,-130.55,-120.49,-110.04,-100.08,-139.19,-129.44,-119.38,-109.18,-99.79,-138.32,-128.75,-118.41,-108.35,-98.50
333.71,-149.30,-139.78,-129.47,-119.52,-109.33,-148.50,-138.37,-128.43,-118.53,-108.27,-147.19,-137.71,-127.25,-117.30,-107.92,-146.21,-136.25,-126.54,-116.36,-106.38,-145.56,-135.75,-124.89,-115.47,-105.41,-144.38,-134.31,-124.13,-114.37,-104.48,-143.56,-133.33,-123.14,-113.37,-103.49,-142.47,-132.44,-122.46,-112.83,-102.27,-141.65,-131.64,-121.81,-111.13,-101.53,-140.68,-130.14,-120.19,-110.43,-100.62,-139.72,-129.86,-119.29,-109.29,-99.57,-138.83,-128.49,-118.99,-108.95,-98.65
343.49,-149.46,-139.65,-129.15,-119.57,-109.33,-148.43,-138.31,-128.49,-118.91,-108.63,-147.32,-137.44,-127.61,-117.25,-106.82,-146.61,-136.27,-126.69,-116.15,-106.43,-145.81,-135.84,-125.44,-115.55,-105.86,-144.67,-134.31,-124.18,-114.17,-104.18,-143.28,-133.91,-123.31,-113.47,-103.54,-142.58,-133.10,-122.54,-112.21,-102.82,-141.43,-131.39,-121.53,-111.36,-101.84,-140.45,-130.47,-120.19,-109.93,-100.52,-139.41,-128.93,-119.52,-109.52,-99.57,-138.83,-128.90,-118.41,-108.18,-98.52
353.55,-149.31,-139.84,-129.47,-119.55,-109.90,-148.58,-138.46,-128.27,-118.37,-108.18,-147.57,-137.24,-127.08,-117.84,-107.41,-146.61,-136.48,-126.60,-116.28,-106.32,-145.11,-135.46,-125.60,-115.58,-105.19,-144.65,-133.92,-124.03,-114.70,-104.41,-144.14,-133.68,-123.53,-113.59,-103.44,-142.33,-132.41,-122.74,-112.41,-102.20,-141.45,-131.38,-121.43,-110.71,-101.39,-140.17,-130.85,-120.24,-110.59,-100.30,-139.68,-129.13,-119.53,-109.56,-99.75,-138.42,-128.46,-118.47,-108.27,-99.28
363.91,-149.37,-139.63,-129.45,-119.59,-109.46,-148.50,-138.61,-128.27,-118.20,-108.63,-147.45,-137.07,-127.20,-117.30,-107.30,-146.92,-136.77,-126.87,-116.14,-106.51,-145.98,-135.58,-125.51,-115.48,-105.20,-144.43,-134.35,-124.26,-114.28,-104.36,-143.32,-133.49,-123.21,-113.01,-103.48,-142.56,-132.41,-122.26,-112.38,-102.70,-141.54,-131.59,-121.69,-111.00,-101.03,-140.04,-130.52,-120.12,-110.19,-100.38,-139.30,-129.33,-119.29,-109.11,-99.45,-138.34,-128.63,-118.74,-108.60,-98.46
374.58,-149.41,-139.26,-129.60,-119.16,-108.90,-148.29,-138.59,-128.74,-118.58,-108.44,-147.30,-137.32,-127.38,-117.50,-107.02,-146.37,-136.54,-126.60,-116.18,-106.69,-145.67,-135.51,-125.44,-115.74,-105.58,-144.56,-134.17,-124.54,-114.64,-104.31,-143.51,-133.53,-123.51,-113.26,-103.52,-142.45,-132.33,-122.18,-112.18,-102.42,-141.68,-131.21,-121.38,-111.39,-101.54,-140.53,-130.47,-120.19,-110.34,-100.79,-139.23,-129.79,-119.03,-109.57,-99.15,-138.39,-128.39,-118.60,-108.63,-98.05
385.55,-149.52,-139.36,-129.84,-119.22,-109.48,-148.42,-138.67,-128.73,-118.51,-108.52,-147.17,-137.48,-127.66,-117.95,-107.92,-146.23,-136.47,-126.78,-116.86,-106.03,-145.54,-135.67,-125.35,-115.20,-105.39,-144.66,-134.37,-124.61,-114.43,-104.37,-143.18,-133.39,-123.33,-113.53,-103.25,-142.25,-132.36,-122.39,-112.50,-102.40,-141.65,-131.38,-121.48,-111.12,-101.73,-140.01,-130.41,-120.67,-110.48,-100.67,-139.55,-129.26,-119.40,-109.68,-99.79,-138.58,-128.49,-118.62,-108.58,-98.39
396.85,-149.46,-139.17,-129.63,-119.64,-109.60,-149.02,-138.53,-128.36,-118.23,-108.15,-147.57,-137.26,-127.28,-117.02,-107.48,-146.51,-136.70,-126.47,-116.67,-106.60,-145.30,-135.48,-125.61,-115.57,-105.26,-144.32,-134.18,-124.21,-114.40,-104.55,-143.71,-133.57,-123.49,-113.67,-103.48,-142.68,-132.09,-122.26,-112.60,-102.11,-141.74,-131.64,-121.46,-111.28,-101.88,-140.13,-130.60,-120.25,-110.15,-100.73,-139.57,-129.45,-119.22,-109.71,-99.23,-138.68,-128.32,-118.46,-108.95,-98.74
408.48,-149.51,-139.41,-129.36,-119.60,-109.32,-148.65,-138.75,-128.35,-118.70,-108.65,-147.37,-137.07,-127.21,-117.18,-107.47,-146.15,-136.34,-126.05,-116.46,-106.49,-145.63,-135.38,-125.33,-115.73,-105.36,-144.64,-134.43,-124.42,-113.73,-104.37,-143.29,-133.47,-123.39,-113.43,-103.46,-142.28,-132.90,-122.55,-112.75,-102.69,-141.60,-131.32,-121.43,-111.64,-101.06,-140.03,-130.36,-120.10,-110.51,-100.75,-139.38,-129.37,-119.51,-109.18,-99.32,-138.36,-128.57,-118.71,-108.07,-98.67
420.45,-149.16,-139.57,-129.42,-119.57,-109.15,-148.61,-138.35,-128.63,-118.28,-108.41,-147.72,-137.56,-127.75,-117.02,-107.43,-146.17,-136.65,-126.38,-116.45,-106.44,-146.00,-135.16,-125.57,-115.11,-105.69,-144.20,-134.47,-124.35,-114.44,-104.30,-143.41,-133.46,-123.21,-113.48,-103.63,-142.49,-132.56,-122.23,-112.35,-102.37,-141.42,-131.39,-121.77,-111.50,-101.77,-140.84,-130.63,-120.22,-110.22,-100.14,-139.63,-129.24,-119.59,-109.54,-99.90,-138.26,-128.61,-118.25,-108.66,-98.36
432.77,-149.55,-139.96,-128.93,-119.61,-109.72,-148.36,-138.36,-128.61,-118.38,-108.52,-147.39,-137.78,-127.35,-117.20,-107.19,-146.41,-136.48,-126.75,-116.36,-106.39,-145.18,-135.34,-125.41,-115.56,-105.42,-144.22,-134.53,-124.20,-114.49,-104.33,-143.26,-133.66,-123.41,-113.10,-103.54,-142.83,-132.13,-122.38,-112.22,-102.33,-141.39,-131.45,-121.62,-111.36,-101.38,-140.32,-130.29,-120.18,-110.70,-100.40,-139.04,-129.28,-119.36,-109.84,-99.68,-138.53,-128.31,-118.32,-108.47,-98.53
445.45,-2.49,-2.49,-2.49,-2.49,-2.49,-148.54,-138.36,-128.30,-118.43,-108.16,-147.37,-137.38,-127.49,-117.71,-107.39,-146.57,-136.04,-126.59,-116.52,-106.19,-145.30,-135.38,-124.88,-115.38,-105.83,-144.41,-134.37,-124.24,-114.38,-104.62,-143.35,-133.21,-123.37,-112.96,-103.49,-142.57,-132.55,-122.74,-112.69,-102.61,-141.34,-131.72,-121.37,-111.59,-101.51,-140.58,-130.19,-120.41,-110.24,-100.61,-139.34,-129.64,-119.59,-109.63,-99.50,-138.46,-128.40,-118.83,-108.14,-97.99
458.50,0.39,0.39,0.39,0.39,0.39,-148.56,-138.51,-128.51,-118.23,-108.44,-147.27,-137.35,-127.77,-117.43,-107.13,-146.01,-136.62,-126.53,-116.43,-106.28,-145.29,-135.57,-125.41,-115.58,-105.62,-144.44,-134.14,-124.62,-114.20,-104.49,-143.06,-133.48,-123.34,-113.27,-103.61,-142.43,-132.59,-122.75,-112.36,-102.71,-141.38,-131.34,-121.39,-111.05,-101.54,-140.19,-130.57,-120.31,-110.47,-100.71,-139.71,-129.66,-119.61,-109.39,-99.78,-138.51,-128.35,-118.49,-108.52,-98.43
471.94,0.26,0.26,0.26,0.26,0.26,-148.16,-138.25,-128.47,-118.43,-108.40,-147.39,-137.57,-127.05,-117.14,-107.47,-146.55,-136.14,-126.45,-116.79,-106.36,-145.23,-135.30,-125.31,-115.52,-105.61,-144.29,-134.18,-124.34,-114.53,-103.99,-143.30,-133.38,-123.43,-113.53,-103.22,-142.18,-132.38,-122.89,-112.40,-102.06,-141.46,-131.47,-121.36,-111.70,-101.57,-140.07,-130.95,-120.47,-110.67,-99.96,-139.29,-129.39,-119.60,-109.27,-99.18,-138.40,-128.71,-118.58,-108.44,-97.86
485.77,0.13,0.13,0.13,0.13,0.13,-148.32,-138.65,-128.53,-118.28,-108.62,-147.11,-137.36,-127.47,-117.53,-107.24,-146.55,-136.25,-126.08,-116.28,-106.70,-145.54,-135.73,-125.26,-115.50,-105.67,-144.14,-134.50,-124.84,-114.36,-104.20,-143.21,-133.45,-123.17,-113.28,-103.25,-142.94,-132.06,-122.34,-111.98,-102.46,-141.53,-131.63,-121.16,-111.53,-101.51,-140.46,-130.45,-120.69,-110.28,-100.61,-139.52,-129.72,-119.68,-109.39,-99.36,-138.51,-129.05,-117.98,-108.36,-98.23
500.00,0.01,0.01,0.01,0.01,0.01,-148.72,-138.52,-128.35,-118.48,-108.52,-147.53,-137.54,-127.04,-117.10,-107.54,-146.62,-136.46,-126.46,-116.58,-106.34,-145.34,-135.44,-125.47,-115.96,-105.22,-144.25,-134.64,-124.60,-114.58,-104.47,-143.43,-133.18,-123.22,-113.18,-103.57,-142.30,-132.32,-122.41,-112.23,-102.77,-141.73,-131.58,-121.32,-111.38,-101.40,-140.28,-130.10,-120.60,-110.56,-99.82,-139.38,-129.35,-119.43,-109.07,-99.43,-138.39,-128.59,-118.36,-108.27,-98.65
514.65,-0.12,-0.12,-0.12,-0.12,-0.12,-148.30,-138.53,-128.17,-118.78,-108.32,-147.47,-137.74,-127.29,-117.18,-107.27,-146.35,-136.40,-126.70,-116.35,-106.21,-145.38,-135.56,-125.44,-115.38,-105.30,-144.41,-134.27,-124.42,-114.30,-104.42,-143.25,-133.39,-123.56,-113.45,-102.89,-142.54,-132.20,-122.27,-112.33,-102.51,-141.48,-131.67,-121.59,-111.69,-101.34,-140.98,-130.29,-120.52,-110.49,-100.56,-139.50,-129.15,-119.62,-109.30,-99.69,-138.07,-128.52,-118.18,-108.77,-98.38
529.73,-0.24,-0.24,-0.24,-0.24,-0.24,-148.53,-138.10,-128.74,-118.55,-108.72,-147.51,-137.39,-127.45,-117.34,-107.41,-146.70,-136.69,-125.86,-116.33,-106.56,-145.56,-135.66,-125.31,-115.33,-105.44,-144.36,-134.00,-124.49,-114.50,-104.31,-143.42,-133.68,-123.15,-113.38,-103.51,-142.51,-132.39,-122.57,-112.40,-102.19,-141.66,-131.18,-121.84,-111.37,-101.46,-140.74,-130.50,-120.16,-110.37,-100.55,-139.58,-129.49,-119.41,-109.53,-99.63,-138.35,-128.22,-118.38,-108.68,-98.38
545.25,-0.37,-0.37,-0.37,-0.37,-0.37,-148.32,-138.73,-128.36,-118.67,-108.51,-147.18,-137.42,-127.66,-117.22,-107.38,-146.52,-135.94,-126.25,-116.49,-106.48,-145.45,-135.52,-125.61,-115.50,-105.12,-144.42,-134.51,-124.22,-114.05,-104.36,-143.17,-133.65,-123.22,-113.59,-103.54,-142.42,-132.57,-122.35,-112.60,-102.39,-141.14,-131.56,-121.27,-111.52,-101.08,-140.28,-130.66,-120.40,-110.38,-100.56,-139.48,-129.40,-119.55,-109.59,-99.41,-138.44,-128.16,-118.74,-108.38,-98.45
561.23,-3.49,-3.49,-3.49,-3.49,-3.49,-2.52,-2.52,-2.52,-2.52,-2.52,-147.14,-137.33,-127.21,-117.22,-107.32,-146.39,-136.40,-126.53,-116.63,-106.82,-145.50,-135.18,-125.24,-115.66,-105.33,-144.47,-134.17,-124.32,-114.24,-104.00,-143.37,-133.37,-123.30,-113.42,-103.52,-142.31,-132.60,-122.11,-112.55,-102.51,-141.26,-131.61,-121.41,-111.34,-101.32,-140.52,-130.28,-120.20,-110.21,-100.28,-139.40,-129.28,-119.40,-109.53,-99.41,-138.59,-128.01,-118.37,-108.58,-98.14
577.68,-149.43,-139.46,-129.47,-119.27,-109.50,0.39,0.39,0.39,0.39,0.39,-147.34,-137.25,-127.43,-117.57,-107.76,-145.95,-136.31,-126.60,-116.31,-106.48,-145.53,-135.71,-125.31,-115.24,-105.74,-144.21,-134.46,-124.05,-114.46,-104.55,-143.30,-133.47,-123.39,-113.25,-103.67,-142.34,-132.24,-122.70,-112.49,-102.49,-141.49,-131.21,-121.47,-111.32,-101.43,-140.24,-130.81,-120.64,-110.27,-100.57,-139.42,-129.13,-119.66,-109.18,-99.20,-138.59,-128.26,-118.11,-108.31,-98.49
594.60,-149.16,-139.59,-129.91,-119.42,-109.23,0.26,0.26,0.26,0.26,0.26,-147.46,-137.42,-127.26,-117.31,-107.30,-146.55,-136.52,-126.47,-116.69,-106.67,-145.40,-135.56,-125.39,-115.53,-105.34,-144.33,-134.46,-124.42,-114.69,-104.27,-143.47,-133.33,-123.57,-113.41,-103.05,-142.23,-132.41,-122.62,-112.51,-102.09,-141.25,-131.68,-121.39,-111.66,-101.65,-140.57,-130.34,-120.46,-110.59,-99.99,-139.66,-129.49,-119.59,-109.49,-99.55,-138.63,-128.46,-118.31,-108.29,-98.64
612.03,-149.41,-139.50,-129.65,-119.27,-109.53,0.14,0.14,0.14,0.14,0.14,-147.24,-137.31,-127.73,-117.35,-107.43,-146.88,-136.31,-126.54,-116.21,-106.67,-145.67,-135.48,-125.42,-115.57,-105.46,-144.31,-134.03,-124.40,-114.25,-104.28,-143.36,-133.55,-122.91,-112.99,-103.56,-142.50,-132.55,-122.49,-112.11,-102.46,-141.29,-131.52,-121.44,-111.70,-101.51,-140.58,-130.69,-120.41,-110.34,-100.47,-139.59,-129.34,-119.23,-109.51,-98.99,-138.62,-128.33,-118.61,-108.47,-97.92
629.96,-149.32,-139.77,-129.55,-119.43,-109.23,0.01,0.01,0.01,0.01,0.01,-146.91,-137.33,-127.59,-117.09,-107.25,-146.35,-136.64,-126.68,-116.08,-106.36,-145.20,-135.36,-125.56,-115.33,-105.64,-144.39,-134.24,-124.44,-114.48,-104.78,-143.30,-133.34,-123.48,-113.60,-103.19,-142.23,-132.70,-122.58,-112.53,-102.34,-141.65,-131.57,-121.32,-111.62,-101.40,-140.33,-130.44,-120.13,-110.68,-100.60,-138.96,-129.60,-119.74,-109.61,-99.40,-138.57,-128.43,-118.65,-108.40,-98.63
648.42,-149.65,-139.45,-129.35,-119.33,-109.63,-0.12,-0.12,-0.12,-0.12,-0.12,-147.71,-137.44,-127.28,-117.64,-107.44,-146.46,-136.02,-126.33,-115.93,-106.50,-145.25,-135.41,-125.48,-115.57,-105.34,-144.45,-134.68,-124.20,-114.31,-104.45,-143.30,-133.33,-123.30,-113.69,-103.33,-142.28,-132.39,-122.35,-112.48,-102.49,-141.29,-131.18,-121.60,-111.67,-101.48,-140.56,-130.43,-120.31,-110.60,-100.38,-139.32,-129.07,-119.51,-109.80,-99.34,-138.38,-128.48,-118.43,-108.33,-98.45
667.42,-149.16,-139.25,-129.05,-119.62,-109.45,-0.24,-0.24,-0.24,-0.24,-0.24,-147.08,-137.07,-127.17,-117.53,-107.21,-146.61,-136.58,-126.53,-116.74,-106.66,-145.54,-135.20,-125.62,-115.31,-105.47,-144.29,-134.28,-124.56,-114.55,-104.13,-143.30,-133.53,-123.50,-113.22,-103.48,-142.39,-132.59,-122.46,-112.17,-102.31,-141.39,-131.43,-121.65,-111.38,-101.31,-140.13,-130.22,-120.49,-110.24,-100.39,-139.87,-129.66,-119.40,-109.44,-99.32,-138.36,-128.27,-118.46,-108.40,-98.79
686.98,-149.27,-139.39,-129.32,-119.36,-109.40,-0.37,-0.37,-0.37,-0.37,-0.37,-147.15,-137.22,-127.77,-117.16,-107.30,-146.64,-136.17,-126.36,-116.78,-106.45,-145.67,-135.10,-125.46,-115.29,-105.31,-144.63,-134.39,-124.53,-114.34,-104.29,-143.59,-133.32,-123.63,-113.41,-103.55,-142.54,-132.46,-122.70,-112.28,-102.34,-141.27,-131.64,-121.33,-111.45,-101.65,-140.27,-130.18,-120.23,-110.36,-100.32,-139.30,-129.69,-119.57,-109.69,-99.60,-138.30,-128.59,-118.57,-108.25,-98.50
707.11,-149.66,-139.62,-129.83,-119.53,-109.34,-3.48,-3.48,-3.48,-3.48,-3.48,-5.92,-5.92,-5.92,-5.92,-5.92,-146.39,-136.42,-126.29,-116.20,-106.48,-145.16,-135.22,-125.41,-115.30,-105.51,-144.23,-134.42,-124.53,-114.48,-104.35,-143.22,-133.45,-123.63,-113.41,-103.32,-142.23,-132.55,-122.26,-112.43,-102.53,-141.24,-131.46,-121.35,-111.82,-101.62,-140.21,-130.47,-120.26,-110.51,-100.71,-139.30,-129.69,-119.50,-109.50,-99.32,-138.22,-128.35,-118.41,-108.62,-98.65
727.83,-149.30,-139.21,-129.50,-119.23,-109.53,-148.28,-138.20,-128.48,-118.34,-108.56,0.42,0.42,0.42,0.42,0.42,-146.64,-136.32,-126.62,-116.36,-106.54,-145.41,-135.65,-125.55,-115.27,-105.57,-144.23,-134.46,-124.42,-114.38,-104.46,-143.27,-133.47,-123.40,-113.60,-103.35,-142.27,-132.46,-122.76,-112.45,-102.61,-141.09,-131.49,-121.78,-111.29,-101.45,-140.40,-130.62,-120.33,-110.52,-100.31,-139.64,-129.58,-119.16,-109.29,-99.18,-138.49,-128.35,-118.42,-108.48,-98.52
749.15,-149.58,-139.22,-129.56,-119.40,-109.58,-148.59,-138.53,-128.46,-118.34,-108.44,0.29,0.29,0.29,0.29,0.29,-146.52,-136.32,-126.46,-116.48,-106.27,-145.71,-135.51,-125.19,-115.68,-105.69,-144.24,-134.17,-124.56,-114.51,-104.55,-143.56,-133.21,-123.67,-113.56,-103.27,-142.62,-132.53,-122.50,-112.43,-102.42,-141.57,-131.31,-121.20,-111.49,-101.26,-140.15,-130.57,-120.37,-110.26,-100.53,-139.41,-129.22,-119.30,-109.33,-99.45,-138.35,-128.36,-118.23,-108.39,-98.51
771.11,-149.41,-139.33,-129.44,-119.58,-109.28,-148.61,-138.27,-128.45,-118.49,-108.54,0.17,0.17,0.17,0.17,0.17,-146.54,-136.44,-126.37,-116.16,-106.54,-145.46,-135.34,-125.43,-115.41,-105.27,-144.33,-134.39,-124.72,-114.37,-104.48,-143.38,-133.47,-123.77,-113.28,-103.36,-142.57,-132.43,-122.39,-112.25,-102.56,-141.50,-131.51,-121.30,-111.44,-101.47,-140.55,-130.35,-119.96,-110.25,-100.48,-139.17,-129.59,-119.39,-109.31,-99.34,-138.44,-128.45,-118.40,-108.53,-98.63
793.70,-149.56,-139.22,-129.59,-119.57,-109.43,-148.35,-138.36,-128.49,-118.41,-108.37,0.04,0.04,0.04,0.04,0.04,-146.39,-136.23,-126.31,-116.44,-106.62,-145.49,-135.40,-125.56,-115.30,-105.29,-144.53,-134.39,-124.57,-114.56,-104.31,-143.33,-133.35,-123.22,-113.34,-103.39,-142.31,-132.46,-122.31,-112.32,-102.38,-141.21,-131.39,-121.66,-111.48,-101.57,-140.27,-130.31,-120.42,-110.32,-100.36,-139.68,-129.27,-119.30,-109.58,-99.52,-138.39,-128.36,-118.55,-108.20,-98.26
816.96,-149.73,-139.41,-129.57,-119.65,-109.59,-148.38,-138.42,-128.55,-118.49,-108.59,-0.08,-0.08,-0.08,-0.08,-0.08,-146.56,-136.61,-126.58,-116.35,-106.43,-145.49,-135.40,-125.67,-115.53,-105.58,-144.37,-134.51,-124.44,-114.17,-104.34,-143.41,-133.42,-123.11,-113.56,-103.39,-142.84,-132.73,-122.55,-112.61,-102.13,-141.67,-131.41,-121.51,-111.56,-101.35,-140.59,-130.52,-120.65,-110.14,-100.35,-139.29,-129.45,-119.21,-109.33,-99.56,-138.28,-128.67,-118.64,-108.44,-98.50
840.90,-149.17,-139.41,-129.59,-119.60,-109.12,-148.44,-138.48,-128.40,-118.72,-108.45,-0.21,-0.21,-0.21,-0.21,-0.21,-146.16,-136.32,-126.20,-116.31,-106.43,-145.37,-135.71,-125.36,-115.53,-105.54,-144.44,-134.46,-124.33,-114.34,-104.23,-143.54,-133.29,-123.17,-113.48,-103.52,-142.60,-132.47,-122.42,-112.24,-102.30,-141.57,-131.34,-121.51,-111.38,-101.62,-140.42,-130.41,-120.42,-110.58,-100.27,-139.13,-129.32,-119.64,-109.29,-99.28,-138.14,-128.38,-118.47,-108.53,-98.48
865.54,-149.41,-139.43,-129.45,-119.48,-109.37,-148.57,-138.44,-128.54,-118.65,-108.46,-0.33,-0.33,-0.33,-0.33,-0.33,-146.37,-136.51,-126.25,-116.39,-106.56,-145.46,-135.63,-125.04,-115.14,-105.41,-144.59,-134.32,-124.44,-114.29,-104.54,-143.34,-133.24,-123.31,-113.47,-103.42,-142.74,-132.51,-122.52,-112.52,-102.38,-141.60,-131.41,-121.29,-111.50,-101.30,-140.47,-130.44,-120.29,-110.45,-100.54,-139.53,-129.42,-119.60,-109.75,-99.36,-138.64,-128.43,-118.59,-108.61,-98.61
890.90,-149.32,-139.34,-129.33,-119.55,-109.29,-148.26,-138.31,-128.43,-118.56,-108.37,-1.57,-1.57,-1.57,-1.57,-1.57,-2.50,-2.50,-2.50,-2.50,-2.50,-145.33,-135.21,-125.37,-115.50,-105.27,-144.43,-134.45,-124.48,-114.34,-104.28,-143.47,-133.39,-123.76,-113.44,-103.25,-142.40,-132.78,-122.43,-112.42,-102.54,-141.28,-131.57,-121.36,-111.25,-101.48,-140.07,-130.70,-120.49,-110.38,-100.41,-139.57,-129.32,-119.29,-109.56,-99.51,-138.39,-128.16,-118.37,-108.44,-98.44
917.00,-149.50,-139.44,-129.33,-119.41,-109.61,-148.58,-138.47,-128.56,-118.72,-108.42,-147.32,-137.05,-127.41,-117.52,-107.59,0.39,0.39,0.39,0.39,0.39,-145.37,-135.42,-125.14,-115.46,-105.38,-144.44,-134.42,-124.37,-114.54,-104.46,-143.25,-133.56,-123.54,-113.28,-103.36,-142.36,-132.37,-122.58,-112.45,-102.61,-141.39,-131.46,-121.57,-111.35,-101.43,-140.20,-130.32,-120.41,-110.30,-100.46,-139.53,-129.35,-119.44,-109.39,-99.18,-138.22,-128.64,-118.47,-108.37,-98.50
943.87,-149.66,-139.28,-129.62,-119.68,-109.29,-148.38,-138.15,-128.61,-118.38,-108.45,-147.63,-137.60,-127.61,-117.48,-107.18,0.26,0.26,0.26,0.26,0.26,-145.38,-135.22,-125.72,-115.45,-105.41,-144.63,-134.47,-124.57,-114.21,-104.32,-143.35,-133.48,-123.48,-113.72,-103.45,-142.54,-132.56,-122.34,-112.67,-102.52,-141.54,-131.41,-121.71,-111.43,-101.42,-140.43,-130.36,-120.28,-110.29,-100.26,-139.63,-129.22,-119.36,-109.49,-99.53,-138.29,-128.57,-118.66,-108.51,-98.62
971.53,-149.45,-139.28,-129.42,-119.35,-109.42,-148.44,-138.53,-128.45,-118.58,-108.48,-147.62,-137.34,-127.18,-117.42,-107.53,0.13,0.13,0.13,0.13,0.13,-145.67,-135.47,-125.49,-115.57,-105.56,-144.35,-134.37,-124.49,-114.66,-104.38,-143.27,-133.49,-123.44,-113.61,-103.39,-142.13,-132.50,-122.47,-112.32,-102.27,-141.70,-131.17,-121.57,-111.27,-101.43,-140.58,-130.56,-120.29,-110.61,-100.52,-139.41,-129.61,-119.52,-109.20,-99.44,-138.25,-128.25,-118.53,-108.23,-98.23
1000.00,-149.26,-139.54,-129.44,-119.34,-109.52,-148.33,-138.79,-128.73,-118.56,-108.57,-147.52,-137.31,-127.36,-117.28,-107.33,0.01,0.01,0.01,0.01,0.01,-145.41,-135.46,-125.32,-115.39,-105.51,-144.33,-134.27,-124.23,-114.36,-104.36,-143.38,-133.36,-123.08,-113.33,-103.53,-142.55,-132.33,-122.74,-112.44,-102.33,-141.55,-131.40,-121.57,-111.86,-101.48,-140.26,-130.39,-120.65,-110.48,-100.45,-139.43,-129.27,-119.47,-109.39,-99.61,-138.29,-128.59,-118.38,-108.58,-98.48
1029.30,-149.62,-139.51,-129.41,-119.40,-109.43,-148.38,-138.40,-128.35,-118.55,-108.81,-147.15,-137.35,-127.70,-117.36,-107.21,-0.12,-0.12,-0.12,-0.12,-0.12,-145.44,-135.29,-125.52,-115.57,-105.32,-144.48,-134.51,-124.41,-114.55,-104.51,-143.48,-133.31,-123.40,-113.70,-103.26,-142.45,-132.66,-122.50,-112.31,-102.56,-141.51,-131.60,-121.34,-111.49,-101.37,-140.51,-130.62,-120.60,-110.40,-100.35,-139.49,-129.25,-119.58,-109.54,-99.33,-138.51,-128.42,-118.33,-108.42,-98.52
1059.46,-149.35,-139.47,-129.52,-119.28,-109.22,-148.31,-138.47,-128.29,-118.63,-108.37,-147.20,-137.51,-127.20,-117.43,-107.53,-0.24,-0.24,-0.24,-0.24,-0.24,-145.52,-135.38,-125.53,-115.16,-105.35,-144.74,-134.32,-124.27,-114.49,-104.43,-143.29,-133.43,-123.34,-113.50,-103.52,-142.55,-132.39,-122.47,-112.49,-102.49,-141.63,-131.56,-121.31,-111.16,-101.22,-140.56,-130.30,-120.13,-110.48,-100.50,-139.58,-129.44,-119.51,-109.37,-99.46,-138.45,-128.41,-118.49,-108.44,-98.49
1090.51,-149.22,-139.51,-129.27,-119.39,-109.52,-148.38,-138.60,-128.36,-118.29,-108.37,-147.26,-137.40,-127.67,-117.24,-107.56,-0.37,-0.37,-0.37,-0.37,-0.37,-145.44,-136.01,-125.52,-115.33,-105.51,-144.46,-134.41,-124.48,-114.33,-104.29,-143.50,-133.38,-123.41,-113.44,-103.56,-142.29,-132.46,-122.34,-112.70,-102.43,-141.33,-131.56,-121.15,-111.33,-101.62,-140.46,-130.17,-120.47,-110.36,-100.39,-139.60,-129.45,-119.52,-109.46,-99.41,-138.42,-128.55,-118.36,-108.33,-98.53
1122.46,-149.56,-139.45,-129.33,-119.44,-109.40,-148.55,-138.38,-128.75,-118.39,-108.20,-147.22,-137.16,-127.25,-117.39,-107.28,-3.50,-3.50,-3.50,-3.50,-3.50,-0.64,-0.64,-0.64,-0.64,-0.64,-144.50,-134.50,-124.58,-114.43,-104.34,-143.51,-133.49,-123.40,-113.48,-103.16,-142.53,-132.49,-122.64,-112.37,-102.53,-141.52,-131.34,-121.39,-111.46,-101.43,-140.44,-130.34,-120.67,-110.27,-100.35,-139.39,-129.58,-119.37,-109.31,-99.41,-138.30,-128.51,-118.51,-108.34,-98.54
1155.35,-149.59,-139.41,-129.53,-119.35,-109.38,-148.40,-138.46,-128.37,-118.58,-108.43,-147.44,-137.33,-127.41,-117.35,-107.48,-146.55,-136.39,-126.38,-116.39,-106.42,0.35,0.35,0.35,0.35,0.35,-144.19,-134.05,-124.22,-114.37,-104.42,-143.52,-133.16,-123.52,-113.52,-103.24,-142.30,-132.37,-122.36,-112.61,-102.69,-141.31,-131.49,-121.36,-111.48,-101.30,-140.28,-130.39,-120.41,-110.32,-100.18,-139.10,-129.49,-119.68,-109.34,-99.32,-138.31,-128.47,-118.39,-108.18,-98.45
1189.21,-149.29,-139.48,-129.46,-119.50,-109.54,-148.50,-138.39,-128.59,-118.38,-108.42,-147.40,-137.40,-127.30,-117.29,-107.37,-146.62,-136.60,-126.45,-116.32,-106.41,0.23,0.23,0.23,0.23,0.23,-144.27,-134.61,-124.42,-114.34,-104.31,-143.44,-133.39,-123.43,-113.44,-103.36,-142.44,-132.42,-122.26,-112.55,-102.51,-141.47,-131.34,-121.38,-111.51,-101.36,-140.42,-130.36,-120.36,-110.53,-100.40,-139.36,-129.40,-119.50,-109.33,-99.24,-138.24,-128.36,-118.53,-108.36,-98.61
1224.05,-149.51,-139.39,-129.38,-119.64,-109.60,-148.46,-138.60,-128.56,-118.28,-108.24,-147.36,-137.38,-127.25,-117.49,-107.52,-146.54,-136.61,-126.23,-116.33,-106.40,0.10,0.10,0.10,0.10,0.10,-144.53,-134.18,-124.49,-114.51,-104.55,-143.61,-133.45,-123.40,-113.47,-103.26,-142.22,-132.54,-122.28,-112.43,-102.55,-141.40,-131.64,-121.54,-111.52,-101.57,-140.28,-130.58,-120.34,-110.28,-100.30,-139.60,-129.24,-119.52,-109.37,-99.42,-138.17,-128.56,-118.39,-108.28,-98.49
1259.92,-149.48,-139.35,-129.36,-119.39,-109.53,-148.37,-138.48,-128.31,-118.56,-108.27,-147.25,-137.21,-127.30,-117.53,-107.28,-146.31,-136.34,-126.47,-116.70,-106.58,-0.02,-0.02,-0.02,-0.02,-0.02,-144.23,-134.53,-124.12,-114.16,-104.15,-143.40,-133.44,-123.19,-113.69,-103.37,-142.38,-132.29,-122.41,-112.30,-102.53,-141.61,-131.43,-121.45,-111.52,-101.48,-140.40,-130.29,-120.49,-110.35,-100.30,-139.43,-129.36,-119.47,-109.58,-99.31,-138.42,-128.42,-118.48,-108.33,-98.48
1296.84,-149.26,-139.43,-129.40,-119.36,-109.30,-148.54,-138.40,-128.33,-118.57,-108.51,-147.44,-137.57,-127.38,-117.40,-107.61,-146.43,-136.36,-126.45,-116.36,-106.40,-0.15,-0.15,-0.15,-0.15,-0.15,-144.31,-134.33,-124.39,-114.30,-104.43,-143.26,-133.69,-123.44,-113.31,-103.52,-142.37,-132.32,-122.56,-112.30,-102.59,-141.37,-131.53,-121.52,-111.49,-101.27,-140.37,-130.53,-120.48,-110.54,-100.58,-139.45,-129.35,-119.38,-109.44,-99.31,-138.36,-128.51,-118.56,-108.41,-98.33
1334.84,-149.37,-139.21,-129.42,-119.47,-109.54,-148.38,-138.58,-128.41,-118.54,-108.47,-147.36,-137.42,-127.51,-117.39,-107.38,-146.46,-136.28,-126.49,-116.29,-106.43,-0.28,-0.28,-0.28,-0.28,-0.28,-144.48,-134.29,-124.32,-114.61,-104.32,-143.43,-133.45,-123.43,-113.36,-103.69,-142.63,-132.55,-122.40,-112.36,-102.68,-141.68,-131.25,-121.39,-111.49,-101.44,-140.39,-130.35,-120.43,-110.66,-100.34,-139.31,-129.41,-119.65,-109.54,-99.55,-138.38,-128.35,-118.35,-108.48,-98.45
1373.95,-149.53,-139.51,-129.18,-119.30,-109.45,-148.32,-138.45,-128.56,-118.60,-108.47,-147.39,-137.16,-127.14,-117.38,-107.48,-146.34,-136.28,-126.44,-116.48,-106.52,-0.40,-0.40,-0.40,-0.40,-0.40,-144.33,-134.45,-124.55,-114.23,-104.40,-143.47,-133.40,-123.34,-113.52,-103.29,-142.47,-132.55,-122.51,-112.53,-102.45,-141.62,-131.38,-121.25,-111.52,-101.60,-140.39,-130.49,-120.53,-110.65,-100.40,-139.49,-129.20,-119.43,-109.39,-99.43,-138.41,-128.24,-118.46,-108.52,-98.51
1414.21,-149.40,-139.34,-129.39,-119.70,-109.52,-148.46,-138.55,-128.37,-118.43,-108.48,-147.29,-137.20,-127.52,-117.44,-107.28,-146.54,-136.41,-126.34,-116.46,-106.41,-6.98,-6.98,-6.98,-6.98,-6.98,-5.91,-5.91,-5.91,-5.91,-5.91,-143.54,-133.43,-123.40,-113.40,-103.44,-142.47,-132.29,-122.51,-112.70,-102.59,-141.52,-131.49,-121.35,-111.45,-101.51,-140.42,-130.36,-120.43,-110.47,-100.45,-139.51,-129.39,-119.33,-109.44,-99.54,-138.33,-128.46,-118.50,-108.51,-98.36
1455.65,-149.49,-139.35,-129.64,-119.31,-109.71,-148.35,-138.46,-128.47,-118.50,-108.31,-147.57,-137.44,-127.37,-117.43,-107.45,-146.57,-136.31,-126.29,-116.37,-106.44,-145.49,-135.43,-125.42,-115.67,-105.36,0.42,0.42,0.42,0.42,0.42,-143.42,-133.56,-123.23,-113.40,-103.35,-142.58,-132.41,-122.46,-112.47,-102.44,-141.54,-131.59,-121.43,-111.43,-101.42,-140.49,-130.44,-120.45,-110.49,-100.43,-139.24,-129.44,-119.41,-109.40,-99.35,-138.37,-128.39,-118.55,-108.53,-98.49
1498.31,-149.51,-139.36,-129.40,-119.33,-109.42,-148.44,-138.50,-128.15,-118.52,-108.40,-147.58,-137.53,-127.36,-117.41,-107.47,-146.33,-136.34,-126.33,-116.41,-106.42,-145.55,-135.47,-125.47,-115.29,-105.42,0.29,0.29,0.29,0.29,0.29,-143.39,-133.54,-123.43,-113.55,-103.40,-142.40,-132.40,-122.35,-112.22,-102.57,-141.32,-131.45,-121.36,-111.28,-101.64,-140.48,-130.39,-120.37,-110.35,-100.58,-139.48,-129.49,-119.53,-109.62,-99.41,-138.35,-128.53,-118.34,-108.42,-98.58
1542.21,-149.47,-139.55,-129.44,-119.37,-109.52,-148.34,-138.50,-128.57,-118.50,-108.54,-147.51,-137.47,-127.36,-117.15,-107.36,-146.32,-136.39,-126.40,-116.32,-106.33,-145.40,-135.46,-125.42,-115.60,-105.38,0.17,0.17,0.17,0.17,0.17,-143.21,-133.38,-123.57,-113.39,-103.31,-142.59,-132.41,-122.43,-112.43,-102.36,-141.33,-131.41,-121.33,-111.46,-101.59,-140.40,-130.34,-120.47,-110.50,-100.36,-139.47,-129.42,-119.51,-109.41,-99.56,-138.30,-128.25,-118.29,-108.38,-98.54
1587.40,-149.55,-139.72,-129.42,-119.35,-109.47,-148.49,-138.43,-128.58,-118.24,-108.39,-147.35,-137.25,-127.44,-117.32,-107.40,-146.59,-136.31,-126.44,-116.25,-106.39,-145.53,-135.51,-125.52,-115.23,-105.31,0.04,0.04,0.04,0.04,0.04,-143.20,-133.40,-123.33,-113.58,-103.65,-142.47,-132.33,-122.53,-112.51,-102.37,-141.37,-131.48,-121.41,-111.51,-101.48,-140.55,-130.43,-120.37,-110.49,-100.46,-139.22,-129.46,-119.49,-109.38,-99.55,-138.51,-128.37,-118.43,-108.38,-98.52
1633.92,-149.47,-139.47,-129.35,-119.20,-109.29,-148.35,-138.39,-128.40,-118.40,-108.29,-147.38,-137.25,-127.32,-117.53,-107.41,-146.42,-136.43,-126.46,-116.37,-106.52,-145.53,-135.36,-125.46,-115.45,-105.77,-0.08,-0.08,-0.08,-0.08,-0.08,-143.45,-133.43,-123.35,-113.38,-103.22,-142.55,-132.63,-122.33,-112.40,-102.31,-141.29,-131.26,-121.52,-111.58,-101.30,-140.25,-130.55,-120.36,-110.54,-100.29,-139.53,-129.39,-119.43,-109.35,-99.49,-138.57,-128.47,-118.52,-108.52,-98.43
1681.79,-149.52,-139.45,-129.26,-119.33,-109.54,-148.40,-138.48,-128.58,-118.30,-108.59,-147.48,-137.39,-127.36,-117.38,-107.07,-146.49,-136.57,-126.24,-116.39,-106.23,-145.26,-135.50,-125.34,-115.42,-105.32,-0.21,-0.21,-0.21,-0.21,-0.21,-143.41,-133.18,-123.49,-113.39,-103.48,-142.65,-132.58,-122.59,-112.44,-102.45,-141.33,-131.35,-121.53,-111.38,-101.66,-140.54,-130.33,-120.44,-110.64,-100.29,-139.33,-129.56,-119.36,-109.48,-99.67,-138.58,-128.45,-118.61,-108.50,-98.35
1731.07,-149.44,-139.52,-129.53,-119.41,-109.42,-148.42,-138.50,-128.46,-118.34,-108.61,-147.36,-137.71,-127.42,-117.35,-107.33,-146.44,-136.32,-126.49,-116.31,-106.32,-145.36,-135.61,-125.35,-115.41,-105.63,-0.33,-0.33,-0.33,-0.33,-0.33,-143.38,-133.37,-123.43,-113.19,-103.45,-142.58,-132.46,-122.35,-112.45,-102.34,-141.38,-131.33,-121.30,-111.51,-101.52,-140.51,-130.32,-120.49,-110.39,-100.49,-139.60,-129.51,-119.44,-109.64,-99.40,-138.28,-128.35,-118.45,-108.39,-98.32
1781.80,-149.54,-139.36,-129.29,-119.25,-109.47,-148.30,-138.34,-128.36,-118.40,-108.31,-147.37,-137.37,-127.47,-117.32,-107.58,-146.51,-136.54,-126.54,-116.38,-106.43,-145.58,-135.73,-125.31,-115.24,-105.28,-1.57,-1.57,-1.57,-1.57,-1.57,-2.50,-2.50,-2.50,-2.50,-2.50,-142.40,-132.56,-122.35,-112.39,-102.42,-141.43,-131.43,-121.45,-111.47,-101.38,-140.19,-130.42,-120.42,-110.42,-100.44,-139.53,-129.45,-119.33,-109.32,-99.39,-138.39,-128.47,-118.44,-108.53,-98.38
1834.01,-149.54,-139.47,-129.40,-119.30,-109.65,-148.38,-138.53,-128.42,-118.47,-108.44,-147.35,-137.32,-127.53,-117.35,-107.28,-146.32,-136.53,-126.32,-116.45,-106.46,-145.41,-135.41,-125.43,-115.35,-105.52,-144.40,-134.40,-124.42,-114.33,-104.32,0.39,0.39,0.39,0.39,0.39,-142.25,-132.36,-122.37,-112.50,-102.50,-141.31,-131.42,-121.41,-111.40,-101.54,-140.39,-130.37,-120.34,-110.57,-100.56,-139.36,-129.49,-119.35,-109.46,-99.42,-138.57,-128.44,-118.43,-108.39,-98.51
1887.75,-149.31,-139.42,-129.30,-119.31,-109.62,-148.42,-138.54,-128.54,-118.56,-108.47,-147.46,-137.46,-127.18,-117.16,-107.38,-146.59,-136.46,-126.46,-116.38,-106.50,-145.44,-135.49,-125.46,-115.48,-105.34,-144.51,-134.52,-124.46,-114.41,-104.45,0.26,0.26,0.26,0.26,0.26,-142.46,-132.38,-122.53,-112.35,-102.46,-141.37,-131.52,-121.27,-111.30,-101.30,-140.41,-130.48,-120.30,-110.53,-100.46,-139.41,-129.59,-119.45,-109.60,-99.47,-138.46,-128.40,-118.69,-108.45,-98.36
1943.06,-149.53,-139.37,-129.46,-119.39,-109.30,-148.47,-138.39,-128.43,-118.34,-108.36,-147.55,-137.44,-127.29,-117.42,-107.30,-146.48,-136.44,-126.34,-116.57,-106.47,-145.32,-135.49,-125.49,-115.41,-105.48,-144.27,-134.34,-124.50,-114.30,-104.22,0.13,0.13,0.13,0.13,0.13,-142.55,-132.45,-122.45,-112.52,-102.43,-141.41,-131.42,-121.49,-111.35,-101.64,-140.57,-130.57,-120.31,-110.47,-100.41,-139.21,-129.52,-119.33,-109.50,-99.52,-138.35,-128.51,-118.65,-108.44,-98.33
2000.00,-149.29,-139.35,-129.56,-119.51,-109.25,-148.41,-138.61,-128.32,-118.49,-108.37,-147.32,-137.41,-127.44,-117.52,-107.43,-146.49,-136.44,-126.55,-116.30,-106.46,-145.45,-135.40,-125.48,-115.47,-105.54,-144.54,-134.49,-124.24,-114.37,-104.33,0.01,0.01,0.01,0.01,0.01,-142.43,-132.44,-122.53,-112.42,-102.31,-141.51,-131.42,-121.46,-111.39,-101.48,-140.53,-130.53,-120.40,-110.49,-100.47,-139.43,-129.46,-119.44,-109.36,-99.35,-138.44,-128.50,-118.32,-108.40,-98.31
2058.60,-149.36,-139.27,-129.58,-119.53,-109.38,-148.36,-138.45,-128.34,-118.48,-108.41,-147.46,-137.29,-127.34,-117.18,-107.40,-146.49,-136.33,-126.45,-116.35,-106.33,-145.58,-135.32,-125.48,-115.42,-105.43,-144.29,-134.22,-124.45,-114.45,-104.40,-0.12,-0.12,-0.12,-0.12,-0.12,-142.48,-132.36,-122.46,-112.48,-102.35,-141.34,-131.70,-121.61,-111.45,-101.45,-140.46,-130.37,-120.54,-110.40,-100.42,-139.60,-129.49,-119.50,-109.44,-99.49,-138.30,-128.40,-118.47,-108.42,-98.37
2118.93,-149.44,-139.43,-129.22,-119.55,-109.38,-148.56,-138.44,-128.43,-118.43,-108.38,-147.03,-137.24,-127.37,-117.18,-107.39,-146.36,-136.46,-126.64,-116.55,-106.27,-145.43,-135.52,-125.41,-115.42,-105.44,-144.31,-134.30,-124.42,-114.51,-104.26,-0.24,-0.24,-0.24,-0.24,-0.24,-142.63,-132.38,-122.33,-112.49,-102.36,-141.35,-131.35,-121.28,-111.45,-101.45,-140.32,-130.33,-120.41,-110.46,-100.29,-139.50,-129.43,-119.25,-109.39,-99.40,-138.56,-128.44,-118.38,-108.28,-98.34
2181.02,-149.32,-139.34,-129.57,-119.46,-109.42,-148.41,-138.41,-128.57,-118.47,-108.44,-147.37,-137.36,-127.24,-117.43,-107.49,-146.27,-136.76,-126.55,-116.56,-106.44,-145.41,-135.43,-125.53,-115.37,-105.44,-144.52,-134.54,-124.40,-114.33,-104.44,-0.37,-0.37,-0.37,-0.37,-0.37,-142.43,-132.46,-122.40,-112.44,-102.57,-141.54,-131.29,-121.41,-111.62,-101.46,-140.41,-130.29,-120.44,-110.49,-100.26,-139.48,-129.44,-119.40,-109.49,-99.45,-138.31,-128.42,-118.55,-108.47,-98.46
2244.92,-149.58,-139.51,-129.48,-119.35,-109.36,-148.55,-138.55,-128.44,-118.43,-108.49,-147.39,-137.41,-127.39,-117.31,-107.43,-146.33,-136.53,-126.58,-116.30,-106.43,-145.42,-135.46,-125.33,-115.39,-105.45,-144.39,-134.46,-124.42,-114.49,-104.46,-3.50,-3.50,-3.50,-3.50,-3.50,-0.64,-0.64,-0.64,-0.64,-0.64,-141.49,-131.43,-121.44,-111.62,-101.50,-140.45,-130.51,-120.42,-110.27,-100.34,-139.39,-129.38,-119.55,-109.41,-99.47,-138.48,-128.51,-118.32,-108.45,-98.37
2310.71,-149.46,-139.40,-129.65,-119.44,-109.36,-148.39,-138.49,-128.38,-118.29,-108.43,-147.50,-137.46,-127.49,-117.51,-107.45,-146.22,-136.45,-126.36,-116.39,-106.37,-145.34,-135.46,-125.58,-115.52,-105.39,-144.43,-134.51,-124.41,-114.47,-104.37,-143.25,-133.40,-123.39,-113.36,-103.39,0.35,0.35,0.35,0.35,0.35,-141.47,-131.48,-121.43,-111.40,-101.37,-140.46,-130.41,-120.37,-110.34,-100.43,-139.42,-129.50,-119.38,-109.48,-99.27,-138.44,-128.66,-118.32,-108.33,-98.48
2378.41,-149.24,-139.48,-129.56,-119.38,-109.44,-148.40,-138.57,-128.29,-118.47,-108.54,-147.41,-137.42,-127.38,-117.46,-107.33,-146.41,-136.51,-126.40,-116.44,-106.51,-145.56,-135.48,-125.36,-115.42,-105.45,-144.37,-134.51,-124.57,-114.43,-104.41,-143.48,-133.46,-123.53,-113.54,-103.21,0.23,0.23,0.23,0.23,0.23,-141.49,-131.65,-121.34,-111.52,-101.41,-140.57,-130.54,-120.42,-110.46,-100.37,-139.42,-129.50,-119.44,-109.55,-99.35,-138.55,-128.53,-118.57,-108.43,-98.33
2448.11,-149.46,-139.39,-129.52,-119.43,-109.50,-148.44,-138.35,-128.39,-118.47,-108.45,-147.32,-137.57,-127.38,-117.52,-107.35,-146.40,-136.45,-126.28,-116.50,-106.52,-145.59,-135.43,-125.61,-115.42,-105.45,-144.50,-134.39,-124.34,-114.35,-104.41,-143.43,-133.44,-123.56,-113.46,-103.31,0.10,0.10,0.10,0.10,0.10,-141.64,-131.34,-121.51,-111.40,-101.50,-140.50,-130.38,-120.43,-110.36,-100.47,-139.54,-129.51,-119.32,-109.34,-99.45,-138.52,-128.40,-118.39,-108.51,-98.53
2519.84,-149.44,-139.36,-129.32,-119.58,-109.38,-148.53,-138.49,-128.34,-118.55,-108.37,-147.41,-137.41,-127.32,-117.33,-107.26,-146.40,-136.42,-126.44,-116.40,-106.47,-145.51,-135.41,-125.59,-115.51,-105.45,-144.39,-134.33,-124.34,-114.29,-104.34,-143.41,-133.37,-123.32,-113.39,-103.44,-0.02,-0.02,-0.02,-0.02,-0.02,-141.46,-131.56,-121.43,-111.35,-101.45,-140.49,-130.40,-120.37,-110.42,-100.31,-139.46,-129.54,-119.46,-109.40,-99.43,-138.36,-128.37,-118.40,-108.40,-98.38
2593.68,-149.63,-139.39,-129.38,-119.41,-109.43,-148.51,-138.36,-128.55,-118.51,-108.47,-147.42,-137.39,-127.35,-117.41,-107.50,-146.65,-136.47,-126.42,-116.50,-106.36,-145.42,-135.48,-125.49,-115.41,-105.55,-144.53,-134.28,-124.36,-114.37,-104.33,-143.52,-133.39,-123.49,-113.36,-103.36,-0.15,-0.15,-0.15,-0.15,-0.15,-141.37,-131.37,-121.51,-111.44,-101.29,-140.37,-130.33,-120.37,-110.54,-100.38,-139.40,-129.56,-119.29,-109.36,-99.47,-138.51,-128.52,-118.53,-108.57,-98.44
2669.68,-149.47,-139.49,-129.44,-119.41,-109.47,-148.39,-138.39,-128.49,-118.38,-108.36,-147.44,-137.51,-127.36,-117.39,-107.42,-146.30,-136.42,-126.32,-116.47,-106.37,-145.54,-135.46,-125.46,-115.49,-105.41,-144.42,-134.42,-124.23,-114.55,-104.55,-143.40,-133.32,-123.40,-113.51,-103.38,-0.28,-0.28,-0.28,-0.28,-0.28,-141.40,-131.45,-121.49,-111.32,-101.36,-140.49,-130.49,-120.42,-110.35,-100.42,-139.54,-129.43,-119.26,-109.42,-99.42,-138.34,-128.39,-118.44,-108.39,-98.32
2747.91,-149.39,-139.47,-129.48,-119.37,-109.39,-148.35,-138.47,-128.52,-118.40,-108.51,-147.29,-137.20,-127.33,-117.47,-107.39,-146.46,-136.44,-126.30,-116.43,-106.53,-145.42,-135.55,-125.36,-115.43,-105.39,-144.44,-134.38,-124.32,-114.41,-104.43,-143.24,-133.41,-123.40,-113.45,-103.29,-0.40,-0.40,-0.40,-0.40,-0.40,-141.36,-131.37,-121.42,-111.36,-101.39,-140.60,-130.46,-120.36,-110.44,-100.41,-139.40,-129.41,-119.39,-109.24,-99.46,-138.42,-128.39,-118.41,-108.37,-98.47
2828.43,-149.53,-139.49,-129.34,-119.40,-109.55,-148.41,-138.48,-128.50,-118.37,-108.54,-147.36,-137.29,-127.58,-117.45,-107.37,-146.34,-136.33,-126.44,-116.40,-106.42,-145.44,-135.51,-125.41,-115.46,-105.42,-144.35,-134.28,-124.31,-114.40,-104.28,-143.43,-133.34,-123.23,-113.31,-103.40,-6.98,-6.98,-6.98,-6.98,-6.98,-0.65,-0.65,-0.65,-0.65,-0.65,-140.47,-130.42,-120.31,-110.36,-100.27,-139.55,-129.52,-119.56,-109.54,-99.53,-138.42,-128.47,-118.44,-108.36,-98.35
2911.31,-149.41,-139.51,-129.60,-119.32,-109.40,-148.44,-138.50,-128.27,-118.31,-108.40,-147.46,-137.49,-127.43,-117.34,-107.39,-146.55,-136.46,-126.46,-116.34,-106.35,-145.37,-135.54,-125.38,-115.47,-105.60,-144.39,-134.42,-124.36,-114.41,-104.28,-143.37,-133.51,-123.46,-113.21,-103.38,-142.43,-132.44,-122.41,-112.40,-102.44,0.35,0.35,0.35,0.35,0.35,-140.37,-130.29,-120.42,-110.34,-100.46,-139.40,-129.35,-119.44,-109.40,-99.46,-138.46,-128.34,-118.34,-108.36,-98.28
2996.61,-149.42,-139.47,-129.52,-119.41,-109.35,-148.53,-138.35,-128.45,-118.41,-108.27,-147.46,-137.36,-127.43,-117.52,-107.32,-146.28,-136.43,-126.41,-116.40,-106.41,-145.42,-135.50,-125.32,-115.46,-105.44,-144.38,-134.34,-124.23,-114.23,-104.45,-143.35,-133.56,-123.63,-113.42,-103.33,-142.41,-132.43,-122.46,-112.24,-102.45,0.23,0.23,0.23,0.23,0.23,-140.39,-130.35,-120.38,-110.52,-100.44,-139.50,-129.45,-119.48,-109.45,-99.43,-138.45,-128.44,-118.50,-108.41,-98.40
3084.42,-149.49,-139.50,-129.54,-119.55,-109.47,-148.52,-138.38,-128.39,-118.57,-108.51,-147.40,-137.31,-127.38,-117.32,-107.34,-146.33,-136.46,-126.52,-116.45,-106.50,-145.47,-135.36,-125.48,-115.53,-105.54,-144.16,-134.37,-124.43,-114.41,-104.27,-143.30,-133.46,-123.41,-113.60,-103.45,-142.42,-132.47,-122.33,-112.31,-102.50,0.10,0.10,0.10,0.10,0.10,-140.33,-130.27,-120.42,-110.46,-100.36,-139.41,-129.49,-119.34,-109.40,-99.44,-138.34,-128.43,-118.48,-108.40,-98.52
3174.80,-149.25,-139.47,-129.48,-119.46,-109.52,-148.43,-138.40,-128.42,-118.39,-108.36,-147.31,-137.37,-127.31,-117.37,-107.37,-146.33,-136.30,-126.41,-116.37,-106.43,-145.41,-135.48,-125.34,-115.61,-105.58,-144.24,-134.31,-124.43,-114.47,-104.30,-143.34,-133.41,-123.53,-113.36,-103.38,-142.51,-132.51,-122.52,-112.36,-102.46,-0.02,-0.02,-0.02,-0.02,-0.02,-140.51,-130.47,-120.48,-110.52,-100.35,-139.50,-129.34,-119.34,-109.32,-99.48,-138.47,-128.49,-118.50,-108.54,-98.40
3267.83,-149.42,-139.35,-129.49,-119.37,-109.47,-148.50,-138.51,-128.54,-118.51,-108.49,-147.23,-137.42,-127.46,-117.41,-107.26,-146.34,-136.54,-126.36,-116.44,-106.37,-145.48,-135.44,-125.36,-115.42,-105.31,-144.38,-134.23,-124.37,-114.39,-104.28,-143.38,-133.39,-123.46,-113.40,-103.38,-142.36,-132.43,-122.50,-112.50,-102.45,-0.15,-0.15,-0.15,-0.15,-0.15,-140.38,-130.42,-120.46,-110.27,-100.37,-139.59,-129.34,-119.43,-109.46,-99.57,-138.40,-128.51,-118.40,-108.42,-98.47
3363.59,-149.53,-139.56,-129.45,-119.43,-109.40,-148.38,-138.40,-128.41,-118.43,-108.37,-147.43,-137.30,-127.36,-117.36,-107.42,-146.36,-136.48,-126.40,-116.39,-106.41,-145.51,-135.49,-125.35,-115.47,-105.42,-144.51,-134.40,-124.30,-114.34,-104.37,-143.46,-133.37,-123.50,-113.41,-103.46,-142.37,-132.42,-122.33,-112.37,-102.35,-0.28,-0.28,-0.28,-0.28,-0.28,-140.33,-130.58,-120.26,-110.41,-100.30,-139.42,-129.50,-119.32,-109.38,-99.53,-138.56,-128.36,-118.41,-108.50,-98.46
3462.15,-149.33,-139.54,-129.42,-119.34,-109.39,-148.39,-138.44,-128.46,-118.50,-108.32,-147.48,-137.55,-127.41,-117.44,-107.46,-146.35,-136.44,-126.42,-116.41,-106.49,-145.32,-135.63,-125.55,-115.41,-105.45,-144.22,-134.43,-124.38,-114.42,-104.40,-143.31,-133.38,-123.31,-113.40,-103.36,-142.40,-132.40,-122.41,-112.52,-102.47,-0.40,-0.40,-0.40,-0.40,-0.40,-140.48,-130.45,-120.44,-110.34,-100.28,-139.52,-129.36,-119.41,-109.51,-99.40,-138.47,-128.41,-118.28,-108.38,-98.46
3563.59,-149.47,-139.32,-129.40,-119.34,-109.29,-148.40,-138.41,-128.46,-118.47,-108.57,-147.50,-137.34,-127.46,-117.42,-107.40,-146.44,-136.51,-126.45,-116.45,-106.41,-145.64,-135.26,-125.51,-115.41,-105.35,-144.47,-134.32,-124.38,-114.41,-104.40,-143.41,-133.48,-123.52,-113.43,-103.46,-142.37,-132.49,-122.48,-112.46,-102.45,-6.94,-6.94,-6.94,-6.94,-6.94,-2.50,-2.50,-2.50,-2.50,-2.50,-139.36,-129.57,-119.43,-109.34,-99.44,-138.54,-128.28,-118.45,-108.54,-98.52
3668.02,-149.41,-139.46,-129.50,-119.39,-109.31,-148.53,-138.37,-128.37,-118.42,-108.41,-147.33,-137.35,-127.42,-117.39,-107.49,-146.44,-136.38,-126.44,-116.41,-106.28,-145.43,-135.48,-125.35,-115.47,-105.43,-144.27,-134.24,-124.43,-114.41,-104.21,-143.39,-133.45,-123.33,-113.41,-103.43,-142.40,-132.45,-122.36,-112.55,-102.34,-141.60,-131.41,-121.37,-111.27,-101.35,0.39,0.39,0.39,0.39,0.39,-139.44,-129.34,-119.54,-109.39,-99.46,-138.50,-128.64,-118.45,-108.51,-98.44
3775.50,-149.28,-139.46,-129.48,-119.45,-109.39,-148.42,-138.48,-128.41,-118.40,-108.26,-147.37,-137.49,-127.34,-117.49,-107.45,-146.38,-136.51,-126.55,-116.53,-106.44,-145.34,-135.32,-125.59,-115.52,-105.43,-144.52,-134.44,-124.54,-114.36,-104.44,-143.35,-133.32,-123.53,-113.43,-103.36,-142.46,-132.36,-122.49,-112.40,-102.38,-141.53,-131.53,-121.50,-111.45,-101.35,0.26,0.26,0.26,0.26,0.26,-139.48,-129.45,-119.34,-109.60,-99.58,-138.31,-128.40,-118.57,-108.40,-98.35
3886.13,-149.52,-139.45,-129.50,-119.52,-109.48,-148.62,-138.41,-128.51,-118.34,-108.48,-147.22,-137.43,-127.26,-117.46,-107.49,-146.34,-136.49,-126.41,-116.54,-106.42,-145.49,-135.48,-125.60,-115.50,-105.43,-144.35,-134.41,-124.29,-114.48,-104.43,-143.44,-133.37,-123.43,-113.37,-103.33,-142.52,-132.45,-122.47,-112.43,-102.36,-141.40,-131.36,-121.38,-111.46,-101.49,0.13,0.13,0.13,0.13,0.13,-139.36,-129.34,-119.44,-109.44,-99.53,-138.35,-128.43,-118.39,-108.44,-98.43
4000.00,-149.55,-139.47,-129.44,-119.50,-109.33,-148.41,-138.41,-128.46,-118.39,-108.35,-147.42,-137.45,-127.40,-117.45,-107.30,-146.33,-136.32,-126.44,-116.45,-106.54,-145.43,-135.58,-125.42,-115.44,-105.44,-144.31,-134.35,-124.42,-114.41,-104.38,-143.43,-133.35,-123.46,-113.38,-103.43,-142.48,-132.47,-122.44,-112.48,-102.50,-141.49,-131.45,-121.46,-111.35,-101.36,0.01,0.01,0.01,0.01,0.01,-139.50,-129.43,-119.44,-109.48,-99.38,-138.44,-128.40,-118.38,-108.38,-98.38
4117.21,-149.43,-139.58,-129.44,-119.42,-109.41,-148.39,-138.33,-128.39,-118.24,-108.33,-147.45,-137.45,-127.45,-117.53,-107.30,-146.44,-136.42,-126.40,-116.29,-106.50,-145.54,-135.34,-125.53,-115.58,-105.46,-144.31,-134.41,-124.29,-114.41,-104.41,-143.45,-133.33,-123.53,-113.33,-103.37,-142.51,-132.50,-122.47,-112.45,-102.36,-141.45,-131.61,-121.45,-111.48,-101.46,-0.12,-0.12,-0.12,-0.12,-0.12,-139.39,-129.36,-119.43,-109.37,-99.49,-138.39,-128.47,-118.43,-108.36,-98.45
4237.85,-149.42,-139.38,-129.38,-119.33,-109.32,-148.45,-138.38,-128.42,-118.33,-108.34,-147.42,-137.54,-127.39,-117.39,-107.51,-146.51,-136.34,-126.46,-116.49,-106.42,-145.52,-135.44,-125.47,-115.42,-105.51,-144.31,-134.41,-124.33,-114.38,-104.36,-143.45,-133.43,-123.46,-113.41,-103.50,-142.37,-132.26,-122.38,-112.32,-102.30,-141.36,-131.52,-121.44,-111.37,-101.53,-0.24,-0.24,-0.24,-0.24,-0.24,-139.27,-129.38,-119.33,-109.40,-99.45,-138.47,-128.46,-118.36,-108.44,-98.42
4362.03,-149.33,-139.46,-129.42,-119.51,-109.44,-148.46,-138.32,-128.42,-118.36,-108.45,-147.39,-137.37,-127.42,-117.43,-107.48,-146.38,-136.39,-126.40,-116.45,-106.39,-145.50,-135.34,-125.46,-115.45,-105.36,-144.41,-134.35,-124.26,-114.41,-104.42,-143.42,-133.35,-123.44,-113.51,-103.39,-142.51,-132.47,-122.55,-112.44,-102.45,-141.43,-131.32,-121.51,-111.44,-101.22,-0.37,-0.37,-0.37,-0.37,-0.37,-139.43,-129.49,-119.37,-109.39,-99.50,-138.48,-128.52,-118.51,-108.35,-98.42
4489.85,-149.34,-139.32,-129.49,-119.40,-109.38,-148.34,-138.40,-128.50,-118.32,-108.42,-147.62,-137.40,-127.44,-117.38,-107.42,-146.41,-136.36,-126.35,-116.47,-106.43,-145.40,-135.42,-125.40,-115.47,-105.56,-144.51,-134.35,-124.39,-114.41,-104.36,-143.40,-133.39,-123.31,-113.36,-103.43,-142.43,-132.35,-122.49,-112.45,-102.42,-141.39,-131.44,-121.52,-111.43,-101.46,-3.50,-3.50,-3.50,-3.50,-3.50,-0.64,-0.64,-0.64,-0.64,-0.64,-138.50,-128.38,-118.32,-108.47,-98.49
4621.41,-149.45,-139.51,-129.36,-119.38,-109.50,-148.41,-138.34,-128.43,-118.50,-108.37,-147.38,-137.44,-127.40,-117.31,-107.43,-146.47,-136.38,-126.48,-116.48,-106.39,-145.56,-135.52,-125.33,-115.42,-105.52,-144.37,-134.43,-124.42,-114.39,-104.47,-143.50,-133.41,-123.44,-113.38,-103.28,-142.36,-132.41,-122.34,-112.42,-102.50,-141.45,-131.39,-121.31,-111.43,-101.43,-140.43,-130.53,-120.29,-110.37,-100.48,0.35,0.35,0.35,0.35,0.35,-138.46,-128.50,-118.41,-108.36,-98.46
4756.83,-149.50,-139.46,-129.44,-119.39,-109.53,-148.49,-138.44,-128.42,-118.43,-108.45,-147.47,-137.44,-127.39,-117.45,-107.42,-146.41,-136.35,-126.63,-116.38,-106.38,-145.51,-135.49,-125.38,-115.57,-105.41,-144.44,-134.34,-124.39,-114.37,-104.32,-143.38,-133.43,-123.36,-113.35,-103.40,-142.37,-132.45,-122.42,-112.53,-102.49,-141.41,-131.50,-121.45,-111.38,-101.43,-140.38,-130.34,-120.42,-110.25,-100.36,0.23,0.23,0.23,0.23,0.23,-138.48,-128.52,-118.35,-108.51,-98.53
4896.21,-149.45,-139.49,-129.60,-119.38,-109.47,-148.40,-138.56,-128.48,-118.62,-108.39,-147.35,-137.36,-127.44,-117.33,-107.33,-146.40,-136.43,-126.43,-116.40,-106.35,-145.47,-135.61,-125.39,-115.38,-105.53,-144.38,-134.38,-124.43,-114.42,-104.35,-143.40,-133.51,-123.37,-113.45,-103.44,-142.39,-132.42,-122.52,-112.42,-102.36,-141.46,-131.43,-121.46,-111.56,-101.54,-140.24,-130.45,-120.34,-110.37,-100.44,0.10,0.10,0.10,0.10,0.10,-138.44,-128.31,-118.54,-108.36,-98.38
5039.68,-149.55,-139.33,-129.52,-119.48,-109.47,-148.43,-138.42,-128.44,-118.43,-108.46,-147.36,-137.35,-127.30,-117.39,-107.37,-146.42,-136.32,-126.47,-116.45,-106.39,-145.40,-135.51,-125.48,-115.53,-105.37,-144.45,-134.40,-124.34,-114.37,-104.29,-143.42,-133.52,-123.47,-113.45,-103.37,-142.39,-132.35,-122.35,-112.51,-102.38,-141.33,-131.34,-121.45,-111.33,-101.51,-140.50,-130.42,-120.44,-110.32,-100.39,-0.02,-0.02,-0.02,-0.02,-0.02,-138.43,-128.49,-118.36,-108.46,-98.54
5187.36,-149.37,-139.48,-129.48,-119.48,-109.33,-148.41,-138.49,-128.44,-118.45,-108.37,-147.47,-137.40,-127.50,-117.43,-107.31,-146.55,-136.37,-126.45,-116.41,-106.41,-145.49,-135.44,-125.44,-115.46,-105.42,-144.40,-134.46,-124.50,-114.41,-104.30,-143.40,-133.39,-123.35,-113.35,-103.38,-142.52,-132.38,-122.36,-112.48,-102.36,-141.54,-131.45,-121.39,-111.42,-101.41,-140.41,-130.31,-120.35,-110.44,-100.41,-0.15,-0.15,-0.15,-0.15,-0.15,-138.49,-128.31,-118.34,-108.47,-98.43
5339.36,-149.34,-139.48,-129.45,-119.46,-109.35,-148.42,-138.41,-128.51,-118.47,-108.46,-147.35,-137.41,-127.37,-117.40,-107.32,-146.38,-136.36,-126.42,-116.46,-106.45,-145.50,-135.52,-125.44,-115.38,-105.48,-144.38,-134.38,-124.48,-114.40,-104.38,-143.35,-133.38,-123.45,-113.45,-103.40,-142.49,-132.48,-122.52,-112.53,-102.47,-141.31,-131.46,-121.40,-111.45,-101.45,-140.26,-130.37,-120.39,-110.33,-100.32,-0.28,-0.28,-0.28,-0.28,-0.28,-138.34,-128.32,-118.42,-108.37,-98.45
5495.81,-149.37,-139.40,-129.47,-119.48,-109.42,-148.41,-138.45,-128.51,-118.41,-108.44,-147.40,-137.38,-127.36,-117.40,-107.35,-146.35,-136.49,-126.46,-116.46,-106.45,-145.44,-135.39,-125.48,-115.44,-105.55,-144.38,-134.41,-124.42,-114.39,-104.24,-143.39,-133.48,-123.40,-113.37,-103.39,-142.41,-132.49,-122.44,-112.43,-102.43,-141.42,-131.43,-121.29,-111.31,-101.54,-140.47,-130.29,-120.48,-110.32,-100.47,-0.40,-0.40,-0.40,-0.40,-0.40,-138.42,-128.44,-118.35,-108.51,-98.34
5656.85,-149.43,-139.36,-129.43,-119.43,-109.38,-148.40,-138.44,-128.44,-118.46,-108.44,-147.33,-137.47,-127.40,-117.41,-107.36,-146.37,-136.37,-126.38,-116.39,-106.40,-145.48,-135.44,-125.54,-115.38,-105.52,-144.28,-134.47,-124.42,-114.38,-104.34,-143.39,-133.38,-123.36,-113.34,-103.38,-142.52,-132.36,-122.41,-112.38,-102.55,-141.50,-131.39,-121.42,-111.48,-101.48,-140.42,-130.35,-120.45,-110.45,-100.35,-6.98,-6.98,-6.98,-6.98,-6.98,-0.65,-0.65,-0.65,-0.65,-0.65
5822.61,-149.42,-139.40,-129.50,-119.45,-109.41,-148.44,-138.47,-128.36,-118.51,-108.43,-147.33,-137.46,-127.43,-117.50,-107.50,-146.43,-136.42,-126.32,-116.50,-106.41,-145.55,-135.44,-125.43,-115.42,-105.43,-144.28,-134.46,-124.39,-114.39,-104.41,-143.30,-133.45,-123.43,-113.33,-103.37,-142.43,-132.45,-122.46,-112.41,-102.36,-141.53,-131.44,-121.52,-111.37,-101.33,-140.46,-130.42,-120.44,-110.49,-100.40,-139.42,-129.53,-119.39,-109.41,-99.37,0.35,0.35,0.35,0.35,0.35
5993.23,-149.43,-139.42,-129.41,-119.43,-109.48,-148.48,-138.45,-128.46,-118.41,-108.33,-147.35,-137.31,-127.45,-117.23,-107.37,-146.41,-136.46,-126.40,-116.39,-106.39,-145.41,-135.44,-125.48,-115.42,-105.52,-144.34,-134.49,-124.39,-114.33,-104.39,-143.41,-133.37,-123.33,-113.38,-103.37,-142.55,-132.34,-122.40,-112.36,-102.50,-141.51,-131.47,-121.42,-111.46,-101.41,-140.36,-130.33,-120.48,-110.41,-100.47,-139.43,-129.35,-119.49,-109.38,-99.51,0.23,0.23,0.23,0.23,0.23
6168.84,-149.49,-139.50,-129.42,-119.46,-109.46,-148.47,-138.36,-128.45,-118.36,-108.47,-147.35,-137.41,-127.31,-117.44,-107.42,-146.43,-136.38,-126.41,-116.38,-106.46,-145.41,-135.39,-125.48,-115.50,-105.47,-144.41,-134.40,-124.32,-114.44,-104.42,-143.45,-133.49,-123.41,-113.40,-103.44,-142.54,-132.36,-122.54,-112.49,-102.44,-141.44,-131.43,-121.37,-111.36,-101.55,-140.44,-130.32,-120.38,-110.35,-100.39,-139.52,-129.49,-119.47,-109.43,-99.43,0.10,0.10,0.10,0.10,0.10
6349.60,-149.46,-139.45,-129.30,-119.52,-109.38,-148.42,-138.49,-128.42,-118.41,-108.40,-147.39,-137.43,-127.39,-117.47,-107.40,-146.40,-136.47,-126.31,-116.42,-106.45,-145.38,-135.47,-125.31,-115.41,-105.48,-144.42,-134.38,-124.33,-114.41,-104.38,-143.32,-133.39,-123.42,-113.41,-103.45,-142.60,-132.46,-122.38,-112.48,-102.50,-141.38,-131.44,-121.45,-111.49,-101.47,-140.29,-130.45,-120.31,-110.34,-100.39,-139.39,-129.41,-119.44,-109.36,-99.31,-0.02,-0.02,-0.02,-0.02,-0.02
6535.66,-149.45,-139.53,-129.52,-119.47,-109.40,-148.50,-138.40,-128.45,-118.47,-108.41,-147.47,-137.47,-127.40,-117.35,-107.43,-146.39,-136.33,-126.47,-116.32,-106.48,-145.48,-135.47,-125.55,-115.38,-105.48,-144.46,-134.33,-124.35,-114.34,-104.33,-143.39,-133.38,-123.42,-113.37,-103.41,-142.40,-132.44,-122.40,-112.36,-102.45,-141.45,-131.47,-121.43,-111.46,-101.45,-140.39,-130.30,-120.34,-110.44,-100.49,-139.36,-129.50,-119.50,-109.41,-99.34,-0.15,-0.15,-0.15,-0.15,-0.15
6727.17,-149.44,-139.55,-129.40,-119.48,-109.40,-148.41,-138.42,-128.35,-118.40,-108.41,-147.37,-137.45,-127.30,-117.33,-107.32,-146.36,-136.39,-126.50,-116.45,-106.48,-145.43,-135.41,-125.52,-115.46,-105.40,-144.39,-134.37,-124.45,-114.42,-104.44,-143.30,-133.48,-123.40,-113.46,-103.40,-142.53,-132.50,-122.39,-112.38,-102.40,-141.41,-131.45,-121.53,-111.44,-101.44,-140.31,-130.47,-120.42,-110.38,-100.39,-139.47,-129.40,-119.41,-109.39,-99.51,-0.28,-0.28,-0.28,-0.28,-0.28
6924.29,-149.48,-139.41,-129.45,-119.33,-109.43,-148.45,-138.46,-128.40,-118.48,-108.45,-147.43,-137.41,-127.35,-117.48,-107.38,-146.41,-136.44,-126.49,-116.42,-106.37,-145.36,-135.50,-125.47,-115.41,-105.36,-144.46,-134.40,-124.38,-114.33,-104.36,-143.51,-133.29,-123.38,-113.38,-103.44,-142.52,-132.35,-122.44,-112.52,-102.41,-141.46,-131.47,-121.38,-111.47,-101.45,-140.41,-130.40,-120.33,-110.46,-100.46,-139.46,-129.54,-119.41,-109.40,-99.38,-0.40,-0.40,-0.40,-0.40,-0.40
7127.19,-149.51,-139.42,-129.29,-119.41,-109.41,-148.51,-138.44,-128.42,-118.38,-108.51,-147.30,-137.41,-127.40,-117.35,-107.32,-146.38,-136.37,-126.38,-116.49,-106.42,-145.54,-135.46,-125.45,-115.45,-105.45,-144.32,-134.40,-124.39,-114.35,-104.34,-143.37,-133.48,-123.32,-113.33,-103.41,-142.43,-132.43,-122.45,-112.49,-102.48,-141.43,-131.51,-121.43,-111.45,-101.44,-140.32,-130.49,-120.40,-110.34,-100.36,-139.43,-129.42,-119.45,-109.44,-99.44,-6.94,-6.94,-6.94,-6.94,-6.94
7336.03,-149.48,-139.44,-129.42,-119.45,-109.46,-148.41,-138.41,-128.46,-118.46,-108.52,-147.42,-137.41,-127.38,-117.36,-107.36,-146.44,-136.42,-126.36,-116.41,-106.52,-145.48,-135.45,-125.53,-115.44,-105.36,-144.31,-134.37,-124.39,-114.26,-104.46,-143.38,-133.46,-123.33,-113.42,-103.43,-142.40,-132.46,-122.52,-112.46,-102.49,-141.59,-131.40,-121.42,-111.51,-101.43,-140.32,-130.48,-120.40,-110.45,-100.36,-139.38,-129.52,-119.43,-109.50,-99.40,-138.53,-128.52,-118.43,-108.51,-98.51
7550.99,-149.43,-139.49,-129.44,-119.43,-109.57,-148.41,-138.50,-128.38,-118.49,-108.35,-147.39,-137.47,-127.35,-117.31,-107.50,-146.50,-136.50,-126.44,-116.44,-106.52,-145.48,-135.48,-125.46,-115.56,-105.40,-144.44,-134.40,-124.44,-114.38,-104.39,-143.46,-133.36,-123.46,-113.48,-103.31,-142.51,-132.48,-122.36,-112.41,-102.42,-141.47,-131.33,-121.51,-111.54,-101.43,-140.42,-130.45,-120.43,-110.35,-100.42,-139.39,-129.45,-119.41,-109.45,-99.48,-138.46,-128.41,-118.41,-108.37,-98.45
7772.26,-149.38,-139.44,-129.37,-119.48,-109.45,-148.44,-138.46,-128.55,-118.34,-108.40,-147.37,-137.39,-127.38,-117.44,-107.41,-146.44,-136.35,-126.50,-116.43,-106.41,-145.38,-135.47,-125.53,-115.40,-105.43,-144.38,-134.41,-124.38,-114.42,-104.40,-143.44,-133.44,-123.45,-113.49,-103.39,-142.46,-132.39,-122.44,-112.49,-102.38,-141.51,-131.43,-121.48,-111.38,-101.44,-140.43,-130.52,-120.51,-110.52,-100.42,-139.39,-129.49,-119.46,-109.48,-99.49,-138.42,-128.44,-118.44,-108.37,-98.43
8000.00,-149.44,-139.45,-129.45,-119.44,-109.44,-148.35,-138.43,-128.40,-118.37,-108.41,-147.27,-137.38,-127.38,-117.45,-107.37,-146.45,-136.51,-126.48,-116.45,-106.53,-145.44,-135.43,-125.44,-115.43,-105.47,-144.37,-134.35,-124.32,-114.43,-104.30,-143.41,-133.38,-123.42,-113.40,-103.42,-142.43,-132.38,-122.43,-112.46,-102.44,-141.42,-131.41,-121.43,-111.44,-101.54,-140.34,-130.41,-120.39,-110.45,-100.43,-139.39,-129.44,-119.41,-109.35,-99.37,-138.53,-128.42,-118.49,-108.43,-98.46
8234.42,-149.42,-139.38,-129.46,-119.39,-109.46,-148.47,-138.46,-128.41,-118.41,-108.46,-147.38,-137.34,-127.39,-117.49,-107.44,-146.43,-136.43,-126.42,-116.42,-106.37,-145.42,-135.43,-125.39,-115.50,-105.40,-144.41,-134.35,-124.28,-114.44,-104.42,-143.45,-133.48,-123.40,-113.41,-103.42,-142.47,-132.44,-122.48,-112.39,-102.54,-141.41,-131.36,-121.51,-111.48,-101.46,-140.35,-130.44,-120.48,-110.48,-100.42,-139.48,-129.46,-119.41,-109.36,-99.45,-138.45,-128.42,-118.43,-108.40,-98.36
8475.70,-149.45,-139.45,-129.39,-119.41,-109.39,-148.43,-138.46,-128.47,-118.50,-108.43,-147.35,-137.37,-127.30,-117.40,-107.32,-146.40,-136.37,-126.39,-116.40,-106.42,-145.45,-135.42,-125.44,-115.47,-105.39,-144.37,-134.36,-124.41,-114.37,-104.34,-143.45,-133.45,-123.44,-113.42,-103.45,-142.45,-132.48,-122.45,-112.39,-102.58,-141.55,-131.42,-121.38,-111.33,-101.46,-140.37,-130.35,-120.39,-110.45,-100.43,-139.40,-129.48,-119.41,-109.49,-99.53,-138.45,-128.43,-118.36,-108.41,-98.39
8724.06,-149.39,-139.41,-129.48,-119.41,-109.36,-148.44,-138.46,-128.36,-118.44,-108.38,-147.40,-137.35,-127.37,-117.35,-107.41,-146.44,-136.43,-126.44,-116.39,-106.44,-145.50,-135.50,-125.47,-115.49,-105.40,-144.46,-134.35,-124.35,-114.35,-104.32,-143.38,-133.36,-123.43,-113.42,-103.33,-142.50,-132.48,-122.39,-112.43,-102.46,-141.48,-131.48,-121.39,-111.47,-101.42,-140.38,-130.45,-120.37,-110.38,-100.43,-139.46,-129.42,-119.40,-109.37,-99.51,-138.37,-128.44,-118.47,-108.44,-98.40
8979.70,-149.49,-139.44,-129.41,-119.36,-109.40,-148.48,-138.42,-128.44,-118.49,-108.42,-147.40,-137.34,-127.38,-117.41,-107.36,-146.36,-136.42,-126.45,-116.38,-106.42,-145.52,-135.48,-125.37,-115.46,-105.52,-144.35,-134.33,-124.29,-114.39,-104.43,-143.43,-133.36,-123.41,-113.35,-103.45,-142.45,-132.49,-122.44,-112.44,-102.43,-141.55,-131.38,-121.42,-111.47,-101.49,-140.36,-130.35,-120.30,-110.36,-100.47,-139.39,-129.41,-119.44,-109.39,-99.40,-138.45,-128.53,-118.42,-108.42,-98.38
9242.82,-149.44,-139.42,-129.46,-119.40,-109.40,-148.42,-138.45,-128.42,-118.41,-108.42,-147.41,-137.41,-127.41,-117.35,-107.45,-146.38,-136.43,-126.45,-116.40,-106.43,-145.45,-135.36,-125.41,-115.47,-105.44,-144.45,-134.41,-124.33,-114.42,-104.49,-143.36,-133.35,-123.36,-113.37,-103.46,-142.47,-132.47,-122.46,-112.55,-102.52,-141.47,-131.46,-121.37,-111.47,-101.38,-140.37,-130.38,-120.38,-110.47,-100.45,-139.38,-129.44,-119.46,-109.49,-99.40,-138.37,-128.46,-118.42,-108.43,-98.43
9513.66,-149.39,-139.44,-129.49,-119.50,-109.42,-148.38,-138.45,-128.45,-118.39,-108.37,-147.36,-137.36,-127.40,-117.31,-107.39,-146.46,-136.37,-126.45,-116.39,-106.42,-145.47,-135.52,-125.57,-115.46,-105.48,-144.37,-134.43,-124.28,-114.47,-104.40,-143.42,-133.38,-123.34,-113.41,-103.35,-142.46,-132.50,-122.45,-112.46,-102.50,-141.39,-131.46,-121.48,-111.47,-101.47,-140.39,-130.47,-120.47,-110.50,-100.31,-139.43,-129.43,-119.45,-109.39,-99.38,-138.46,-128.47,-118.45,-108.39,-98.41
9792.43,-149.44,-139.43,-129.46,-119.46,-109.37,-148.34,-138.43,-128.49,-118.50,-108.36,-147.37,-137.34,-127.43,-117.39,-107.44,-146.45,-136.49,-126.36,-116.44,-106.45,-145.49,-135.45,-125.52,-115.47,-105.44,-144.35,-134.34,-124.43,-114.34,-104.40,-143.33,-133.43,-123.35,-113.44,-103.44,-142.44,-132.48,-122.47,-112.47,-102.44,-141.45,-131.44,-121.47,-111.38,-101.44,-140.42,-130.40,-120.36,-110.45,-100.36,-139.47,-129.39,-119.37,-109.42,-99.46,-138.46,-128.42,-118.42,-108.47,-98.44
10079.37,-149.42,-139.42,-129.46,-119.42,-109.53,-148.46,-138.46,-128.42,-118.47,-108.48,-147.42,-137.40,-127.44,-117.42,-107.47,-146.41,-136.38,-126.45,-116.44,-106.35,-145.43,-135.40,-125.53,-115.50,-105.55,-144.44,-134.42,-124.35,-114.37,-104.32,-143.37,-133.38,-123.48,-113.38,-103.32,-142.42,-132.53,-122.38,-112.43,-102.55,-141.43,-131.43,-121.35,-111.48,-101.49,-140.38,-130.44,-120.43,-110.44,-100.35,-139.43,-129.41,-119.42,-109.47,-99.53,-138.39,-128.45,-118.47,-108.42,-98.46
10374.72,-149.47,-139.47,-129.44,-119.42,-109.33,-148.43,-138.42,-128.41,-118.42,-108.46,-147.43,-137.41,-127.36,-117.39,-107.44,-146.45,-136.32,-126.45,-116.44,-106.36,-145.47,-135.44,-125.45,-115.47,-105.46,-144.43,-134.42,-124.41,-114.36,-104.40,-143.41,-133.37,-123.38,-113.43,-103.42,-142.44,-132.41,-122.48,-112.41,-102.46,-141.49,-131.36,-121.50,-111.43,-101.42,-140.35,-130.46,-120.42,-110.43,-100.45,-139.49,-129.39,-119.47,-109.40,-99.43,-138.40,-128.26,-118.44,-108.47,-98.45
10678.72,-149.44,-139.41,-129.47,-119.42,-109.44,-148.46,-138.40,-128.43,-118.43,-108.38,-147.41,-137.35,-127.42,-117.33,-107.39,-146.46,-136.45,-126.49,-116.44,-106.38,-145.42,-135.48,-125.44,-115.40,-105.44,-144.36,-134.44,-124.33,-114.35,-104.31,-143.41,-133.53,-123.44,-113.48,-103.39,-142.37,-132.47,-122.44,-112.43,-102.43,-141.42,-131.44,-121.46,-111.45,-101.44,-140.43,-130.37,-120.43,-110.39,-100.42,-139.44,-129.43,-119.58,-109.42,-99.39,-138.46,-128.46,-118.46,-108.48,-98.47
10991.63,-149.41,-139.38,-129.40,-119.39,-109.47,-148.44,-138.29,-128.42,-118.33,-108.44,-147.37,-137.35,-127.38,-117.38,-107.43,-146.43,-136.53,-126.39,-116.42,-106.39,-145.46,-135.43,-125.42,-115.44,-105.48,-144.36,-134.39,-124.36,-114.38,-104.34,-143.35,-133.40,-123.43,-113.46,-103.39,-142.50,-132.50,-122.44,-112.45,-102.47,-141.42,-131.44,-121.41,-111.39,-101.45,-140.41,-130.29,-120.33,-110.42,-100.34,-139.46,-129.37,-119.36,-109.43,-99.46,-138.42,-128.43,-118.51,-108.41,-98.38
11313.71,-149.38,-139.41,-129.50,-119.36,-109.45,-148.43,-138.46,-128.40,-118.45,-108.44,-147.43,-137.45,-127.39,-117.39,-107.40,-146.40,-136.48,-126.43,-116.43,-106.40,-145.48,-135.41,-125.40,-115.51,-105.47,-144.43,-134.41,-124.39,-114.40,-104.42,-143.39,-133.38,-123.38,-113.40,-103.46,-142.40,-132.38,-122.48,-112.37,-102.45,-141.47,-131.46,-121.45,-111.45,-101.46,-140.40,-130.33,-120.37,-110.40,-100.39,-139.41,-129.47,-119.46,-109.36,-99.46,-138.42,-128.42,-118.42,-108.39,-98.40
11645.23,-149.44,-139.43,-129.42,-119.45,-109.50,-148.41,-138.43,-128.37,-118.46,-108.53,-147.41,-137.38,-127.43,-117.39,-107.43,-146.48,-136.45,-126.42,-116.43,-106.39,-145.37,-135.38,-125.47,-115.47,-105.43,-144.43,-134.32,-124.37,-114.40,-104.35,-143.47,-133.43,-123.44,-113.36,-103.44,-142.44,-132.47,-122.44,-112.44,-102.46,-141.48,-131.40,-121.41,-111.40,-101.42,-140.39,-130.36,-120.37,-110.49,-100.46,-139.42,-129.39,-119.42,-109.47,-99.46,-138.43,-128.50,-118.34,-108.41,-98.45
11986.46,-149.44,-139.41,-129.49,-119.42,-109.43,-148.45,-138.45,-128.44,-118.41,-108.41,-147.37,-137.42,-127.42,-117.44,-107.39,-146.42,-136.40,-126.36,-116.44,-106.42,-145.45,-135.41,-125.50,-115.48,-105.54,-144.36,-134.35,-124.33,-114.40,-104.39,-143.44,-133.44,-123.40,-113.42,-103.39,-142.44,-132.45,-122.40,-112.44,-102.43,-141.48,-131.43,-121.46,-111.38,-101.46,-140.42,-130.48,-120.41,-110.34,-100.37,-139.40,-129.47,-119.44,-109.47,-99.43,-138.45,-128.42,-118.38,-108.38,-98.46
12337.69,-149.45,-139.45,-129.38,-119.44,-109.45,-148.44,-138.46,-128.48,-118.51,-108.44,-147.44,-137.34,-127.38,-117.40,-107.42,-146.51,-136.44,-126.44,-116.43,-106.40,-145.47,-135.50,-125.42,-115.43,-105.41,-144.35,-134.41,-124.47,-114.40,-104.42,-143.36,-133.39,-123.43,-113.40,-103.44,-142.45,-132.49,-122.41,-112.46,-102.48,-141.42,-131.47,-121.45,-111.43,-101.51,-140.40,-130.37,-120.38,-110.40,-100.37,-139.47,-129.39,-119.44,-109.43,-99.44,-138.43,-128.36,-118.44,-108.42,-98.38
12699.21,-149.46,-139.41,-129.36,-119.45,-109.41,-148.39,-138.37,-128.49,-118.44,-108.40,-147.40,-137.36,-127.45,-117.39,-107.44,-146.42,-136.44,-126.39,-116.38,-106.41,-145.45,-135.45,-125.46,-115.47,-105.40,-144.32,-134.31,-124.37,-114.34,-104.34,-143.35,-133.39,-123.44,-113.42,-103.45,-142.45,-132.40,-122.40,-112.44,-102.44,-141.46,-131.40,-121.39,-111.48,-101.42,-140.31,-130.33,-120.43,-110.37,-100.45,-139.44,-129.46,-119.42,-109.42,-99.49,-138.43,-128.43,-118.46,-108.47,-98.46
13071.32,-149.40,-139.52,-129.44,-119.43,-109.44,-148.43,-138.43,-128.47,-118.46,-108.49,-147.50,-137.41,-127.40,-117.37,-107.34,-146.42,-136.39,-126.38,-116.41,-106.47,-145.46,-135.40,-125.49,-115.41,-105.41,-144.36,-134.41,-124.39,-114.37,-104.31,-143.39,-133.42,-123.37,-113.42,-103.35,-142.46,-132.47,-122.46,-112.39,-102.45,-141.38,-131.44,-121.43,-111.42,-101.43,-140.37,-130.35,-120.32,-110.32,-100.40,-139.48,-129.41,-119.39,-109.47,-99.40,-138.36,-128.39,-118.37,-108.43,-98.40
13454.34,-149.42,-139.37,-129.47,-119.42,-109.45,-148.42,-138.41,-128.45,-118.48,-108.43,-147.40,-137.34,-127.40,-117.41,-107.43,-146.45,-136.43,-126.38,-116.49,-106.42,-145.42,-135.43,-125.42,-115.44,-105.44,-144.41,-134.36,-124.37,-114.41,-104.38,-143.44,-133.43,-123.41,-113.41,-103.38,-142.45,-132.45,-122.49,-112.44,-102.51,-141.40,-131.45,-121.46,-111.44,-101.45,-140.36,-130.40,-120.37,-110.45,-100.39,-139.47,-129.49,-119.44,-109.48,-99.41,-138.43,-128.47,-118.48,-108.42,-98.41
13848.58,-149.49,-139.52,-129.45,-119.44,-109.45,-148.44,-138.42,-128.43,-118.41,-108.46,-147.43,-137.40,-127.40,-117.39,-107.38,-146.42,-136.42,-126.44,-116.49,-106.34,-145.51,-135.38,-125.40,-115.48,-105.41,-144.39,-134.42,-124.40,-114.34,-104.40,-143.42,-133.41,-123.40,-113.44,-103.42,-142.36,-132.46,-122.42,-112.46,-102.49,-141.46,-131.45,-121.37,-111.50,-101.44,-140.43,-130.42,-120.38,-110.37,-100.45,-139.48,-129.41,-119.49,-109.49,-99.35,-138.40,-128.39,-118.44,-108.43,-98.35
14254.38,-149.48,-139.53,-129.39,-119.43,-109.43,-148.43,-138.32,-128.36,-118.44,-108.46,-147.41,-137.38,-127.44,-117.37,-107.34,-146.34,-136.41,-126.45,-116.46,-106.46,-145.40,-135.45,-125.49,-115.46,-105.43,-144.35,-134.41,-124.39,-114.44,-104.40,-143.47,-133.45,-123.42,-113.43,-103.36,-142.45,-132.41,-122.47,-112.51,-102.41,-141.41,-131.50,-121.45,-111.45,-101.46,-140.38,-130.48,-120.43,-110.43,-100.44,-139.42,-129.40,-119.40,-109.43,-99.37,-138.48,-128.45,-118.37,-108.42,-98.42
14672.06,-149.40,-139.45,-129.44,-119.43,-109.51,-148.39,-138.40,-128.37,-118.37,-108.41,-147.41,-137.41,-127.36,-117.38,-107.42,-146.43,-136.35,-126.48,-116.41,-106.38,-145.43,-135.43,-125.42,-115.44,-105.45,-144.41,-134.31,-124.34,-114.43,-104.40,-143.45,-133.37,-123.42,-113.37,-103.39,-142.46,-132.45,-122.48,-112.43,-102.42,-141.42,-131.46,-121.44,-111.46,-101.46,-140.40,-130.45,-120.35,-110.38,-100.42,-139.39,-129.44,-119.43,-109.43,-99.40,-138.42,-128.46,-118.36,-108.41,-98.48
15101.99,-149.44,-139.43,-129.41,-119.43,-109.37,-148.44,-138.44,-128.40,-118.45,-108.41,-147.38,-137.32,-127.39,-117.37,-107.35,-146.46,-136.41,-126.46,-116.41,-106.46,-145.44,-135.45,-125.41,-115.45,-105.50,-144.41,-134.39,-124.39,-114.41,-104.33,-143.40,-133.39,-123.42,-113.38,-103.42,-142.45,-132.42,-122.47,-112.45,-102.44,-141.46,-131.42,-121.42,-111.42,-101.43,-140.38,-130.41,-120.39,-110.40,-100.41,-139.45,-129.49,-119.38,-109.44,-99.43,-138.44,-128.31,-118.46,-108.44,-98.39
15544.51,-149.43,-139.43,-129.49,-119.40,-109.46,-148.39,-138.38,-128.39,-118.41,-108.42,-147.37,-137.38,-127.39,-117.41,-107.47,-146.42,-136.35,-126.42,-116.46,-106.41,-145.47,-135.48,-125.42,-115.48,-105.44,-144.43,-134.40,-124.40,-114.40,-104.39,-143.41,-133.47,-123.38,-113.41,-103.42,-142.49,-132.38,-122.46,-112.41,-102.52,-141.45,-131.43,-121.46,-111.44,-101.43,-140.43,-130.46,-120.43,-110.53,-100.38,-139.41,-129.45,-119.42,-109.45,-99.44,-138.50,-128.44,-118.39,-108.44,-98.39
16000.00,-149.42,-139.41,-129.40,-119.45,-109.42,-148.41,-138.46,-128.41,-118.40,-108.38,-147.40,-137.40,-127.40,-117.43,-107.40,-146.42,-136.53,-126.40,-116.43,-106.45,-145.38,-135.43,-125.46,-115.53,-105.43,-144.38,-134.41,-124.35,-114.33,-104.39,-143.39,-133.43,-123.37,-113.37,-103.40,-142.41,-132.46,-122.46,-112.40,-102.46,-141.47,-131.43,-121.44,-111.49,-101.39,-140.45,-130.46,-120.41,-110.38,-100.42,-139.47,-129.43,-119.45,-109.43,-99.39,-138.42,-128.44,-118.39,-108.44,-98.47
16468.84,-149.42,-139.42,-129.41,-119.47,-109.48,-148.46,-138.36,-128.49,-118.41,-108.41,-147.33,-137.40,-127.38,-117.39,-107.36,-146.43,-136.41,-126.45,-116.41,-106.37,-145.47,-135.43,-125.44,-115.50,-105.48,-144.34,-134.34,-124.41,-114.34,-104.34,-143.41,-133.43,-123.44,-113.42,-103.46,-142.46,-132.39,-122.46,-112.49,-102.46,-141.44,-131.40,-121.44,-111.49,-101.37,-140.38,-130.36,-120.45,-110.36,-100.41,-139.51,-129.43,-119.41,-109.52,-99.43,-138.48,-128.43,-118.44,-108.36,-98.42
16951.41,-149.48,-139.49,-129.41,-119.44,-109.46,-148.42,-138.43,-128.44,-118.40,-108.35,-147.44,-137.36,-127.45,-117.39,-107.33,-146.42,-136.47,-126.38,-116.41,-106.38,-145.39,-135.46,-125.44,-115.49,-105.44,-144.41,-134.36,-124.42,-114.36,-104.43,-143.47,-133.41,-123.44,-113.43,-103.43,-142.40,-132.38,-122.50,-112.49,-102.43,-141.36,-131.42,-121.45,-111.46,-101.47,-140.45,-130.41,-120.36,-110.42,-100.43,-139.42,-129.45,-119.43,-109.41,-99.46,-138.46,-128.43,-118.44,-108.45,-98.45
17448.12,-149.46,-139.41,-129.42,-119.47,-109.42,-148.48,-138.44,-128.41,-118.40,-108.41,-147.38,-137.41,-127.41,-117.36,-107.37,-146.41,-136.45,-126.40,-116.45,-106.44,-145.44,-135.48,-125.44,-115.44,-105.40,-144.42,-134.39,-124.39,-114.40,-104.38,-143.39,-133.45,-123.42,-113.40,-103.40,-142.40,-132.47,-122.41,-112.42,-102.44,-141.44,-131.41,-121.41,-111.46,-101.44,-140.45,-130.41,-120.41,-110.45,-100.33,-139.40,-129.40,-119.42,-109.41,-99.45,-138.44,-128.44,-118.48,-108.52,-98.46
17959.39,-149.43,-139.40,-129.45,-119.42,-109.44,-148.45,-138.45,-128.39,-118.43,-108.45,-147.39,-137.41,-127.38,-117.38,-107.35,-146.40,-136.44,-126.48,-116.49,-106.45,-145.44,-135.47,-125.42,-115.50,-105.52,-144.37,-134.36,-124.34,-114.39,-104.37,-143.40,-133.40,-123.48,-113.36,-103.40,-142.46,-132.41,-122.44,-112.44,-102.40,-141.40,-131.52,-121.43,-111.41,-101.42,-140.38,-130.42,-120.47,-110.40,-100.37,-139.43,-129.48,-119.48,-109.43,-99.47,-138.44,-128.46,-118.41,-108.47,-98.47
18485.64,-149.40,-139.37,-129.45,-119.41,-109.43,-148.46,-138.43,-128.39,-118.38,-108.46,-147.35,-137.40,-127.40,-117.33,-107.46,-146.46,-136.41,-126.46,-116.36,-106.42,-145.45,-135.43,-125.47,-115.45,-105.47,-144.36,-134.44,-124.37,-114.39,-104.42,-143.48,-133.30,-123.40,-113.40,-103.46,-142.44,-132.45,-122.47,-112.44,-102.43,-141.41,-131.39,-121.38,-111.45,-101.46,-140.37,-130.38,-120.43,-110.44,-100.47,-139.38,-129.46,-119.44,-109.37,-99.43,-138.42,-128.39,-118.45,-108.42,-98.47
19027.31,-149.46,-139.42,-129.42,-119.41,-109.43,-148.39,-138.42,-128.47,-118.44,-108.44,-147.35,-137.40,-127.33,-117.37,-107.38,-146.37,-136.41,-126.41,-116.42,-106.42,-145.48,-135.50,-125.46,-115.48,-105.44,-144.39,-134.42,-124.44,-114.33,-104.37,-143.41,-133.45,-123.42,-113.43,-103.43,-142.44,-132.50,-122.43,-112.44,-102.46,-141.43,-131.43,-121.39,-111.48,-101.41,-140.38,-130.39,-120.42,-110.37,-100.39,-139.38,-129.40,-119.39,-109.40,-99.42,-138.40,-128.44,-118.40,-108.39,-98.46
19584.86,-149.41,-139.42,-129.38,-119.47,-109.42,-148.43,-138.47,-128.46,-118.43,-108.43,-147.42,-137.37,-127.38,-117.39,-107.36,-146.49,-136.43,-126.38,-116.41,-106.44,-145.46,-135.49,-125.45,-115.46,-105.48,-144.43,-134.40,-124.36,-114.34,-104.39,-143.46,-133.41,-123.38,-113.43,-103.41,-142.47,-132.50,-122.47,-112.47,-102.45,-141.38,-131.38,-121.46,-111.41,-101.45,-140.43,-130.35,-120.33,-110.40,-100.41,-139.41,-129.42,-119.43,-109.43,-99.49,-138.43,-128.40,-118.46,-108.41,-98.44
20158.74,-149.41,-139.48,-129.47,-119.37,-109.40,-148.42,-138.43,-128.44,-118.42,-108.47,-147.37,-137.38,-127.42,-117.47,-107.40,-146.42,-136.40,-126.39,-116.41,-106.46,-145.44,-135.51,-125.44,-115.42,-105.44,-144.38,-134.30,-124.39,-114.35,-104.41,-143.47,-133.40,-123.42,-113.41,-103.39,-142.41,-132.44,-122.42,-112.43,-102.44,-141.41,-131.46,-121.45,-111.47,-101.42,-140.45,-130.38,-120.36,-110.41,-100.43,-139.44,-129.43,-119.43,-109.43,-99.44,-138.44,-128.40,-118.48,-108.45,-98.38
20749.43,-149.46,-139.45,-129.40,-119.44,-109.37,-148.36,-138.46,-128.43,-118.43,-108.46,-147.39,-137.41,-127.35,-117.39,-107.35,-146.40,-136.44,-126.40,-116.40,-106.44,-145.44,-135.43,-125.44,-115.46,-105.39,-144.39,-134.39,-124.29,-114.36,-104.39,-143.43,-133.42,-123.48,-113.40,-103.43,-142.43,-132.46,-122.42,-112.43,-102.45,-141.41,-131.46,-121.48,-111.43,-101.45,-140.44,-130.41,-120.42,-110.35,-100.35,-139.42,-129.43,-119.43,-109.46,-99.38,-138.47,-128.44,-118.44,-108.42,-98.44
21357.44,-149.41,-139.40,-129.43,-119.44,-109.51,-148.47,-138.36,-128.41,-118.38,-108.48,-147.40,-137.40,-127.39,-117.38,-107.34,-146.43,-136.40,-126.43,-116.39,-106.46,-145.51,-135.44,-125.43,-115.52,-105.48,-144.33,-134.40,-124.35,-114.39,-104.36,-143.45,-133.43,-123.40,-113.41,-103.43,-142.43,-132.44,-122.44,-112.41,-102.47,-141.44,-131.48,-121.44,-111.43,-101.41,-140.37,-130.45,-120.43,-110.38,-100.42,-139.41,-129.46,-119.40,-109.41,-99.39,-138.44,-128.47,-118.43,-108.47,-98.47
21983.26,-149.45,-139.43,-129.43,-119.38,-109.42,-148.45,-138.38,-128.40,-118.44,-108.39,-147.37,-137.45,-127.47,-117.39,-107.38,-146.39,-136.42,-126.42,-116.40,-106.39,-145.44,-135.42,-125.47,-115.43,-105.41,-144.38,-134.36,-124.39,-114.40,-104.37,-143.46,-133.40,-123.44,-113.38,-103.37,-142.42,-132.45,-122.46,-112.48,-102.45,-141.43,-131.47,-121.42,-111.42,-101.46,-140.42,-130.39,-120.42,-110.37,-100.40,-139.42,-129.40,-119.43,-109.46,-99.41,-138.44,-128.41,-118.46,-108.44,-98.40
22627.42,-149.43,-139.44,-129.44,-119.42,-109.38,-148.42,-138.41,-128.40,-118.43,-108.38,-147.36,-137.36,-127.34,-117.39,-107.39,-146.42,-136.40,-126.42,-116.43,-106.41,-145.45,-135.48,-125.49,-115.43,-105.46,-144.37,-134.39,-124.37,-114.43,-104.39,-143.42,-133.46,-123.41,-113.44,-103.41,-142.42,-132.46,-122.44,-112.46,-102.50,-141.43,-131.40,-121.50,-111.41,-101.39,-140.37,-130.42,-120.36,-110.36,-100.39,-139.45,-129.46,-119.42,-109.42,-99.41,-138.44,-128.43,-118.42,-108.46,-98.45
23290.45,-149.42,-139.43,-129.41,-119.42,-109.42,-148.44,-138.45,-128.45,-118.45,-108.43,-147.35,-137.43,-127.43,-117.38,-107.40,-146.40,-136.39,-126.39,-116.39,-106.43,-145.44,-135.43,-125.50,-115.48,-105.50,-144.32,-134.37,-124.41,-114.36,-104.38,-143.38,-133.46,-123.41,-113.42,-103.46,-142.43,-132.45,-122.44,-112.44,-102.48,-141.43,-131.42,-121.43,-111.46,-101.47,-140.42,-130.41,-120.41,-110.39,-100.38,-139.47,-129.43,-119.39,-109.42,-99.43,-138.46,-128.44,-118.38,-108.44,-98.41
